Account ID,Managed by
44816937,
44903156,
45665101,
45665123,
46344720,
46347933,
46347943,
46348142,
46348214,
46348245,
46348257,
46348294,
46348309,
46345591,
46345620,
46345626,
46345627,
46345687,
46345695,
46345767,
46345776,
46345865,
46345880,
46345911,
46345900,
46345957,
46345964,
46346044,
46344832,
46345056,
46345061,
46345262,
46345277,
46345307,
46345319,
46345436,
46345444,
46345546,
46348562,
46348585,
46348622,
46348737,
46348753,
46348917,
46348957,
46349028,
46349055,
46349100,
46349127,
46349159,
46349178,
46347336,
46347347,
46347382,
46347376,
46347469,
46347446,
46347625,
46347720,
46347810,
46347869,
46347913,
46349215,
46349319,
46349435,
46349467,
46349488,
46349485,
46349625,
46349693,
46349832,
46350322,
46354805,
46354839,
46354880,
46354882,
46354981,
46355033,
46355070,
46355130,
46355231,
46355272,
46355347,
46355359,
46355383,
46355437,
46355472,
46355567,
46355578,
46351135,
46352091,
46352302,
46352663,
46359289,
46359889,
46359967,
46359989,
46360672,
46362473,
46362488,
46362676,
46356667,
46356768,
46356800,
46356812,
46356819,
46356827,
46356841,
46356908,
46356971,
46357165,
46357202,
46357191,
46357200,
46357233,
46357245,
46357238,
46355675,
46355750,
46355857,
46355846,
46355867,
46355908,
46355913,
46355921,
46356039,
46356139,
46356243,
46356277,
46356298,
46356316,
46356318,
46353406,
46353454,
46353681,
46353929,
46353935,
46354425,
46354415,
46354444,
46354464,
46354488,
46354502,
46354519,
46354526,
46354506,
46354547,
46354607,
46354592,
46362788,
46362794,
46362811,
46365505,
46365501,
46365632,
46365765,
46357333,
46357339,
46357393,
46357604,
46357646,
46357692,
46357765,
46357928,
46357964,
46358147,
46358288,
46358323,
46358327,
46358328,
46358614,
46358618,
46358645,
46358701,
50891185,
50891404,
50891439,
50891511,
50937216,
50752413,
50752428,
50752461,
50752479,
50752488,
50752486,
50752538,
50752544,
50752551,
50752596,
50752611,
50752631,
50752633,
50752696,
50752709,
50752712,
50752693,
50752711,
50752706,
50752735,
50752736,
50752747,
50877603,
50890351,
50717873,
50717927,
50717953,
50719214,
50719238,
50719467,
50719463,
50719469,
50719496,
50719555,
50719559,
50719564,
50719575,
50719600,
50719606,
50719636,
50719671,
46369249,
46370401,
46370723,
46371187,
46371180,
48254128,
48254141,
48254276,
48254439,
50537690,
46365857,
46366526,
46366735,
46366914,
46366910,
46367292,
46367382,
46367388,
46369141,
46369177,
50707642,
50707696,
50707995,
50708263,
50708268,
50708313,
50708325,
50708403,
50716837,
50716851,
50716969,
50717061,
50717058,
50717062,
51034692,
51034700,
50937986,
50938180,
50938248,
50938314,
50937566,
50937592,
50937595,
50937752,
50937871,
51043465,
51043593,
51044432,
51044634,
51044683,
51044889,
51045106,
50938392,
50938492,
51011393,
51535984,
51655984,
51665215,
51815300,
51815383,
51815436,
51815448,
51815467,
51815482,
51815509,
51815633,
51815644,
51815658,
51679188,
51815133,
51815143,
51815687,
51815720,
51815731,
51815833,
51815847,
51815858,
51815953,
51815965,
51815976,
51815995,
51837078,
51837118,
51837121,
51816055,
51820268,
51836629,
51837637,
51837632,
51837740,
51837768,
51911652,
51911662,
51913012,
51913566,
51913603,
51913616,
51932038,
51932053,
51932080,
51893352,
51893373,
51893413,
51893418,
51893420,
51893429,
51893464,
51893454,
51893472,
51893488,
51893561,
51893570,
51893584,
51893026,
51893123,
51893130,
51893146,
51893149,
51893145,
51893153,
51893325,
51893340,
51837198,
51837193,
51837210,
51837215,
51837214,
51837216,
51837228,
51837259,
51837347,
51837368,
51837376,
51837452,
51837458,
51837476,
51837481,
51892760,
51892786,
51892850,
51892859,
51892864,
51892868,
51892870,
51892881,
51892882,
51892889,
51892896,
51892884,
51892964,
51893001,
52056985,
52056986,
52057023,
52057235,
52057483,
52057493,
52057739,
52057769,
52057846,
52058061,
52058240,
52058314,
52058303,
52058325,
52058348,
52058585,
52058604,
52058886,
52069195,
52069342,
52069409,
52069802,
52069799,
52070012,
52070076,
52070078,
51932174,
51932212,
51932240,
51932242,
51932313,
51932382,
51932379,
51932392,
51932388,
51932561,
51932567,
52058937,
52058979,
52059310,
52059322,
52059363,
52068686,
52068821,
51932770,
51932805,
51932812,
51932817,
51932857,
51932905,
51933251,
51933297,
51933295,
51933310,
51933331,
51933412,
52070773,
52071045,
52104072,
52106748,
52108900,
52109013,
52110605,
52111315,
52117378,
51934261,
51934267,
51934286,
51934289,
51934324,
51934319,
51934321,
51934332,
51934343,
51934357,
51934352,
51934405,
51934422,
51934433,
52915778,
52917676,
52918956,
52919169,
52919973,
52920025,
52655405,
52655420,
52655428,
52656982,
52657005,
52657316,
52657324,
52419952,
52419953,
52420053,
52420059,
52420085,
52420230,
52664510,
52772196,
52772248,
52801421,
52801447,
52801532,
52801493,
52841365,
52841692,
52778058,
52779316,
52779305,
52792907,
52797693,
52798043,
52799932,
52801339,
52801323,
52122259,
52122311,
52136895,
52419477,
52419506,
52419634,
52419758,
52420240,
52420242,
52420350,
52420448,
52423499,
53105537,
53105578,
53105665,
53105765,
53106540,
53107549,
53107670,
53107722,
53107950,
53107957,
52923508,
52923662,
52923766,
52923939,
52924297,
52924365,
52924665,
53108005,
53108132,
53108154,
53108799,
53109199,
53109471,
53110865,
53110985,
53115200,
53009364,
53010583,
53012753,
53103986,
53104252,
53104419,
53104438,
53104490,
53104551,
53104738,
53104834,
53105293,
52969134,
52969560,
52970794,
52970991,
52979903,
52979947,
52980218,
53013916,
53014350,
53102062,
53103090,
53103841,
52921079,
52922557,
52922654,
52923161,
53182957,
53182998,
53183045,
53194375,
53159464,
53159467,
53159476,
53159502,
53159599,
53159669,
53159654,
53159670,
53159682,
53159694,
53159708,
53159709,
53159746,
53182708,
53182726,
53182769,
53182778,
53182793,
53159184,
53159414,
53159425,
53115400,
53136897,
53136904,
53136927,
53136984,
53136987,
53136988,
53137025,
53137055,
53137053,
53137086,
53137298,
53137338,
53137328,
53137342,
53137345,
53137348,
53137355,
53137359,
53137382,
53137465,
60540315,
60613158,
60613169,
60613173,
60613177,
60898484,
58026195,
58026199,
58026226,
58026257,
58026323,
58026363,
58026625,
58026672,
58026696,
58026711,
58026717,
58026767,
58026769,
58026770,
58026793,
58024738,
58024810,
58024875,
58024877,
58024890,
58024914,
58024909,
58024939,
58024991,
58025434,
58025501,
60898562,
60898572,
58028737,
58030178,
58030175,
58030189,
58030238,
58030262,
58030275,
58030276,
58030291,
58030306,
58030323,
58030324,
58030332,
58025696,
58025723,
58025763,
58025773,
58025793,
58025830,
58025837,
58025855,
58025868,
58025944,
58025992,
58026064,
58026103,
58026106,
58026117,
58027450,
58027447,
58027570,
58027598,
58027597,
58028426,
58028410,
58028428,
58028470,
58028480,
60898759,
60898786,
60898884,
60898889,
60898896,
60898899,
60898910,
60898920,
60898927,
62984401,
62984439,
64921907,
64921908,
64921915,
64921919,
64921916,
64921917,
64921921,
64921920,
64921923,
64921926,
64921931,
64921937,
60899348,
60899364,
60899382,
60899423,
60899443,
62984160,
60899453,
60899478,
60899543,
60899557,
60899562,
66091643,
66091663,
66091674,
66091672,
66091685,
64921987,
64922028,
64922075,
64922083,
64922097,
64922135,
64922156,
64922142,
64922177,
64922173,
64922204,
64922236,
64922276,
64922287,
64922293,
64922306,
66090952,
66090959,
66090961,
66090974,
66090985,
66090996,
66090994,
66091010,
66091009,
66091141,
66090749,
66090812,
66090833,
66090857,
66090881,
66090904,
66090912,
66090921,
66090923,
66090932,
66091381,
66091428,
66090418,
66090431,
66090454,
66090465,
66090469,
66090478,
66090483,
66090502,
66090136,
66090178,
66090205,
66090206,
66090215,
66090232,
66090236,
66090269,
66090273,
66090279,
66090326,
66090377,
66090380,
66090386,
66090384,
66090399,
64922384,
64922422,
64922459,
64922465,
64922493,
64922500,
64922495,
64922528,
64922540,
64922555,
64922645,
90755434,
66091706,
66091701,
66091712,
66091714,
66091771,
66091786,
66091788,
66091804,
66091835,
66091849,
66091937,
89441299,
66091975,
66092778,
90757949,
90757990,
90755514,
90755568,
90755573,
90755566,
90755677,
90755782,
90755982,
90756044,
90756093,
90756127,
90756920,
90756931,
90757488,
90757492,
90757659,
90757660,
91748149,
91748117,
91748150,
91748308,
91749938,
93410571,
105049724,
105039284,
105040174,
105040760,
105040769,
105041342,
105043012,
105025639,
105012923,
104994936,
104995945,
104995952,
105009028,
105033669,
105001928,
105084379,
105084420,
105066398,
105067784,
105067962,
105068520,
105064727,
105065555,
105083145,
105050703,
105050717,
105050721,
105054606,
105083400,
105083401,
105083497,
105092098,
105092141,
105092282,
105092393,
105089363,
105089367,
105089490,
105089516,
105090100,
105088462,
105089207,
105086996,
105091371,
105094706,
105095014,
105095070,
105095071,
105095065,
105095136,
105095276,
105095324,
105095454,
105095596,
105095647,
105097704,
105101250,
105101254,
105101717,
105093880,
105094285,
105094291,
105094383,
105099323,
105095961,
105096068,
105096142,
105096195,
105096335,
105096509,
105096618,
105096623,
105096651,
105096978,
105102246,
105102295,
105102431,
105102432,
105100021,
105100166,
105100435,
105105081,
105107555,
105110722,
105133081,
105134740,
105135025,
105135067,
105143314,
105127493,
105103616,
105103644,
105113335,
105136898,
105136930,
105137881,
105138231,
106570549,
105169159,
105171467,
105177336,
106999809,
107025117,
107145287,
107145288,
107145285,
107145405,
107145407,
107145410,
107145416,
108537023,
108537024,
40396438,
108547833,
108548914,
109017794,
109017797,
109017897,
109332344,
109603415,
109603466,
109607534,
109608120,
109332396,
109332489,
109332495,
109332520,
109333393,
108575840,
109587577,
109332956,
109803548,
109804298,
109616587,
109608390,
109616087,
109724177,
109730878,
109732627,
109674253,
109805791,
109805792,
109805858,
110139888,
110140343,
109819073,
110136734,
110136911,
110137212,
109805065,
109805474,
109805548,
109805655,
109804767,
109804833,
109805028,
109840530,
110134047,
110134080,
110134083,
110134127,
110134370,
110134371,
110134487,
110134560,
110135826,
110135845,
110135865,
110135910,
110135941,
110135946,
110387765,
110624739,
110885429,
110376075,
110549439,
110615042,
110377410,
111540269,
111227681,
111712254,
111714757,
111725968,
111725974,
111725987,
111725972,
112456679,
112487415,
112490083,
112495662,
111687008,
111687007,
112328821,
111796800,
111796831,
111816172,
111816171,
111816176,
114171850,
114208105,
114398927,
113301123,
113315632,
113398324,
113562534,
113562533,
113562535,
113562536,
113562542,
113562541,
113562538,
113562545,
113562540,
113562537,
113177547,
114389229,
114388738,
114389291,
114389627,
114388948,
114391150,
114390721,
114389958,
114390957,
114392749,
113743050,
113772989,
113772987,
113772991,
113772992,
113772994,
113772990,
113772995,
113807693,
113899555,
115038225,
115067182,
114885836,
114897301,
114959597,
115499163,
115662362,
115711914,
114403077,
114403878,
114408268,
115340453,
115410235,
118078811,
117036689,
117036175,
117061565,
117444518,
117512107,
116128172,
116584750,
116732024,
117018942,
118942782,
118943017,
118943040,
118942818,
118942935,
118942752,
118943083,
118943115,
118943085,
118943114,
118943084,
118943113,
118943203,
118943161,
118943163,
118943219,
118943098,
118943454,
118943220,
118943221,
118943453,
118943452,
118943352,
118943416,
118943308,
118943260,
118943470,
118943678,
118943526,
118943584,
118333043,
118322798,
118315874,
118316621,
118958684,
118958687,
118958695,
118958692,
118958701,
118958823,
118958825,
118958706,
118958829,
118958699,
119142031,
119142368,
119143632,
119145985,
119232515,
119232533,
119316125,
119921830,
120025314,
120605610,
120870537,
119368945,
119368162,
120446408,
120448510,
120105794,
120106013,
120131224,
120148622,
120236520,
120243418,
120264723,
120269979,
120350396,
120967093,
121158550,
120044674,
120076226,
120076227,
120078566,
120089796,
120090020,
120092033,
120092189,
120099455,
120098904,
121929591,
121929959,
121929960,
121930988,
121931260,
121931104,
121931257,
121934065,
121934062,
121932745,
121934091,
121937632,
121938075,
121939278,
121939281,
121939694,
121940240,
121941211,
121940531,
121941919,
121942212,
121942821,
122039850,
122039851,
122040065,
122039955,
122040067,
122039847,
122039849,
122040445,
122040209,
122040449,
122040448,
122040073,
122040210,
122040070,
122040835,
122040836,
122040834,
122040832,
122040720,
122040982,
122040983,
122040452,
122040984,
122041180,
122041436,
122040985,
122041438,
122041175,
122041651,
122041871,
122041655,
122041659,
122041658,
122041660,
122041869,
122041874,
122042081,
122042272,
122042086,
122042438,
122042439,
122042436,
122042457,
122042455,
122042434,
122042440,
122042807,
122042810,
122042657,
122042658,
122042809,
122042808,
122043439,
122042818,
122042659,
122043444,
122043452,
122043448,
122043446,
122043440,
122043449,
122043450,
122043453,
122044049,
122044048,
122044035,
122044045,
122044038,
122044043,
122044482,
122044256,
122044480,
122044485,
122044263,
122044483,
122044259,
122044486,
122044261,
122056604,
122056607,
122056608,
122056611,
122056618,
122056617,
122056629,
122056620,
122056638,
122056645,
122056627,
122056621,
122056647,
122056623,
122056660,
122056651,
122056657,
122056656,
122056649,
122056648,
122056662,
122056682,
122056675,
122056669,
122056686,
122056681,
122056684,
122056667,
122056739,
122056743,
122056687,
122056740,
122056742,
122056689,
122056745,
122056759,
122056750,
122056746,
122056751,
122056756,
122056757,
122056748,
122056761,
122056766,
122056763,
122056764,
122056768,
122056769,
122056771,
122056767,
122056772,
122056774,
122056776,
122056784,
122056780,
122056781,
122056778,
122056787,
122056779,
122056782,
122056786,
122056946,
122056792,
122056789,
122057000,
122056948,
122057103,
122056950,
122056793,
122057156,
122057105,
122057249,
122057253,
122057256,
122057254,
122057260,
122057475,
122057479,
122057477,
122057480,
122057488,
122057489,
122057492,
122057491,
122057494,
122057495,
122057498,
122057502,
122057505,
122057508,
122057510,
122057513,
122057514,
122057511,
122057516,
122057518,
122057521,
122057522,
122057527,
122057528,
122057530,
122057533,
122057532,
122057534,
122057535,
122057538,
122057540,
122057543,
122057545,
122057548,
122057547,
122057550,
122057831,
122057876,
122057880,
122057830,
122057877,
122057869,
122057870,
122057895,
122057886,
122057899,
122057897,
122057910,
122057893,
122057892,
122057913,
122057914,
122057917,
122057911,
122057918,
122057915,
122058069,
122058070,
122058065,
122058393,
122058395,
122058396,
122058499,
122058501,
122058503,
122058502,
122058511,
122058506,
122058512,
122058510,
122058507,
122058509,
122058514,
122058529,
122058518,
122058531,
122058516,
122058524,
122058515,
122058523,
122058519,
122058525,
122058521,
122058642,
122058533,
122058540,
122058570,
122058643,
122058535,
122058534,
122058669,
122058692,
122058695,
122058696,
122058698,
122058766,
122059213,
122059214,
122058765,
122059249,
122059375,
122059397,
122059398,
122059469,
122059468,
122059289,
122059449,
122059373,
122059374,
122059571,
122059572,
122059535,
122059692,
122059570,
122059637,
122059752,
122059487,
122059617,
122059470,
122059756,
122060052,
122059949,
122059754,
122059853,
122059948,
122060103,
122060104,
122059817,
122059852,
122060139,
122060105,
122060141,
122059913,
122060053,
122060140,
122060262,
122061072,
122061073,
122061074,
122060263,
122061076,
122061075,
122061077,
122061078,
122061081,
122061082,
122061080,
122061083,
122061079,
122061084,
122061085,
121906882,
121910413,
121913704,
121913703,
121914121,
121917262,
121919542,
121922362,
121922546,
121922548,
121925150,
121925446,
121925782,
121926631,
121928397,
121943011,
121943258,
121943422,
121943533,
121943693,
121944415,
121944030,
121944416,
121944673,
121944676,
121945584,
121945585,
121946381,
121946730,
121948045,
121948050,
121949974,
121951369,
121951732,
121951734,
121952059,
121953319,
121953317,
121955063,
121954375,
121955588,
121956120,
121956383,
121956384,
121956590,
121957392,
121957892,
121958046,
121958310,
121958521,
121958786,
121958793,
121959235,
121959462,
121959668,
121959669,
121960168,
121960765,
121961080,
121961083,
121961636,
121961922,
121963002,
121962484,
121963599,
121963363,
121963726,
121963435,
121963985,
121964726,
121964724,
121964835,
121965096,
121965626,
121965627,
121965827,
121966445,
121966889,
121967085,
121968006,
121968167,
121968554,
121969158,
121968427,
121969552,
121969626,
121970399,
121969625,
121970075,
121969793,
121970434,
121970074,
121970886,
121970887,
121970888,
121970613,
121971119,
121971434,
121971832,
121972066,
121972412,
121972413,
121972525,
121972526,
121973211,
121972597,
121973212,
121973413,
121973651,
121975163,
121975266,
121975265,
121975642,
121976088,
121975476,
121976722,
121977500,
121977861,
121980284,
121980654,
121981124,
121981480,
121981482,
121981980,
121982291,
121994642,
121994646,
121994649,
121994652,
121994897,
121994923,
121994960,
121995075,
121995327,
121995334,
121995338,
121995357,
121995359,
121995369,
121995370,
121995382,
121995383,
121995384,
121995385,
121995387,
121995388,
121995592,
121995597,
121995598,
121995895,
121997407,
121998099,
121998756,
122001888,
122003780,
122006348,
122004495,
122007496,
122007515,
122007934,
122007931,
122008460,
122008463,
122008473,
122008466,
122011093,
122011556,
122011085,
122030119,
122030339,
122030122,
122030118,
122030695,
122030674,
122030641,
122030683,
122030716,
122030697,
122030712,
122031053,
122031068,
122031416,
122031413,
122031435,
122031795,
122031789,
122031798,
122031813,
122031845,
122031910,
122031912,
122032107,
122032412,
122032414,
122032411,
122032679,
122032695,
122032711,
122032709,
122032706,
122032733,
122032731,
122032749,
122032752,
122032919,
122032750,
122032954,
122032928,
122032920,
122033171,
122033173,
122033174,
122033190,
122033206,
122033227,
122033209,
122033235,
122033239,
122033257,
122033258,
122033260,
122033400,
122033398,
122033404,
122033411,
122033942,
122034298,
122034763,
122034326,
122034322,
122034768,
122035240,
122035940,
122035941,
122035947,
122036610,
122036603,
122035945,
122037239,
122036609,
122036616,
122037240,
122037709,
122038142,
122038138,
122038143,
122038595,
122038599,
122038593,
122038600,
122038959,
122038960,
122039300,
122039304,
122039593,
122039845,
122039846,
122061086,
122061567,
122061089,
122061114,
122061665,
122061678,
122061813,
122061875,
122062117,
122062232,
122062307,
122062346,
122062347,
122062323,
122062377,
122062497,
122062498,
122062529,
122062528,
122062530,
122062598,
122062600,
122062599,
122062685,
122062725,
122062726,
122062764,
122062727,
122062893,
122062941,
122062951,
122062999,
122062998,
122063173,
122063383,
122063399,
122063647,
122063844,
122063907,
122064126,
122063906,
122064060,
122064479,
122064213,
122064194,
122064902,
122065412,
122067872,
122067873,
122067828,
122067932,
122067933,
122067956,
122067934,
122067967,
122068025,
122068051,
122068120,
122068119,
122068027,
122068154,
122068197,
122068156,
122068220,
122068204,
122068274,
122068231,
122068275,
122068280,
122068308,
122068307,
122068346,
122068373,
122068383,
122068374,
122068417,
122068440,
122076669,
122076767,
122077619,
122077622,
122077623,
122077625,
122077627,
122077626,
122077638,
122077634,
122077646,
122077653,
122077794,
122077655,
122077798,
122077807,
122077815,
122077817,
122078012,
122078037,
122078049,
122078057,
122078112,
122078113,
122078116,
122078117,
122078154,
122078155,
122078168,
122078364,
122078365,
122078171,
122078366,
122078368,
122078477,
122078476,
122078478,
122078481,
122078486,
122078483,
122078482,
122078489,
122078490,
122078535,
122078536,
122078537,
122078538,
122078579,
122078580,
122078581,
122078582,
122078585,
122078586,
122078595,
122078597,
122078778,
122078810,
122078806,
122078857,
122078841,
122078855,
122078814,
122078858,
122078870,
122093900,
122093890,
122093892,
122093888,
122093898,
122093893,
122093896,
122093886,
122093901,
122093909,
122093912,
122093902,
122093908,
122093920,
122093915,
122093918,
122093913,
122093917,
122094265,
122093923,
122094267,
122094266,
122094253,
122094247,
122094245,
122094257,
122094251,
122094273,
122094275,
122094283,
122094282,
122094271,
122094286,
122095127,
122094290,
122094680,
122094685,
122094292,
122094682,
122094689,
122095130,
122095132,
122095142,
122095143,
122095138,
122095144,
122095179,
122095158,
122095174,
122095163,
122095201,
122095185,
122095191,
122095202,
122095193,
122095200,
122095187,
122095186,
122095210,
122095217,
122095206,
122095211,
122095221,
122095209,
122095222,
122095223,
122095230,
122095224,
122095232,
122095243,
122095231,
122095239,
122095236,
122095245,
122095248,
122095637,
122095376,
122096047,
122097433,
122097735,
122097126,
122098404,
122098418,
122098396,
122098759,
122098760,
122099544,
122099566,
122099109,
122100283,
122099600,
122099793,
122100026,
122100445,
122100468,
122100534,
122100535,
122100637,
122100511,
122100563,
122100587,
122100726,
122100727,
122101306,
122100899,
122101305,
122101307,
122101308,
122100828,
122101378,
122101432,
122101407,
122101540,
122101462,
122101571,
122101747,
122101901,
122101609,
122102055,
122102235,
122101610,
122101661,
122102256,
122102329,
122102877,
122102656,
122102992,
122103094,
122102401,
122102900,
122103278,
122103359,
122103477,
122103357,
122103540,
122103922,
122103799,
122103971,
122104271,
122104970,
122105098,
122105102,
122105103,
122105104,
122105105,
122105106,
122105107,
122136969,
122136970,
122136973,
122136974,
122137073,
122137076,
122137077,
122137078,
122137079,
122137081,
122137085,
122137084,
122137082,
122137083,
122137093,
122137098,
122137158,
122137131,
122137156,
122137157,
122137105,
122137103,
122137102,
122137214,
122137268,
122137265,
122137216,
122137267,
122137215,
122137278,
122137272,
122137274,
122137311,
122137280,
122137310,
122137345,
122137426,
122137312,
122137427,
122137343,
122137425,
122137546,
122137547,
122137548,
122137569,
122137570,
122137630,
122137574,
122137629,
122137631,
122137632,
122144189,
122137633,
122144190,
122144192,
122144188,
122144193,
122144196,
122144205,
122144201,
122144200,
122144204,
122144203,
122144208,
122144215,
122144212,
122144211,
122144214,
122144220,
122144213,
122144222,
122144210,
122144217,
122144223,
122144224,
122144225,
122144242,
122144243,
122144247,
122144248,
122144249,
122144250,
122144246,
122144262,
122144260,
122144251,
122144285,
122144286,
122144288,
122144289,
122144344,
122144290,
122144340,
122144350,
122144351,
122144499,
122144502,
122144503,
122144505,
122144592,
122144593,
122144596,
122144637,
122144645,
122144641,
122144638,
122144646,
122144648,
122144657,
122144697,
122144698,
122144664,
122144658,
122144665,
122144699,
122144700,
122144749,
122144703,
122144745,
122144748,
122144756,
122144746,
122144744,
122144750,
122144758,
122154777,
122144802,
122154778,
122154801,
122144800,
122154885,
122154803,
122154851,
122154907,
122154802,
122154931,
122155043,
122155013,
122155102,
122154999,
122155027,
122155094,
122155062,
122155351,
122155263,
122155319,
122155125,
122155349,
122155148,
122155350,
122155398,
122168592,
122155419,
122168612,
122155420,
122168590,
122155399,
122078872,
122078874,
122078875,
122078880,
122078881,
122078882,
122078884,
122078902,
122078908,
122078907,
122078904,
122078919,
122078920,
122078921,
122078922,
122078925,
122078927,
122078930,
122078931,
122078932,
122078933,
122078934,
122078936,
122078935,
122078937,
122078940,
122078942,
122078941,
122078943,
122078945,
122078946,
122078947,
122078948,
122078951,
122078955,
122078956,
122078957,
122078958,
122078959,
122078978,
122079013,
122079014,
122079016,
122079059,
122079060,
122079017,
122079061,
122079062,
122079063,
122079680,
122079691,
122079692,
122079693,
122079695,
122079696,
122079697,
122079699,
122079701,
122079702,
122079705,
122079826,
122079706,
122079828,
122079829,
122079832,
122079833,
122079836,
122079839,
122079840,
122079841,
122079846,
122079847,
122079843,
122079848,
122079850,
122079852,
122079854,
122079859,
122079861,
122079860,
122079865,
122079866,
122079867,
122079869,
122079870,
122079872,
122079874,
122079876,
122079878,
122079877,
122079879,
122079880,
122079883,
122079884,
122079885,
122080033,
122079887,
122080036,
122080038,
122080039,
122080040,
122080042,
122080041,
122080045,
122080046,
122080202,
122080348,
122080204,
122080531,
122080534,
122080538,
122080539,
122080752,
122080935,
122081122,
122081121,
122080937,
122081131,
122081305,
122081308,
122081307,
122081310,
122081311,
122081811,
122081507,
122081314,
122081817,
122093562,
122093577,
122093569,
122093578,
122093584,
122093587,
122093583,
122093588,
122093592,
122093594,
122093600,
122093595,
122093620,
122093625,
122093797,
122093619,
122093602,
122093799,
122093800,
122093803,
122093806,
122093808,
122093809,
122093810,
122093817,
122093812,
122093816,
122093821,
122093823,
122093814,
122093828,
122093829,
122093832,
122093836,
122093833,
122093837,
122093839,
122093843,
122093850,
122093858,
122093855,
122093863,
122093865,
122093867,
122093869,
122093875,
122093871,
122093877,
122093880,
122093883,
122093882,
122168635,
122168636,
122168644,
122168645,
122168649,
122168641,
122168652,
122168798,
122168799,
122168802,
122168807,
122168813,
122168818,
122168820,
122168831,
122168834,
122168889,
122168890,
122168911,
122168835,
122168915,
122168927,
122169006,
122169021,
122168925,
122169022,
122169024,
122169036,
122169098,
122169102,
122169219,
122169222,
122169225,
122169221,
122169286,
122169289,
122169288,
122169294,
122169295,
122169297,
122169298,
122169299,
122169312,
122169313,
122169317,
122169320,
122169321,
122169318,
122169358,
122169357,
122169359,
122169455,
122169456,
122169458,
122169462,
122169465,
122169469,
122169471,
122169476,
122169477,
122169479,
122169483,
122169540,
122169538,
122169541,
122169542,
122169543,
122169555,
122169557,
122169551,
122169544,
122169558,
122169559,
122169564,
122169568,
122169565,
122169570,
122169571,
122169574,
122169638,
122169645,
122169651,
122169654,
122169662,
122169660,
122169663,
122169666,
122169676,
122169675,
122169674,
122169683,
122169685,
122169793,
122169799,
122169806,
122169808,
122169812,
122129859,
122129860,
122129941,
122129861,
122129913,
122129960,
122129961,
122129995,
122129962,
122129994,
122129997,
122129996,
122129998,
122129992,
122130001,
122130003,
122130074,
122130002,
122130004,
122130075,
122130109,
122130150,
122130152,
122130258,
122130151,
122130260,
122130261,
122130292,
122130408,
122130336,
122130409,
122130369,
122130371,
122130368,
122130437,
122130438,
122130495,
122130536,
122130494,
122130493,
122130573,
122130620,
122130696,
122130575,
122130983,
122130781,
122130941,
122130874,
122130697,
122130872,
122130985,
122131306,
122131100,
122131307,
122131188,
122131092,
122130986,
122131503,
122131189,
122131505,
122131666,
122131827,
122131901,
122131835,
122131508,
122131665,
122131668,
122131507,
122132012,
122131972,
122132006,
122132013,
122132068,
122132069,
122136369,
122136381,
122132071,
122136360,
122136373,
122136331,
122136386,
122136384,
122136387,
122136391,
122136394,
122136397,
122136396,
122136401,
122136400,
122136398,
122136404,
122136399,
122136408,
122136418,
122136417,
122136419,
122136480,
122136422,
122136485,
122136421,
122136482,
122136481,
122136484,
122136488,
122136498,
122136501,
122136659,
122136489,
122136497,
122136700,
122136701,
122136741,
122136833,
122136841,
122136857,
122136856,
122136784,
122136834,
122136858,
122136867,
122136880,
122136876,
122136859,
122136871,
122136874,
122136863,
122136890,
122136901,
122136894,
122136899,
122136884,
122136900,
122136888,
122136904,
122136948,
122136951,
122136952,
122136953,
122136949,
122136955,
122136956,
122136964,
122136961,
122136960,
122136966,
122136965,
122136968,
122136967,
122169828,
122169835,
122169842,
122169850,
122169853,
122169915,
122169913,
122169920,
122169928,
122169930,
122169929,
122169931,
122169932,
122169934,
122169958,
122169960,
122169970,
122169979,
122170203,
122170384,
122170469,
122170559,
122170701,
122170703,
122170771,
122170960,
122170959,
122171094,
122171150,
122170962,
122171151,
122171237,
122171308,
122171364,
122171556,
122171666,
122171735,
122171734,
122171733,
122171736,
122171873,
122171880,
122172091,
122172090,
122172219,
122172425,
122172424,
122182625,
122172427,
122182627,
122182632,
122182636,
122182645,
122182643,
122105115,
122105116,
122105133,
122105134,
122105149,
122105135,
122105166,
122105203,
122105205,
122105206,
122105204,
122105215,
122105249,
122105247,
122105248,
122105228,
122105264,
122105279,
122105265,
122105266,
122105298,
122105307,
122105345,
122105371,
122105306,
122105372,
122105383,
122129263,
122129331,
122129335,
122129340,
122129344,
122129341,
122129345,
122129346,
122129352,
122129347,
122129350,
122129354,
122129358,
122129360,
122129359,
122129361,
122129363,
122129366,
122129364,
122129367,
122129370,
122129369,
122129373,
122129372,
122129374,
122129375,
122129418,
122129437,
122129439,
122129440,
122129441,
122129444,
122129445,
122129447,
122129448,
122129449,
122129450,
122129451,
122129454,
122129453,
122129466,
122129463,
122129468,
122129467,
122129469,
122129470,
122129472,
122129473,
122129471,
122129474,
122129475,
122129504,
122129505,
122129503,
122129524,
122129530,
122129508,
122129568,
122129528,
122129565,
122129588,
122129569,
122129592,
122129612,
122129590,
122129594,
122129613,
122129589,
122129616,
122129633,
122129657,
122129655,
122129659,
122129658,
122129668,
122129623,
122129678,
122129675,
122129670,
122129681,
122129671,
122129677,
122129682,
122129726,
122129722,
122129709,
122129719,
122129727,
122129683,
122129710,
122129728,
122129729,
122129737,
122129733,
122129740,
122129734,
122129730,
122129741,
122129742,
122129749,
122129743,
122129745,
122129747,
122129744,
122129751,
122129750,
122129767,
122129772,
122129774,
122129775,
122129769,
122129773,
122129777,
122129778,
122129785,
122129787,
122129789,
122129781,
122129780,
122129779,
122129790,
122129793,
122129791,
122129796,
122129832,
122129801,
122129802,
122129833,
122129804,
122129831,
122129805,
122129835,
122129803,
122129841,
122129847,
122129851,
122129850,
122129858,
122129844,
122248004,
122248302,
122248184,
122248505,
122248005,
122282176,
122282146,
122282606,
122283821,
122283447,
122283624,
122284116,
122283843,
122284134,
122284234,
122284140,
122284968,
122284970,
122284999,
122285010,
122285064,
122285065,
122285071,
122285070,
122285109,
122285113,
122285116,
122292845,
122292418,
122292931,
122292881,
122293017,
122293030,
122293115,
122293110,
122293188,
122293191,
122293189,
122293299,
122293310,
122293300,
122293302,
122293311,
122293480,
122304393,
122304645,
122293533,
122304648,
122304871,
122304873,
122305456,
122305926,
122305510,
122314036,
122328188,
122328189,
122328190,
122328363,
122335700,
122328328,
122335731,
122335726,
122335862,
122337814,
122336084,
122339250,
122339292,
122347678,
122347809,
122350477,
122383288,
122198802,
122198906,
122198964,
122199151,
122199152,
122199316,
122199357,
122199415,
122204300,
122204301,
122204304,
122204324,
122204335,
122204477,
122204478,
122204487,
122204493,
122204516,
122204597,
122204601,
122204594,
122204682,
122204763,
122204869,
122204773,
122204765,
122204873,
122204947,
122204955,
122204950,
122204948,
122204972,
122204974,
122205245,
122205357,
122205375,
122205390,
122205488,
122206297,
122531521,
122531523,
122531525,
122531527,
122206301,
122531519,
122531528,
122531746,
122531764,
122531748,
122531760,
122531758,
122531762,
122531754,
122531756,
122531765,
122531767,
122531956,
122531955,
122531943,
122531961,
122531769,
122531944,
122531954,
122531963,
122531960,
122532075,
122532068,
122532065,
122532064,
122532081,
122532062,
122532067,
122532074,
122532083,
122532084,
122532086,
122532087,
122532090,
122532088,
122532091,
122532089,
122532092,
122532301,
122532311,
122532315,
122532314,
122532316,
122532313,
122532094,
122532308,
122532312,
122532306,
122532317,
122532566,
122532318,
122532575,
122532319,
122532577,
122532574,
122532576,
122532573,
122532718,
122532578,
122532581,
122532715,
122532716,
122532579,
122532582,
122532580,
122532717,
122532719,
122532720,
122532727,
122532722,
122532728,
122532723,
122532725,
122532724,
122532942,
122532932,
122532951,
122532721,
122532726,
122532944,
122532928,
122533054,
122533050,
122532930,
122533049,
122533147,
122533055,
122532966,
122533146,
122532954,
122533148,
122533149,
122533150,
122533293,
122533157,
122533156,
122533154,
122533155,
122533294,
122533297,
122533303,
122533298,
122533325,
122533327,
122533304,
122533322,
122533329,
122533331,
122533338,
122533334,
122533336,
122533332,
122533340,
122533341,
122533345,
122533348,
122533343,
122533350,
122533335,
122533351,
122533339,
122533347,
122533352,
122533337,
122533415,
122533416,
122533413,
122533418,
122533354,
122533417,
122533411,
122533353,
122533414,
122533419,
122533521,
122533420,
122533524,
122533523,
122533520,
122533423,
122533522,
122533421,
122533529,
122533526,
122533747,
122533530,
122533753,
122533535,
122533761,
122533531,
122533760,
122533752,
122533763,
122534077,
122533767,
122533765,
122533777,
122533769,
122533771,
122533776,
122533773,
122533780,
122534090,
122534087,
122534103,
122534098,
122534086,
122534105,
122534083,
122534101,
122534096,
122534100,
122534405,
122534401,
122534406,
122534399,
122534107,
122534408,
122534412,
122534109,
122534409,
122534403,
122534420,
122534418,
122534414,
122534735,
122534734,
122534731,
122534732,
122206302,
122534415,
122534417,
122207168,
122207400,
122209074,
122209071,
122209665,
122209666,
122209934,
122209847,
122209850,
122210255,
122215447,
122215442,
122215450,
122215452,
122215469,
122215534,
122216181,
122216102,
122216093,
122216172,
122217364,
122216196,
122216304,
122217479,
122217482,
122217392,
122218802,
122218795,
122218798,
122219586,
122220261,
122220384,
122221089,
122221436,
122221633,
122220548,
122221632,
122221382,
122228826,
122228925,
122228922,
122228923,
122228933,
122229278,
122229291,
122229292,
122247375,
122247169,
122229304,
122409642,
122409652,
122449744,
122449883,
122449805,
122461764,
122450306,
122463816,
122462584,
122464006,
122464596,
122463963,
122465581,
122488792,
122465584,
122465829,
122489141,
122489034,
122489149,
122488883,
122489064,
122489596,
122489653,
122489655,
122529107,
122529108,
122529301,
122529309,
122529310,
122529628,
122529624,
122529313,
122529629,
122529632,
122529633,
122529622,
122529623,
122529864,
122529875,
122530123,
122529881,
122529877,
122529880,
122530122,
122530136,
122529878,
122529879,
122529882,
122529876,
122530138,
122530147,
122530141,
122530143,
122530140,
122530149,
122530142,
122530146,
122530148,
122530150,
122530248,
122530151,
122530247,
122530156,
122530252,
122530249,
122530251,
122530246,
122530253,
122530366,
122530255,
122530369,
122530365,
122530254,
122530367,
122530368,
122530256,
122530370,
122530604,
122530602,
122530609,
122530601,
122530603,
122530371,
122530612,
122530610,
122530605,
122530598,
122531133,
122531137,
122531138,
122531136,
122530766,
122530767,
122530760,
122530763,
122530613,
122530771,
122531162,
122531139,
122531140,
122531171,
122531508,
122531141,
122531175,
122531177,
122531513,
122531173,
122534743,
122534745,
122534747,
122531516,
122534741,
122534873,
122531515,
122534737,
122534874,
122534739,
122534880,
122534879,
122534875,
122534876,
122534891,
122534890,
122534887,
122534884,
122534893,
122534878,
122534909,
122535262,
122534905,
122534895,
122534904,
122534913,
122534906,
122534907,
122534912,
122534910,
122535269,
122535283,
122535281,
122535265,
122535282,
122535272,
122535270,
122535268,
122535280,
122535271,
122535284,
122535285,
122563517,
122535286,
122563512,
122563511,
122563510,
122563518,
122535287,
122563520,
122563521,
122563814,
122563813,
122563815,
122563816,
122563820,
122563821,
122563822,
122563818,
122563823,
122563824,
122563826,
122563825,
122563828,
122563831,
122563832,
122563829,
122563835,
122563833,
122563834,
122563836,
122563840,
122563839,
122563842,
122563843,
122563847,
122563837,
122563851,
122563857,
122563849,
122563853,
122563855,
122563867,
122563856,
122563850,
122563863,
122563865,
122563874,
122563888,
122563882,
122563894,
122563891,
122563885,
122563884,
122563892,
122563896,
122563875,
122563897,
122563901,
122563899,
122563902,
122563904,
122563903,
122563905,
122563906,
122563907,
122563918,
122563928,
122563915,
122563911,
122563917,
122563919,
122563933,
122563929,
122563920,
122563935,
122563937,
122563944,
122563938,
122563940,
122563936,
122563939,
122563950,
122563951,
122563946,
122563948,
122563957,
122563958,
122563952,
122563961,
122563964,
122563953,
122563955,
122563962,
122563965,
122563959,
122564013,
122563966,
122564012,
122564010,
122564011,
122563969,
122564014,
122564015,
122563970,
122564016,
122564018,
122564023,
122564019,
122564022,
122564024,
122564026,
122564025,
122564017,
122564021,
122564020,
122564029,
122564027,
122564032,
122564034,
122564035,
122564033,
122564031,
122564030,
122564028,
122564036,
122564037,
122564039,
122564053,
122564040,
122564038,
122564063,
122564043,
122564041,
122564062,
122564065,
122564068,
122564073,
122564070,
122564071,
122564075,
122564074,
122564069,
122564066,
122564076,
122564072,
122564092,
122564086,
122564088,
122564079,
122564091,
122564078,
122564090,
122564077,
122564081,
122564083,
122564100,
122564101,
122564097,
122564093,
122564095,
122564099,
122564096,
122564098,
122564094,
122564102,
122564112,
122564113,
122564105,
122564109,
122564104,
122564103,
122564110,
122564106,
122564107,
122564114,
122564116,
122564115,
122564117,
122564118,
122564121,
122564124,
122564119,
122564120,
122564122,
122564123,
122564126,
122564185,
122564127,
122564130,
122564186,
122564129,
122564132,
122564187,
122564131,
122564128,
122564194,
122564193,
122564202,
122564200,
122564196,
122564201,
122564190,
122564192,
122564216,
122564208,
122564217,
122564270,
122564213,
122564210,
122564204,
122564215,
122564206,
122564203,
122564271,
122564287,
122564278,
122564284,
122564290,
122564285,
122564289,
122564283,
122564280,
122564282,
122564293,
122564296,
122564292,
122564299,
122564294,
122564295,
122564301,
122564300,
122564298,
122564297,
122564309,
122564311,
122564308,
122564307,
122564305,
122564310,
122564302,
122564304,
122564303,
122564306,
122564316,
122564312,
122564320,
122564317,
122564319,
122564318,
122564315,
122564321,
122564313,
122564314,
122564325,
122564329,
122564327,
122564326,
122564322,
122564328,
122564330,
122564324,
122564323,
122564331,
122564336,
122564333,
122564367,
122564371,
122564368,
122564334,
122564369,
122564335,
122564370,
122564332,
122564378,
122564373,
122564375,
122564374,
122564377,
122564372,
122564384,
122564385,
122564383,
122564386,
122564391,
122564390,
122564392,
122564389,
122564387,
122564388,
122564393,
122564395,
122564396,
122564394,
122564401,
122564402,
122564404,
122564398,
122564399,
122564405,
122564406,
122564407,
122564397,
122564409,
122564408,
122564411,
122564412,
122564413,
122564410,
122564415,
122564416,
122564417,
122564414,
122564423,
122564422,
122564420,
122564418,
122564421,
122564419,
122564424,
122564426,
122564429,
122564431,
122564523,
122564432,
122564528,
122564526,
122564521,
122564530,
122564520,
122564535,
122564525,
122564533,
122564543,
122564552,
122564547,
122564545,
122564541,
122564555,
122564557,
122564537,
122564550,
122564548,
122564564,
122564561,
122564568,
122564559,
122564562,
122564571,
122564572,
122564566,
122564569,
122564574,
122572116,
122564586,
122564587,
122564582,
122564577,
122572122,
122564584,
122572120,
122564580,
122572125,
122572312,
122572309,
122572130,
122572134,
122572132,
122572124,
122572314,
122572129,
122572311,
122572324,
122572319,
122572316,
122572315,
122572318,
122572321,
122572322,
122572541,
122572542,
122572543,
122572559,
122572555,
122572544,
122572549,
122572558,
122572546,
122572900,
122572901,
122572551,
122572904,
122572908,
122572907,
122573023,
122573027,
122573026,
122573025,
122572905,
122573029,
122573115,
122573030,
122596732,
122573116,
122596724,
122596725,
122596722,
122573375,
122596729,
122596733,
122622921,
122622927,
122622924,
122622928,
122622936,
122622925,
122622937,
122622932,
122622929,
122622923,
122622934,
122622942,
122622952,
122622944,
122622950,
122622945,
122622947,
122622955,
122622953,
122622948,
122622940,
122623089,
122623082,
122623087,
122623088,
122623081,
122622956,
122623079,
122623083,
122623090,
122623084,
122623093,
122623098,
122623172,
122623095,
122623173,
122623168,
122623092,
122623096,
122623174,
122623094,
122623342,
122623340,
122623337,
122623335,
122623385,
122623383,
122623380,
122623382,
122623388,
122623427,
122623424,
122623426,
122623422,
122623390,
122623440,
122623389,
122623428,
122623425,
122623423,
122623487,
122623448,
122623485,
122623446,
122623441,
122623442,
122623443,
122623445,
122623489,
122623512,
122623517,
122623488,
122623516,
122623552,
122623513,
122623490,
122623514,
122623563,
122623553,
122623565,
122623564,
122623566,
122623585,
122623584,
122623586,
122623587,
122623588,
122623610,
122623592,
122623589,
122623590,
122623612,
122623591,
122623611,
122623616,
122623615,
122623614,
122623875,
122623618,
122623872,
122623870,
122623869,
122623864,
122623868,
122623873,
122623874,
122623871,
122623887,
122623888,
122623883,
122623884,
122623885,
122623876,
122623879,
122623878,
122623877,
122623881,
122565642,
122565644,
122623891,
122623893,
122623894,
122565649,
122623892,
122623890,
122565648,
122565661,
122565652,
122565662,
122565655,
122565651,
122565665,
122565669,
122565657,
122565664,
122565667,
122565677,
122565690,
122565675,
122565679,
122565694,
122565685,
122565688,
122565672,
122565683,
122565681,
122565818,
122565696,
122565816,
122565699,
122565700,
122565705,
122565819,
122565706,
122565702,
122565703,
122565832,
122565834,
122565827,
122565822,
122565831,
122565828,
122565825,
122565829,
122565824,
122565821,
122565838,
122565853,
122565843,
122565839,
122565857,
122565842,
122565835,
122565851,
122565855,
122565869,
122565860,
122565859,
122565862,
122565866,
122565865,
122565870,
122565863,
122565867,
122565871,
122565881,
122565885,
122565873,
122565876,
122565882,
122565879,
122565878,
122565887,
122565875,
122565884,
122565893,
122565888,
122565889,
122565902,
122565897,
122565891,
122565896,
122565905,
122565899,
122565892,
122565909,
122565908,
122565912,
122565916,
122565918,
122565921,
122565920,
122565913,
122565922,
122565924,
122565932,
122565925,
122565927,
122565935,
122565936,
122565933,
122565929,
122565928,
122565930,
122565948,
122565951,
122565949,
122565939,
122565945,
122565938,
122565941,
122565954,
122565952,
122565943,
122565955,
122565957,
122565963,
122565966,
122565958,
122565968,
122565970,
122565974,
122565971,
122565973,
122565977,
122565980,
122565982,
122565976,
122565988,
122565983,
122565985,
122565979,
122565986,
122565989,
122565990,
122566002,
122565996,
122565994,
122565992,
122566004,
122565999,
122566001,
122566005,
122566008,
122566010,
122566277,
122566051,
122566274,
122566121,
122566279,
122566012,
122566276,
122566281,
122566284,
122566295,
122566303,
122566306,
122566298,
122566304,
122566287,
122566299,
122566296,
122566301,
122566286,
122566308,
122566309,
122566321,
122566314,
122566319,
122566311,
122566317,
122566315,
122566322,
122566312,
122566323,
122566325,
122566331,
122566327,
122566332,
122566335,
122566337,
122566340,
122566339,
122566336,
122566354,
122566345,
122566351,
122566348,
122566357,
122566352,
122566358,
122566355,
122566359,
122566361,
122566362,
122566368,
122566366,
122566369,
122567566,
122566365,
122567568,
122567569,
122566364,
122567571,
122567580,
122567581,
122567573,
122567579,
122567583,
122567576,
122567577,
122567572,
122567584,
122567575,
122567591,
122567586,
122567793,
122567788,
122567588,
122567587,
122567596,
122567590,
122567790,
122567593,
122567801,
122567810,
122567806,
122567798,
122567814,
122567794,
122567805,
122567800,
122567796,
122567840,
122567819,
122567828,
122567823,
122567825,
122567822,
122567835,
122567832,
122567830,
122567834,
122567843,
122567850,
122567859,
122567864,
122567853,
122567860,
122567863,
122567857,
122567846,
122567849,
122567869,
122567882,
122567877,
122567883,
122567887,
122567886,
122567876,
122567880,
122567889,
122567909,
122567898,
122567904,
122567891,
122567896,
122567894,
122567906,
122567901,
122567908,
122567899,
122567923,
122567911,
122567927,
122567929,
122567916,
122567930,
122567921,
122567919,
122567914,
122567934,
122567950,
122567953,
122567944,
122567947,
122567942,
122567936,
122567940,
122567957,
122567954,
122567949,
122567965,
122567968,
122567959,
122567971,
122567962,
122567961,
122567966,
122567969,
122567973,
122567975,
122567980,
122567982,
122567984,
122567992,
122567986,
122567978,
122567995,
122567987,
122567991,
122567996,
122567998,
122568000,
122568013,
122568009,
122568001,
122568007,
122568005,
122568012,
122568003,
122568010,
122568025,
122568031,
122568016,
122568017,
122568022,
122568034,
122568021,
122568036,
122568029,
122568026,
122568046,
122568382,
122568044,
122568039,
122568184,
122568048,
122568041,
122568050,
122568383,
122568180,
122568386,
122568400,
122568385,
122568404,
122568395,
122568403,
122568390,
122568401,
122568406,
122568389,
122568409,
122568414,
122568418,
122568412,
122568422,
122568419,
122568415,
122568416,
122568411,
122568408,
122568423,
122568435,
122568434,
122568425,
122568430,
122568428,
122568432,
122568439,
122568437,
122568438,
122568441,
122568451,
122568446,
122568454,
122568442,
122568450,
122568448,
122568453,
122568447,
122568456,
122568463,
122568459,
122568460,
122568469,
122568462,
122568465,
122568457,
122568467,
122568466,
122568470,
122568472,
122568475,
122568473,
122568477,
122568482,
122568483,
122568478,
122568480,
122568485,
122568479,
122568490,
122568487,
122568493,
122568496,
122568494,
122568500,
122568497,
122568498,
122568503,
122568501,
122568504,
122568518,
122568510,
122568517,
122568509,
122568507,
122568514,
122568519,
122568521,
122568512,
122568534,
122568522,
122568535,
122568527,
122568531,
122568524,
122568529,
122568539,
122568540,
122568541,
122568542,
122568544,
122568545,
122568548,
122568658,
122568547,
122568656,
122568655,
122568659,
122568660,
122568662,
122568666,
122568665,
122568663,
122568670,
122568674,
122568668,
122568672,
122568676,
122568677,
122568678,
122568681,
122568680,
122568683,
122568687,
122568694,
122568691,
122568695,
122568697,
122568698,
122568703,
122568700,
122568705,
122568712,
122568711,
122568714,
122568709,
122568715,
122568718,
122568723,
122568717,
122568720,
122568721,
122568725,
122568727,
122568730,
122568729,
122568732,
122568734,
122568736,
122568739,
122568740,
122568738,
122568742,
122568745,
122568748,
122568746,
122568749,
122568753,
122568754,
122568756,
122568757,
122568759,
122568762,
122568760,
122568766,
122568763,
122568767,
122568771,
122568769,
122568775,
122568776,
122568770,
122568780,
122568778,
122568782,
122568785,
122568805,
122568787,
122568797,
122568790,
122568788,
122568799,
122568807,
122568808,
122568802,
122568812,
122568809,
122568813,
122568833,
122568825,
122568835,
122568818,
122568831,
122568828,
122568836,
122568846,
122568844,
122568847,
122568851,
122568838,
122568842,
122568856,
122568849,
122568857,
122568881,
122568967,
122568961,
122568972,
122568964,
122568973,
122568965,
122568891,
122568962,
122568977,
122568968,
122569103,
122569113,
122569100,
122569110,
122569105,
122569098,
122569112,
122569101,
122569109,
122569104,
122569126,
122569117,
122569119,
122569127,
122569129,
122569116,
122569122,
122569115,
122569124,
122569120,
122569135,
122569130,
122569132,
122569140,
122569139,
122569137,
122569411,
122569133,
122569412,
122569143,
122569426,
122569421,
122569418,
122569420,
122569429,
122569414,
122569433,
122569436,
122569431,
122569416,
122569439,
122566370,
122569444,
122569442,
122569449,
122569445,
122569447,
122569438,
122569440,
122566372,
122566376,
122566385,
122566388,
122566377,
122566384,
122566374,
122566387,
122566380,
122566373,
122566383,
122566394,
122566393,
122566400,
122566396,
122566397,
122566390,
122566399,
122566391,
122566404,
122566402,
122566414,
122566416,
122566413,
122566405,
122566410,
122566407,
122566417,
122566408,
122566411,
122566418,
122566421,
122566420,
122566426,
122566422,
122566429,
122566424,
122566425,
122566428,
122566431,
122566432,
122566434,
122566440,
122566442,
122566436,
122566448,
122566441,
122566438,
122566447,
122566444,
122566445,
122566452,
122566459,
122566455,
122566451,
122566449,
122566454,
122566458,
122566456,
122566460,
122566462,
122566470,
122566463,
122566475,
122566467,
122566469,
122566464,
122566473,
122566477,
122566472,
122566466,
122566478,
122566565,
122566480,
122566482,
122566568,
122566481,
122566570,
122566571,
122566572,
122566567,
122566577,
122566576,
122566583,
122566586,
122566581,
122566579,
122566584,
122566587,
122566580,
122566589,
122566591,
122566597,
122566596,
122566603,
122566605,
122566594,
122566606,
122566607,
122566590,
122566609,
122566611,
122566620,
122566613,
122566619,
122566610,
122566623,
122566617,
122566616,
122566622,
122566614,
122566635,
122566627,
122566633,
122566639,
122566629,
122566638,
122566636,
122566630,
122566631,
122566625,
122566648,
122566649,
122566658,
122566661,
122566656,
122566659,
122566655,
122566652,
122566653,
122566663,
122566672,
122566675,
122566665,
122566682,
122566681,
122566678,
122566667,
122566670,
122566676,
122566684,
122566688,
122566686,
122566689,
122566690,
122566692,
122566695,
122566693,
122566696,
122566697,
122566699,
122566702,
122566771,
122566700,
122566774,
122566704,
122566779,
122566785,
122566777,
122566801,
122566786,
122566799,
122566775,
122566782,
122566808,
122566802,
122566806,
122566798,
122566815,
122566814,
122566818,
122566821,
122566825,
122566822,
122566812,
122566817,
122566826,
122566832,
122566835,
122566836,
122566833,
122566819,
122566829,
122566830,
122566837,
122566839,
122566840,
122566842,
122566843,
122566846,
122566844,
122566847,
122566849,
122566850,
122566851,
122566856,
122566854,
122566853,
122566857,
122566861,
122566858,
122566862,
122566867,
122566865,
122566871,
122566875,
122566878,
122566880,
122566881,
122566882,
122566884,
122566885,
122566887,
122566888,
122566889,
122566892,
122566894,
122566898,
122566895,
122566897,
122566899,
122566901,
122566902,
122566904,
122566905,
122566907,
122566908,
122566910,
122566912,
122566913,
122566915,
122566917,
122566920,
122566918,
122566921,
122566923,
122566926,
122566930,
122566924,
122566928,
122566934,
122566932,
122566935,
122566937,
122566938,
122566940,
122566941,
122566943,
122566946,
122566944,
122566948,
122566951,
122566949,
122566952,
122566954,
122566955,
122566959,
122566957,
122566960,
122566962,
122566963,
122566972,
122566975,
122566966,
122566976,
122567062,
122566987,
122566978,
122566979,
122567066,
122567068,
122566984,
122567081,
122566982,
122567082,
122567084,
122567095,
122567092,
122567098,
122567086,
122567100,
122567090,
122567088,
122567096,
122567093,
122567104,
122567101,
122567106,
122567108,
122567111,
122567116,
122567114,
122567118,
122567109,
122567103,
122567122,
122567119,
122567121,
122567124,
122567126,
122567128,
122567132,
122567134,
122567129,
122567131,
122567136,
122567142,
122567139,
122567143,
122567151,
122567154,
122567152,
122567147,
122567140,
122567137,
122567159,
122567163,
122567157,
122567160,
122567162,
122567165,
122567156,
122567166,
122567167,
122567169,
122567171,
122567173,
122567175,
122567174,
122567179,
122567177,
122567178,
122567181,
122567170,
122567182,
122567183,
122567187,
122567195,
122567194,
122567192,
122567199,
122567196,
122567198,
122567200,
122567202,
122567205,
122567206,
122567204,
122567215,
122567216,
122567213,
122567218,
122567208,
122567212,
122567221,
122567344,
122567223,
122567224,
122567353,
122567343,
122567347,
122567210,
122567345,
122567512,
122567521,
122567510,
122567509,
122567517,
122567506,
122567520,
122567507,
122567515,
122567364,
122567522,
122567530,
122567526,
122567539,
122567532,
122567528,
122567536,
122567524,
122567541,
122567535,
122567557,
122567543,
122567545,
122567551,
122567556,
122567550,
122567547,
122567562,
122567560,
122567559,
122569453,
122569614,
122569454,
122569450,
122569452,
122569611,
122567564,
122569461,
122569613,
122569612,
122569624,
122569615,
122569625,
122569627,
122569620,
122569617,
122569623,
122569629,
122569618,
122569621,
122569636,
122569630,
122569640,
122569634,
122569639,
122569642,
122569637,
122569633,
122569644,
122569645,
122569651,
122569647,
122569649,
122569650,
122570015,
122570012,
122570013,
122570010,
122570023,
122570022,
122570027,
122570028,
122570030,
122570031,
122570082,
122570032,
122570034,
122570084,
122570088,
122570087,
122570093,
122570096,
122570091,
122570098,
122570107,
122570110,
122570104,
122570113,
122570114,
122570117,
122570122,
122570125,
122570126,
122570119,
122570133,
122570131,
122570137,
122570129,
122570136,
122570141,
122570143,
122570147,
122570149,
122570152,
122570262,
122570265,
122570258,
122570156,
122570263,
122570267,
122570270,
122570273,
122570274,
122570277,
122570559,
122570276,
122570278,
122570280,
122570561,
122570563,
122570564,
122570572,
122570575,
122570581,
122570586,
122570589,
122570582,
122570584,
122570591,
122570592,
122570700,
122570701,
122570710,
122570696,
122570708,
122570711,
122570704,
122570713,
122570707,
122570717,
122570728,
122570723,
122570725,
122570715,
122570718,
122570721,
122570720,
122570915,
122570724,
122570922,
122570920,
122570917,
122570921,
122570919,
122570930,
122570927,
122570924,
122570929,
122570931,
122570938,
122570941,
122570946,
122570949,
122570932,
122571145,
122571143,
122571147,
122570951,
122571142,
122571150,
122571152,
122571149,
122571343,
122571155,
122571342,
122571157,
122571340,
122571345,
122571346,
122571348,
122571554,
122571351,
122571354,
122571555,
122571549,
122571557,
122571552,
122571349,
122571564,
122571562,
122571560,
122571561,
122571559,
122571563,
122571565,
122571719,
122571721,
122571723,
122571722,
122571735,
122571729,
122571726,
122571730,
122571727,
122571737,
122571739,
122571741,
122571885,
122571888,
122571892,
122571891,
122571889,
122571890,
122571744,
122571894,
122571895,
122571897,
122571898,
122571904,
122571905,
122571902,
122571907,
122571908,
122571901,
122571910,
122571912,
122572114,
122564784,
122564589,
122564591,
122564786,
122564785,
122564789,
122564791,
122564790,
122564794,
122564800,
122564803,
122564801,
122564805,
122564808,
122564806,
122564813,
122564810,
122564811,
122564815,
122564816,
122564821,
122564819,
122564824,
122564823,
122564818,
122564826,
122564828,
122564831,
122564830,
122564833,
122564835,
122564836,
122564839,
122564837,
122564844,
122564845,
122564840,
122564842,
122564847,
122564852,
122564850,
122564848,
122564853,
122564861,
122564856,
122564858,
122564863,
122564860,
122564868,
122564870,
122564888,
122564871,
122564874,
122564880,
122564884,
122564896,
122564932,
122564928,
122565098,
122565103,
122565116,
122565102,
122565111,
122565114,
122565117,
122565113,
122565118,
122565120,
122565121,
122565123,
122565126,
122565130,
122565124,
122565134,
122565132,
122565128,
122565136,
122565135,
122565138,
122565141,
122565139,
122565146,
122565147,
122565144,
122565149,
122565151,
122565154,
122565152,
122565157,
122565156,
122565338,
122565340,
122565342,
122565346,
122565337,
122565344,
122565350,
122565353,
122565356,
122565359,
122565363,
122565365,
122565361,
122565372,
122565366,
122565369,
122565373,
122565377,
122565379,
122565386,
122565393,
122565390,
122565381,
122565375,
122565382,
122565397,
122565401,
122565409,
122565406,
122565416,
122565414,
122565421,
122565418,
122565419,
122565423,
122565425,
122565427,
122565430,
122565428,
122565442,
122565440,
122565434,
122565439,
122565443,
122565433,
122565445,
122565451,
122565450,
122565554,
122565446,
122565448,
122565555,
122565552,
122565551,
122565557,
122565558,
122565562,
122565565,
122565570,
122565569,
122565564,
122565561,
122565567,
122565560,
122565572,
122565573,
122565580,
122565574,
122565581,
122565576,
122565578,
122565587,
122565584,
122565589,
122565586,
122565583,
122565592,
122565595,
122565598,
122565605,
122565593,
122565590,
122565596,
122565600,
122565599,
122565603,
122565608,
122565609,
122565611,
122565621,
122565617,
122565613,
122565612,
122565619,
122565615,
122565622,
122565623,
122565631,
122565629,
122565628,
122565634,
122565633,
122565636,
122565637,
122565639,
122565625,
122660755,
122565640,
122660753,
122660754,
122660757,
122660756,
122660758,
122660759,
122663500,
122663501,
122663502,
122663503,
122663505,
122663504,
122663506,
122663507,
122663509,
122663510,
122663508,
122663511,
122663513,
122663514,
122663517,
122663519,
122663518,
122663523,
122663522,
122663525,
122663527,
122663530,
122663526,
122663528,
122663531,
122663532,
122663533,
122663575,
122663576,
122663577,
122663578,
122663581,
122663583,
122663584,
122663585,
122663587,
122663588,
122663591,
122663590,
122663593,
122663589,
122663592,
122663594,
122663595,
122663596,
122663599,
122663600,
122663601,
122663602,
122663604,
122663605,
122663603,
122663606,
122663608,
122663610,
122663609,
122663616,
122663634,
122663611,
122663635,
122663636,
122663638,
122663637,
122663640,
122663639,
122663641,
122663650,
122663649,
122663646,
122663642,
122663643,
122663652,
122663651,
122663654,
122663653,
122663655,
122663660,
122663658,
122663657,
122663659,
122663661,
122663656,
122663668,
122663662,
122663667,
122663663,
122663672,
122663670,
122663674,
122663669,
122663675,
122663676,
122663677,
122663685,
122663686,
122663688,
122663691,
122663763,
122663764,
122663766,
122663765,
122663768,
122663767,
122663770,
122663771,
122663772,
122663835,
122663773,
122663834,
122663845,
122663848,
122663847,
122663850,
122663854,
122663849,
122663851,
122663853,
122663856,
122663857,
122663859,
122663858,
122663860,
122663861,
122663862,
122663863,
122663864,
122663866,
122663865,
122663868,
122663872,
122663869,
122663875,
122663876,
122663873,
122664584,
122664587,
122664582,
122664583,
122664586,
122664585,
122664588,
122664589,
122664599,
122664600,
122664690,
122664889,
122664895,
122664794,
122664903,
122664890,
122664904,
122665000,
122665002,
122665041,
122665183,
122665083,
122667787,
122665076,
122665078,
122665065,
122667786,
122667788,
122665116,
122667789,
122667791,
122667807,
122667808,
122667790,
122667803,
122667805,
122667809,
122667811,
122667813,
122667814,
122667815,
122667850,
122667852,
122659856,
122667854,
122667851,
122667855,
122667853,
122659857,
122659858,
122659859,
122659863,
122659862,
122659866,
122659860,
122659861,
122659867,
122659865,
122659868,
122659876,
122659870,
122659873,
122659869,
122659875,
122659872,
122659877,
122659871,
122659874,
122659878,
122659885,
122659880,
122659879,
122659881,
122659887,
122659882,
122659886,
122659888,
122659883,
122659884,
122659894,
122659891,
122659890,
122659892,
122659893,
122659896,
122659889,
122659897,
122659895,
122659900,
122659901,
122659922,
122659919,
122659920,
122659916,
122659918,
122659921,
122659917,
122659923,
122659925,
122659926,
122659924,
122659928,
122659929,
122659931,
122659927,
122659930,
122659932,
122659937,
122659936,
122659933,
122659938,
122659942,
122659941,
122659939,
122659943,
122659946,
122659945,
122659947,
122659948,
122659944,
122660017,
122659949,
122659952,
122659951,
122660019,
122660018,
122660020,
122660039,
122660040,
122660043,
122660045,
122660041,
122660047,
122660046,
122660048,
122660050,
122660049,
122660051,
122660053,
122660054,
122660052,
122660055,
122660056,
122660058,
122660057,
122660060,
122660061,
122660059,
122660063,
122660065,
122660062,
122660064,
122660066,
122660067,
122660068,
122660069,
122660070,
122660072,
122660074,
122660075,
122660073,
122660077,
122660095,
122660097,
122660100,
122660103,
122660102,
122660101,
122660078,
122660104,
122660106,
122660105,
122660107,
122660108,
122660112,
122660110,
122660109,
122660115,
122660113,
122660119,
122660118,
122660117,
122660121,
122660122,
122660120,
122660123,
122660124,
122660125,
122660126,
122660127,
122660129,
122660128,
122660132,
122660131,
122660130,
122660136,
122660135,
122660134,
122660133,
122660138,
122660137,
122660139,
122660142,
122660140,
122660141,
122660143,
122660144,
122660145,
122660154,
122660155,
122660156,
122660158,
122660159,
122660160,
122660157,
122660162,
122660161,
122660163,
122660165,
122660164,
122660166,
122660167,
122660169,
122660168,
122660170,
122660174,
122660175,
122660176,
122660181,
122660182,
122660183,
122660177,
122660184,
122660185,
122667857,
122667856,
122667858,
122667861,
122667859,
122667860,
122667862,
122667895,
122667894,
122667936,
122667899,
122667903,
122667902,
122667940,
122667937,
122667984,
122667983,
122668061,
122668062,
122668064,
122668063,
122668065,
122668066,
122668110,
122668111,
122668154,
122668155,
122668157,
122668158,
122668159,
122668163,
122668161,
122668165,
122668164,
122668166,
122668203,
122668167,
122668226,
122668227,
122668328,
122668329,
122668330,
122668331,
122668332,
122668336,
122668333,
122668337,
122668338,
122668340,
122668339,
122668344,
122668341,
122668345,
122668355,
122668354,
122668356,
122668358,
122668360,
122668489,
122668383,
122668490,
122668522,
122668521,
122668558,
122668561,
122668523,
122668562,
122668563,
122668569,
122668570,
122668571,
122668572,
122668566,
122668573,
122668574,
122668597,
122668598,
122668603,
122668602,
122668600,
122668599,
122668604,
122668601,
122668605,
122668608,
122668610,
122668648,
122668646,
122668647,
122668649,
122668650,
122668651,
122668655,
122668654,
122668657,
122668682,
122668658,
122668677,
122668681,
122668683,
122668686,
122668685,
122668687,
122668688,
122668692,
122668689,
122668691,
122668743,
122668693,
122668690,
122668744,
122668745,
122668746,
122668747,
122683225,
122683228,
122683230,
122683229,
122683226,
122683227,
122668750,
122668751,
122683231,
122683235,
122683237,
122683236,
122683245,
122683248,
122683246,
122683249,
122683247,
122683251,
122683253,
122683259,
122683260,
122683261,
122683263,
122683265,
122683329,
122683328,
122683266,
122683348,
122683306,
122683363,
122683408,
122683410,
122683430,
122683433,
122683437,
122683434,
122683438,
122683439,
122683440,
122683442,
122683443,
122683444,
122683445,
122683446,
122683503,
122683447,
122683504,
122683505,
122683508,
122683509,
122683513,
122683510,
122683511,
122683514,
122683544,
122683512,
122683610,
122683611,
122683614,
122683626,
122683630,
122683637,
122683631,
122683634,
122683644,
122683648,
122683649,
122683658,
122683650,
122683659,
122683660,
122683664,
122683674,
122683675,
122683673,
122683678,
122685969,
122685972,
122685971,
122685974,
122685973,
122685970,
122685975,
122685977,
122685976,
122685978,
122685979,
122685980,
122685997,
122685981,
122685982,
122685998,
122685999,
122686000,
122686001,
122686003,
122686002,
122686004,
122686006,
122686007,
122686008,
122686009,
122686010,
122686012,
122686011,
122686013,
122686014,
122686015,
122686017,
122686016,
122686005,
122683661,
122686018,
122686019,
122686021,
122686020,
122686022,
122686026,
122686024,
122686023,
122686032,
122686029,
122686033,
122686030,
122686031,
122686035,
122686036,
122686037,
122686038,
122686039,
122686041,
122686042,
122686047,
122686044,
122686046,
122686048,
122686049,
122686043,
122686056,
122686055,
122686057,
122686052,
122686053,
122686051,
122686054,
122686060,
122686062,
122686059,
122686068,
122686063,
122686070,
122686071,
122686065,
122686066,
122686064,
122686069,
122686072,
122686067,
122686075,
122686078,
122686081,
122686074,
122686083,
122686079,
122686076,
122686077,
122686080,
122686089,
122686091,
122686087,
122686092,
122686093,
122686084,
122686086,
122686090,
122686094,
122686088,
122686100,
122686095,
122686099,
122686097,
122686096,
122686101,
122686098,
122686103,
122686104,
122686102,
122686110,
122686109,
122686111,
122686108,
122686105,
122686107,
122686106,
122686112,
122686114,
122686113,
122686115,
122686116,
122686122,
122686123,
122686120,
122686121,
122686118,
122686117,
122686124,
122686134,
122686125,
122686133,
122686130,
122686128,
122686136,
122686135,
122686131,
122686132,
122686127,
122686140,
122686142,
122686137,
122686145,
122686143,
122686138,
122686141,
122686146,
122686139,
122686144,
122686147,
122686149,
122686154,
122686151,
122686157,
122686158,
122686160,
122686159,
122686156,
122686152,
122686155,
122686150,
122686153,
122686148,
122686165,
122686163,
122686167,
122686161,
122686166,
122686164,
122686168,
122686169,
122686170,
122686177,
122686176,
122686179,
122686174,
122686178,
122686173,
122686175,
122686172,
122686180,
122686188,
122686186,
122686183,
122686185,
122686187,
122686184,
122686182,
122686189,
122686190,
122686191,
122623900,
122623898,
122623904,
122623897,
122623903,
122623895,
122623901,
122623905,
122623896,
122623907,
122623906,
122623908,
122653403,
122653391,
122654541,
122654554,
122654543,
122654552,
122654050,
122654560,
122654556,
122654562,
122654561,
122654569,
122654570,
122654565,
122654576,
122654572,
122654580,
122654596,
122654734,
122654727,
122654587,
122654592,
122654588,
122654594,
122654956,
122654599,
122655119,
122655118,
122655122,
122655117,
122655121,
122655125,
122655120,
122655124,
122655116,
122655123,
122655731,
122655180,
122655318,
122655182,
122655314,
122655727,
122655733,
122655737,
122655735,
122655746,
122655741,
122655739,
122655742,
122655927,
122655745,
122655749,
122656037,
122655747,
122656064,
122657304,
122657296,
122657299,
122657302,
122656065,
122657317,
122657300,
122657297,
122657295,
122657328,
122657325,
122657345,
122657348,
122657323,
122657324,
122657322,
122657320,
122657319,
122657357,
122657395,
122657354,
122657397,
122657352,
122657349,
122657398,
122657399,
122657396,
122657403,
122657400,
122657402,
122657404,
122657407,
122657401,
122657405,
122657408,
122657406,
122657409,
122657413,
122657411,
122657471,
122657415,
122657412,
122657467,
122657470,
122657466,
122657414,
122657480,
122657493,
122657479,
122657472,
122657474,
122657494,
122657473,
122657476,
122657477,
122657475,
122657500,
122657506,
122657503,
122657497,
122657507,
122657496,
122657502,
122657498,
122657508,
122657648,
122657510,
122657509,
122657652,
122657651,
122657650,
122657512,
122657511,
122657653,
122657646,
122657660,
122657658,
122657657,
122657665,
122657661,
122657663,
122657659,
122657656,
122657654,
122657655,
122657675,
122659760,
122659779,
122659761,
122657671,
122657679,
122659780,
122659764,
122659759,
122659792,
122659784,
122659788,
122659791,
122659786,
122659782,
122659790,
122659789,
122659781,
122659798,
122659816,
122659802,
122659800,
122659815,
122659797,
122659811,
122659799,
122659812,
122659817,
122659820,
122659821,
122659827,
122659823,
122659824,
122659822,
122659829,
122659825,
122659855,
122683682,
122683690,
122683691,
122683697,
122683698,
122683700,
122683699,
122683701,
122683702,
122683707,
122683703,
122683710,
122683712,
122683713,
122683715,
122683716,
122683719,
122683718,
122683730,
122683734,
122683732,
122683737,
122683735,
122683739,
122683741,
122683740,
122683731,
122683752,
122683770,
122683753,
122683754,
122683756,
122683775,
122683778,
122683776,
122683769,
122683796,
122683814,
122683802,
122683801,
122683797,
122683798,
122683805,
122683807,
122683809,
122683815,
122683833,
122683820,
122683834,
122683837,
122683816,
122683818,
122683819,
122683817,
122683838,
122683839,
122683840,
122683856,
122683851,
122683859,
122683861,
122683866,
122683864,
122683869,
122683879,
122683878,
122683883,
122683885,
122683897,
122683881,
122683902,
122683914,
122683913,
122683903,
122683915,
122683916,
122683921,
122683922,
122683923,
122683946,
122683949,
122683964,
122683950,
122683972,
122683977,
122683973,
122683976,
122683979,
122683981,
122683982,
122683978,
122683980,
122683986,
122684037,
122683988,
122684017,
122683987,
122684014,
122683989,
122684035,
122684041,
122684038,
122684042,
122684050,
122684049,
122684046,
122684052,
122684048,
122684051,
122684053,
122684047,
122684043,
122684055,
122684066,
122684068,
122684071,
122684070,
122684057,
122684069,
122684067,
122684081,
122684082,
122684083,
122684084,
122684089,
122684100,
122684085,
122684086,
122684090,
122684101,
122684096,
122684091,
122684113,
122684102,
122684111,
122684103,
122684122,
122684125,
122684106,
122684112,
122684123,
122684126,
122685631,
122685633,
122684133,
122685634,
122684128,
122685632,
122684129,
122685630,
122684127,
122685635,
122685637,
122685650,
122685639,
122685636,
122685640,
122685638,
122685642,
122685641,
122685652,
122685651,
122685657,
122685663,
122685653,
122685664,
122685665,
122685661,
122685655,
122685662,
122685654,
122685666,
122685670,
122685667,
122685668,
122685669,
122685671,
122685674,
122685675,
122685673,
122685676,
122685685,
122685684,
122685682,
122685683,
122685689,
122685687,
122685688,
122685690,
122685691,
122685692,
122685694,
122685693,
122685695,
122685698,
122685700,
122685696,
122685697,
122685703,
122685702,
122685699,
122685704,
122685705,
122685706,
122685708,
122685707,
122685709,
122685711,
122685712,
122685713,
122685710,
122685714,
122685718,
122685719,
122685716,
122685715,
122685724,
122685728,
122685725,
122685726,
122685727,
122685731,
122685729,
122685732,
122685730,
122685735,
122685733,
122685734,
122685737,
122685738,
122685739,
122685740,
122685744,
122685741,
122685742,
122685745,
122685743,
122685747,
122685748,
122685746,
122685750,
122685753,
122685756,
122685749,
122685751,
122685765,
122685755,
122685754,
122685757,
122685767,
122685775,
122685766,
122685768,
122685781,
122685770,
122685780,
122685769,
122685777,
122685776,
122685789,
122685788,
122685784,
122685783,
122685791,
122685790,
122685787,
122685785,
122685786,
122685782,
122685792,
122685795,
122685793,
122685794,
122685807,
122685797,
122685796,
122685808,
122685798,
122685799,
122685809,
122685810,
122685811,
122685816,
122685818,
122685814,
122685812,
122685819,
122685820,
122685834,
122685835,
122685833,
122685841,
122685837,
122685838,
122685839,
122685842,
122685847,
122685843,
122685846,
122685844,
122685850,
122685848,
122685845,
122685851,
122685849,
122685852,
122685861,
122685855,
122685859,
122685857,
122685854,
122685862,
122685860,
122685858,
122685853,
122685863,
122685865,
122685864,
122685866,
122685873,
122685874,
122685875,
122685876,
122685872,
122685867,
122685878,
122685880,
122685877,
122685879,
122685881,
122685883,
122685882,
122685884,
122685885,
122685886,
122685888,
122685892,
122685887,
122685896,
122685889,
122685897,
122685895,
122685893,
122685899,
122685911,
122685909,
122685903,
122685900,
122685906,
122685902,
122685908,
122685910,
122685912,
122685904,
122685914,
122685921,
122685919,
122685918,
122685915,
122685925,
122685924,
122685923,
122685913,
122685922,
122685926,
122685927,
122685937,
122685928,
122685931,
122685936,
122685929,
122685933,
122685930,
122685934,
122685950,
122685962,
122685938,
122685966,
122685963,
122685940,
122685965,
122685964,
122685961,
122685960,
122660190,
122660223,
122685967,
122685968,
122660217,
122660221,
122660222,
122660218,
122660225,
122660229,
122660265,
122660267,
122660228,
122660262,
122660226,
122660224,
122660227,
122660269,
122660268,
122660286,
122660278,
122660281,
122660284,
122660326,
122660325,
122660282,
122660313,
122660327,
122660330,
122660332,
122660331,
122660328,
122660335,
122660334,
122660333,
122660336,
122660341,
122660337,
122660340,
122660342,
122660339,
122660344,
122660343,
122660346,
122660345,
122660351,
122660352,
122660358,
122660347,
122660359,
122660357,
122660348,
122660350,
122660349,
122660360,
122660364,
122660368,
122660361,
122660371,
122660370,
122660372,
122660373,
122660379,
122660374,
122660377,
122660375,
122660378,
122660382,
122660380,
122660384,
122660386,
122660385,
122660388,
122660435,
122660434,
122660437,
122660438,
122660441,
122660439,
122660440,
122660444,
122660442,
122660443,
122660445,
122660447,
122660448,
122660450,
122660449,
122660366,
122660369,
122660367,
122660383,
122660454,
122660452,
122660451,
122660453,
122660455,
122660460,
122660459,
122660457,
122660461,
122660466,
122660463,
122660462,
122660467,
122660480,
122660512,
122660534,
122660535,
122660536,
122660538,
122660539,
122660537,
122660540,
122660542,
122660545,
122660544,
122660543,
122660546,
122660547,
122660548,
122660550,
122660549,
122660553,
122660554,
122660551,
122660556,
122660552,
122660558,
122660559,
122660562,
122660561,
122660563,
122660564,
122660569,
122660567,
122660566,
122660606,
122660568,
122660607,
122660565,
122660642,
122660645,
122660643,
122660641,
122660648,
122660639,
122660640,
122660613,
122660646,
122660610,
122660651,
122660650,
122660654,
122660656,
122660655,
122660652,
122660649,
122660653,
122660657,
122660658,
122660660,
122660663,
122660664,
122660665,
122660661,
122660720,
122660666,
122660735,
122660719,
122660739,
122660738,
122660741,
122660740,
122660737,
122660742,
122660743,
122660744,
122660746,
122660745,
122660750,
122660747,
122660748,
122686192,
122660752,
122686194,
122686193,
122660751,
122686195,
122686199,
122686198,
122686197,
122686196,
122686200,
122686202,
122686205,
122686204,
122686203,
122686206,
122686208,
122686207,
122686209,
122686210,
122686201,
122686213,
122686212,
122686211,
122686214,
122686216,
122686215,
122686217,
122686218,
122686219,
122686220,
122686221,
122686223,
122686224,
122686226,
122686227,
122686229,
122686230,
122686222,
122686228,
122686231,
122686232,
122686233,
122686234,
122686236,
122686235,
122686237,
122686238,
122686240,
122686239,
122686241,
122686242,
122686244,
122686243,
122686246,
122686245,
122686248,
122686249,
122686247,
122686250,
122686251,
122686252,
122686253,
122686254,
122686255,
122686256,
122686257,
122686260,
122686258,
122686261,
122686264,
122686263,
122686265,
122686266,
122686268,
122686271,
122686270,
122686269,
122686272,
122686267,
122686273,
122686280,
122686282,
122686281,
122686289,
122686292,
122686283,
122686293,
122686297,
122686298,
122686300,
122686301,
122686303,
122686302,
122686304,
122686308,
122686306,
122686305,
122686310,
122686309,
122686307,
122686311,
122686313,
122686312,
122686329,
122686331,
122686328,
122686327,
122686326,
122686332,
122686343,
122686330,
122686344,
122686345,
122686359,
122686349,
122686356,
122686348,
122686346,
122686350,
122686357,
122686360,
122686358,
122686361,
122686382,
122686393,
122686394,
122686385,
122686386,
122686383,
122686362,
122686384,
122686419,
122686417,
122686396,
122686420,
122686397,
122686421,
122686418,
122686422,
122686395,
122686423,
122686445,
122686425,
122686446,
122686434,
122686435,
122686426,
122686424,
122686443,
122686444,
122686472,
122686462,
122686473,
122686474,
122686475,
122686463,
122686498,
122686477,
122686476,
122686497,
122686501,
122686504,
122686503,
122686499,
122686500,
122686514,
122686502,
122686517,
122686515,
122686538,
122686518,
122686520,
122686519,
122686524,
122686523,
122686521,
122686539,
122686522,
122686540,
122686554,
122686558,
122686561,
122686557,
122686555,
122686562,
122686563,
122686559,
122686556,
122686560,
122690398,
122686565,
122686572,
122686573,
122686568,
122686567,
122686575,
122686564,
122686566,
122690399,
122690409,
122690400,
122690407,
122690408,
122690403,
122690411,
122690406,
122690405,
122690404,
122690410,
122690412,
122690415,
122690436,
122690416,
122690435,
122690413,
122690438,
122690437,
122690457,
122690414,
122690463,
122690491,
122690489,
122690490,
122690460,
122690458,
122690492,
122690461,
122690494,
122690493,
122690509,
122690510,
122690512,
122690511,
122690515,
122690514,
122690517,
122690513,
122690516,
122690518,
122690519,
122690534,
122690531,
122690532,
122690535,
122690537,
122690536,
122690538,
122690539,
122690540,
122690554,
122690555,
122690556,
122690576,
122690557,
122690577,
122690578,
122690573,
122690579,
122690592,
122690624,
122690625,
122690623,
122690626,
122694420,
122694406,
122694422,
122694421,
122694424,
122694425,
122694426,
122694430,
122694427,
122694431,
122694429,
122694432,
122694428,
122694434,
122694433,
122694436,
122694435,
122694438,
122694439,
122694440,
122694442,
122694443,
122694441,
122694446,
122694445,
122694444,
122694448,
122694449,
122694450,
122694452,
122694451,
122694453,
122694471,
122694469,
122694470,
122694472,
122694473,
122694475,
122694474,
122694476,
122694477,
122694478,
122694481,
122694479,
122694480,
122694482,
122694483,
122694484,
122694486,
122694488,
122694487,
122694485,
122694491,
122694490,
122694492,
122694493,
122694489,
122694495,
122694499,
122694501,
122694498,
122694496,
122694504,
122694503,
122694505,
122694502,
122694506,
122694509,
122694507,
122694510,
122694511,
122694508,
122694513,
122694512,
122694515,
122694514,
122694516,
122694517,
122694519,
122694521,
122694520,
122694518,
122694523,
122694524,
122694525,
122694529,
122694526,
122694527,
122694528,
122694548,
122694577,
122694578,
122694581,
122694579,
122694583,
122694587,
122694588,
122694584,
122694589,
122694590,
122694592,
122694591,
122694595,
122694593,
122694597,
122694611,
122694614,
122694615,
122694617,
122694619,
122694622,
122694620,
122694630,
122694625,
122694631,
122694632,
122694633,
122694634,
122694635,
122694636,
122694637,
122694638,
122694644,
122694640,
122694643,
122694639,
122694641,
122694642,
122694645,
122694646,
122694647,
122694648,
122690042,
122690041,
122690053,
122690046,
122690044,
122690047,
122690054,
122690052,
122690055,
122690056,
122690064,
122690059,
122690065,
122690062,
122690057,
122690061,
122690063,
122690058,
122690060,
122690066,
122690070,
122690071,
122690074,
122690069,
122690075,
122690067,
122690072,
122690073,
122690088,
122690090,
122690089,
122690091,
122690094,
122690093,
122690078,
122690077,
122690079,
122690097,
122690096,
122690099,
122690092,
122690095,
122690109,
122690110,
122690111,
122690112,
122690113,
122690114,
122690115,
122690116,
122690117,
122690118,
122690119,
122690121,
122690122,
122690120,
122690124,
122690123,
122690125,
122690126,
122690127,
122690128,
122690144,
122690152,
122690158,
122690156,
122690153,
122690148,
122690161,
122690162,
122690163,
122690165,
122690167,
122690174,
122690169,
122690171,
122690178,
122690168,
122690177,
122690179,
122690175,
122690186,
122690182,
122690181,
122690185,
122690180,
122690183,
122690184,
122690189,
122690190,
122690191,
122690193,
122690192,
122690233,
122690232,
122690235,
122690205,
122690234,
122690206,
122690236,
122690238,
122690245,
122690246,
122690244,
122690247,
122690239,
122690241,
122690243,
122690242,
122690248,
122690249,
122690252,
122690251,
122690250,
122690254,
122690258,
122690255,
122690257,
122690253,
122690256,
122690261,
122690260,
122690264,
122690271,
122690262,
122690267,
122690269,
122690273,
122690289,
122690291,
122690292,
122690294,
122690290,
122690274,
122690293,
122690295,
122690296,
122690297,
122690304,
122690301,
122690299,
122690302,
122690298,
122690305,
122690300,
122690303,
122690307,
122690321,
122690308,
122690310,
122690315,
122690309,
122690312,
122690311,
122690319,
122690317,
122690313,
122690338,
122690336,
122690325,
122690341,
122690340,
122690324,
122690337,
122690339,
122690322,
122690323,
122690342,
122690343,
122690347,
122690345,
122690349,
122690350,
122690353,
122690354,
122690355,
122690348,
122690360,
122690357,
122690363,
122690362,
122690365,
122690359,
122690358,
122690364,
122690366,
122690356,
122686579,
122686581,
122686580,
122686577,
122690370,
122690369,
122690368,
122690382,
122690367,
122686591,
122686593,
122686582,
122686584,
122686595,
122686583,
122686592,
122686585,
122686594,
122686586,
122686605,
122686618,
122686597,
122686616,
122686615,
122686604,
122686617,
122686596,
122686614,
122686603,
122686624,
122686619,
122686622,
122686621,
122686633,
122686620,
122686636,
122686634,
122686635,
122686647,
122686648,
122686652,
122686651,
122686646,
122686650,
122686638,
122686655,
122686637,
122686649,
122686664,
122686666,
122686667,
122686680,
122686662,
122686665,
122686663,
122686679,
122686681,
122686682,
122686700,
122686702,
122686683,
122686703,
122686685,
122686684,
122686704,
122686686,
122686701,
122686715,
122686769,
122686716,
122686743,
122686768,
122686766,
122686767,
122686718,
122686717,
122686744,
122686799,
122686801,
122686798,
122686772,
122686771,
122686795,
122686773,
122686800,
122686774,
122686775,
122689128,
122689127,
122689125,
122689130,
122689133,
122689136,
122689134,
122689131,
122689137,
122689129,
122689138,
122689141,
122689145,
122689144,
122689139,
122689140,
122689146,
122689148,
122689142,
122689147,
122689153,
122689154,
122689150,
122689155,
122689149,
122689152,
122689156,
122689175,
122689178,
122689177,
122689184,
122689191,
122689187,
122689193,
122689185,
122689179,
122689186,
122689183,
122689189,
122689181,
122689198,
122689197,
122689201,
122689195,
122689204,
122689199,
122689196,
122689205,
122689194,
122689202,
122689210,
122689220,
122689207,
122689206,
122689219,
122689230,
122689221,
122689223,
122689222,
122689242,
122689232,
122689233,
122689243,
122689245,
122689240,
122689241,
122689246,
122689244,
122689247,
122689251,
122689283,
122689249,
122689282,
122689250,
122689284,
122689248,
122689252,
122689281,
122689285,
122689288,
122689287,
122689291,
122689293,
122689289,
122689286,
122689298,
122689290,
122689292,
122689299,
122689303,
122689301,
122689307,
122689311,
122689308,
122689310,
122689306,
122689300,
122689323,
122689335,
122689321,
122689324,
122689336,
122689337,
122689341,
122689322,
122689361,
122689338,
122689721,
122689363,
122689384,
122689719,
122689387,
122689362,
122689385,
122689723,
122689725,
122689726,
122689730,
122689734,
122689728,
122689729,
122689733,
122689732,
122689727,
122689731,
122689738,
122689742,
122689740,
122689777,
122689743,
122689744,
122689739,
122689787,
122689779,
122689778,
122689788,
122689792,
122689789,
122689798,
122689795,
122689790,
122689796,
122689797,
122689791,
122689806,
122689807,
122689801,
122689802,
122689804,
122689800,
122689808,
122689803,
122689799,
122689805,
122689810,
122689813,
122689824,
122689812,
122689809,
122689811,
122689815,
122689816,
122689822,
122689823,
122689834,
122689825,
122689832,
122689828,
122689827,
122689826,
122689829,
122689831,
122689830,
122689833,
122689838,
122689836,
122689837,
122689849,
122689852,
122689835,
122689850,
122689851,
122689853,
122689854,
122689855,
122689858,
122689862,
122689861,
122689859,
122689863,
122689857,
122689856,
122689860,
122689864,
122689865,
122689867,
122689868,
122689866,
122689869,
122689872,
122689870,
122689873,
122689871,
122689881,
122689882,
122689884,
122689886,
122689885,
122689888,
122689887,
122689889,
122689890,
122689891,
122689897,
122689896,
122689894,
122689895,
122689892,
122689893,
122689898,
122689899,
122689900,
122689905,
122689903,
122689901,
122689902,
122689907,
122689906,
122689909,
122689910,
122689904,
122689912,
122689916,
122689911,
122689913,
122689914,
122689915,
122689924,
122689927,
122689928,
122689929,
122689932,
122689931,
122689930,
122689935,
122689933,
122689936,
122689934,
122689939,
122689937,
122689938,
122689941,
122689942,
122689943,
122689940,
122689945,
122689944,
122689947,
122689946,
122689948,
122689949,
122689951,
122689950,
122689961,
122689962,
122689964,
122689965,
122689963,
122689967,
122689968,
122689966,
122690003,
122689969,
122689991,
122690002,
122689992,
122690005,
122690004,
122690006,
122690008,
122690012,
122690009,
122690014,
122690010,
122690018,
122690017,
122690016,
122690011,
122690019,
122690020,
122690028,
122690024,
122690021,
122690023,
122690026,
122690025,
122690029,
122690022,
122690030,
122690027,
122694649,
122690033,
122690040,
122690034,
122690038,
122690039,
122690032,
122694650,
122690036,
122694651,
122694652,
122694657,
122694655,
122694662,
122694660,
122694663,
122694654,
122694659,
122694661,
122694658,
122694664,
122694666,
122694688,
122694694,
122694689,
122694693,
122694695,
122694672,
122694696,
122694697,
122694698,
122694699,
122694701,
122694703,
122694702,
122694700,
122694708,
122694707,
122694709,
122694710,
122694711,
122694712,
122694716,
122694717,
122694713,
122694714,
122694718,
122694715,
122694719,
122694720,
122694721,
122694722,
122694723,
122694747,
122694748,
122694749,
122694724,
122694751,
122694753,
122694756,
122694754,
122694758,
122694759,
122694764,
122694760,
122694763,
122694761,
122694767,
122694765,
122694769,
122694771,
122694768,
122694770,
122694774,
122694772,
122694773,
122694775,
122694776,
122694791,
122694861,
122694778,
122694858,
122694863,
122694860,
122694864,
122704837,
122704840,
122704996,
122704963,
122704962,
122704960,
122704998,
122704961,
122704997,
122704999,
122705029,
122705030,
122705067,
122705087,
122705058,
122705088,
122705059,
122705130,
122705060,
122705103,
122705089,
122705131,
122705181,
122705132,
122705183,
122705156,
122705194,
122705182,
122705185,
122705208,
122705207,
122705209,
122705235,
122705234,
122705236,
122705240,
122705241,
122705276,
122705238,
122705278,
122705277,
122705279,
122705281,
122705280,
122705316,
122705337,
122705436,
122705466,
122705282,
122705435,
122705317,
122705467,
122705503,
122705468,
122705502,
122705499,
122705555,
122705556,
122705487,
122705469,
122705557,
122705570,
122705572,
122705571,
122705573,
122705604,
122705602,
122705670,
122705574,
122705605,
122705672,
122705673,
122705677,
122705674,
122705708,
122705706,
122705746,
122705676,
122705747,
122705748,
122705771,
122705774,
122705750,
122705776,
122705767,
122705775,
122705749,
122705824,
122705822,
122705823,
122705936,
122705857,
122705856,
122705907,
122705880,
122705825,
122705879,
122705878,
122705937,
122705938,
122705940,
122705939,
122705943,
122705991,
122705992,
122705942,
122705941,
122705944,
122706042,
122705996,
122689388,
122705995,
122705994,
122706043,
122689390,
122705993,
122706044,
122689389,
122689396,
122689394,
122689398,
122689399,
122689391,
122689393,
122689397,
122689400,
122689395,
122689392,
122689404,
122689414,
122689405,
122689402,
122689412,
122689411,
122689408,
122689413,
122689403,
122689415,
122689416,
122689417,
122689419,
122689431,
122689430,
122689418,
122689432,
122689420,
122689433,
122689434,
122689439,
122689435,
122689436,
122689440,
122689443,
122689442,
122689441,
122689437,
122689438,
122689448,
122689451,
122689444,
122689449,
122689450,
122689447,
122689445,
122689453,
122689446,
122689452,
122689485,
122689484,
122689488,
122689487,
122689489,
122689486,
122689491,
122689490,
122689492,
122689495,
122689496,
122689497,
122689501,
122689498,
122689500,
122689503,
122689502,
122689499,
122689504,
122689505,
122689520,
122689514,
122689521,
122689516,
122689518,
122689517,
122689515,
122689523,
122689519,
122689522,
122689526,
122689530,
122689527,
122689529,
122689528,
122689531,
122689524,
122689525,
122689533,
122689532,
122689551,
122689545,
122689548,
122689547,
122689550,
122689552,
122689549,
122689554,
122689553,
122689543,
122689561,
122689562,
122689559,
122689560,
122689557,
122689556,
122689564,
122689558,
122689563,
122689567,
122689565,
122689566,
122689571,
122689570,
122689569,
122689568,
122689580,
122689579,
122689581,
122689582,
122689591,
122689592,
122689583,
122689593,
122689587,
122689589,
122689590,
122689588,
122689585,
122689611,
122689596,
122689597,
122689600,
122689613,
122689598,
122689609,
122689612,
122689599,
122689610,
122689620,
122689621,
122689614,
122689615,
122689617,
122689622,
122689619,
122689623,
122689616,
122689618,
122689624,
122689626,
122689625,
122689628,
122689641,
122689643,
122689627,
122689644,
122689645,
122689646,
122689647,
122689648,
122689651,
122689650,
122689652,
122689653,
122689649,
122689654,
122689677,
122689680,
122689681,
122689679,
122689683,
122689682,
122689688,
122689684,
122689686,
122689689,
122689690,
122689693,
122689692,
122689697,
122689695,
122689694,
122689696,
122689691,
122689698,
122689699,
122689701,
122689700,
122689702,
122689715,
122689716,
122689714,
122706045,
122689717,
122706076,
122689718,
122706077,
122706158,
122706205,
122706197,
122706159,
122706206,
122706273,
122706276,
122706277,
122706298,
122706389,
122706390,
122706393,
122706455,
122706454,
122706457,
122706633,
122706626,
122706637,
122706456,
122706641,
122706643,
122706648,
122706646,
122706651,
122706675,
122706654,
122706885,
122706660,
122706886,
122706899,
122706891,
122706990,
122706994,
122706999,
122707121,
122707123,
122707124,
122707122,
122707125,
122707322,
122707323,
122707325,
122707326,
122707324,
122707327,
122707329,
122711924,
122707328,
122711935,
122711937,
122711942,
122711943,
122711938,
122711936,
122711945,
122711944,
122711947,
122711956,
122711959,
122711961,
122711960,
122711957,
122711958,
122711962,
122711963,
122711966,
122711967,
122712001,
122712005,
122712002,
122712004,
122712003,
122712006,
122712007,
122712008,
122712009,
122712010,
122712011,
122712013,
122712012,
122712014,
122712026,
122712028,
122712032,
122712031,
122712029,
122712065,
122712066,
122712093,
122712067,
122712070,
122712103,
122712105,
122712107,
122712106,
122712108,
122712115,
122712109,
122712116,
122712110,
122712111,
122712114,
122712159,
122712160,
122712162,
122712161,
122712181,
122712166,
122712186,
122712167,
122712179,
122712164,
122712168,
122712184,
122712183,
122712185,
122712391,
122712187,
122712393,
122712344,
122712394,
122712390,
122712405,
122712396,
122712392,
122712407,
122712439,
122712408,
122712406,
122712441,
122712409,
122712440,
122712438,
122712443,
122712437,
122712451,
122712450,
122712446,
122712449,
122712454,
122712447,
122712444,
122712471,
122712472,
122712475,
122712478,
122712476,
122712477,
122712485,
122712518,
122712479,
122712484,
122712482,
122712519,
122712483,
122712520,
122712521,
122712523,
122712526,
122712528,
122712525,
122712527,
122712529,
122712530,
122712531,
122712533,
122712532,
122712538,
122712536,
122712534,
122712540,
122712558,
122712561,
122712562,
122712563,
122712566,
122712564,
122712567,
122712574,
122712571,
122712577,
122712697,
122712699,
122712713,
122712703,
122712710,
122712714,
122712719,
122712717,
122712729,
122712727,
123837190,
123899337,
123899672,
123912108,
123921083,
123929188,
124028419,
124029244,
124029862,
124055802,
124058141,
124101401,
124106062,
124121056,
124116123,
124134761,
124154141,
124158917,
124162989,
124166680,
124165945,
124175530,
124177104,
124177888,
124179695,
124180135,
124186682,
124196011,
124198093,
124198593,
124199153,
124199863,
122712730,
122712731,
122712734,
122712736,
122712737,
122712742,
122712747,
122712750,
122712751,
122712740,
122712753,
122712755,
122712758,
122712757,
122712790,
122712792,
122712794,
122712844,
122712843,
122712937,
122712938,
122712940,
122712939,
122712943,
122712944,
122712946,
122712945,
122712976,
122712978,
122712975,
122712984,
122712980,
122712981,
122712987,
122712989,
122712988,
122712991,
122712990,
122712992,
122712993,
122712997,
122712994,
122713000,
122712998,
122712999,
122713037,
122713036,
122713038,
122713039,
122713041,
122713046,
122713044,
122713045,
122713047,
122713048,
122713051,
122713050,
122713053,
122713049,
122713059,
122713061,
122713060,
122713058,
122713064,
122713062,
122713054,
122713057,
122713108,
122713109,
122713123,
122713125,
122713120,
122713122,
122713118,
122713124,
122713112,
122713121,
122713119,
122713126,
122713127,
122713129,
122713191,
122713190,
122713176,
122713130,
122713184,
122713132,
122713185,
122713259,
122713269,
122713193,
122713258,
122713194,
122713247,
122713192,
122713248,
122713266,
122713346,
122713347,
122713413,
122713405,
122713410,
122713270,
122713414,
122713408,
122713417,
122713418,
122713470,
122713471,
122713586,
122713474,
122713473,
122713585,
122713587,
122713588,
122713648,
122713647,
122713646,
122713589,
122713691,
122713649,
122713692,
122713694,
122713756,
122713734,
122713757,
122713733,
122713732,
122713758,
122713699,
122713932,
122713928,
122713755,
122714235,
122714237,
122714081,
122714089,
122714078,
122713934,
122714083,
122714085,
122714088,
122713935,
122714668,
122714386,
122714666,
122714669,
122714384,
122714239,
122714383,
122714534,
122714858,
122714536,
122732439,
122732440,
122732454,
122732441,
122714859,
122732442,
122732455,
122732445,
122732443,
122732456,
122732461,
122732460,
122732462,
122732459,
122732458,
122732463,
122732457,
122732465,
122732464,
122732474,
122732469,
122732486,
122732471,
122732478,
122732467,
122732472,
122732470,
122732473,
122732484,
122732489,
122732551,
122732493,
122732560,
122732561,
122732559,
122732562,
122732487,
122732540,
122789972,
122790094,
122790288,
122790058,
122790372,
122789863,
122790290,
122790371,
122790889,
122790715,
122790767,
122790871,
122790759,
122790763,
122790762,
122791083,
122790999,
122791087,
122791085,
122791000,
122791089,
122791638,
122791186,
122791814,
122792174,
122791229,
122791636,
122792592,
122792897,
122792780,
122835840,
122835505,
122839781,
122792680,
122840494,
122850346,
122850354,
122850426,
122850353,
122850513,
122850352,
122850758,
122850517,
122850829,
122850837,
122850757,
122850760,
122850611,
122850756,
122850716,
122850875,
122850878,
122851204,
122850966,
122851165,
122851062,
122851032,
122851455,
122851399,
122851450,
122851451,
122851598,
122851462,
122851397,
122851622,
122851691,
122852675,
122851788,
122852190,
122852629,
122852080,
122852295,
122852458,
122886487,
122886561,
122886470,
122886472,
122886571,
122886475,
122886593,
122886615,
122886682,
122886761,
122886686,
122886620,
122886865,
122886684,
122886889,
122887434,
122886886,
122887435,
122887582,
122887588,
122889382,
122889237,
122889553,
122888541,
122888848,
122887595,
122889559,
122890252,
122890319,
122890321,
122889576,
122889567,
122890434,
122920803,
122920750,
122920811,
122890528,
122920751,
122920867,
122920907,
122920909,
122921090,
122920963,
122940597,
122940299,
122921280,
122940643,
122940646,
122940707,
122942454,
122940713,
122941696,
122972141,
122972043,
122972346,
122973617,
122973630,
122974455,
122974368,
122974673,
122975347,
123333812,
123333885,
123335653,
123341531,
123341532,
123341606,
123341652,
123353678,
123353784,
123353662,
123354134,
123367411,
123375262,
123375770,
123365782,
123375909,
123378392,
123400170,
123426843,
123441053,
123601799,
122736878,
122736879,
122736875,
122736922,
122736872,
122736854,
122736963,
122736920,
122736974,
122737348,
122737272,
122737346,
122736979,
122737266,
122737349,
122736975,
122736978,
122737355,
122737395,
122763529,
122737396,
122763530,
122737799,
122737689,
122737397,
122763510,
122763515,
122763662,
122763631,
122763641,
122763974,
122763533,
122763630,
122763532,
122763636,
122763658,
122764012,
122763984,
122764004,
122764010,
122763977,
122764554,
122764547,
122764566,
122764673,
122764708,
122764695,
122764711,
122764689,
122764660,
122764971,
122764707,
122764965,
122764983,
122764973,
122764981,
122765197,
122765519,
122765204,
122764984,
122765179,
122765233,
122765523,
122765540,
122765755,
122765763,
122765736,
122765766,
122765771,
122765738,
122765757,
122766300,
122765745,
122766302,
122766306,
122766321,
122766339,
122766317,
122767204,
122767206,
122767390,
122767385,
122767207,
122767402,
122770219,
122770231,
122770229,
122767405,
122770220,
122767407,
122770236,
122780385,
122780314,
122780633,
122780316,
122780320,
122767404,
122780629,
122780317,
122780397,
122780768,
122780870,
122780911,
122780657,
122780637,
122780635,
122780639,
122780634,
122780636,
122780916,
122780974,
122780982,
122780937,
122780973,
122780971,
122780976,
122780972,
122780979,
122781010,
122781013,
122781014,
122781084,
122781293,
122781295,
122782016,
122782076,
122782077,
122782078,
122782087,
122782094,
122782285,
122782088,
122782095,
122782284,
122782288,
122782382,
122782417,
122782424,
122782391,
122782423,
122782390,
122782425,
122782085,
122782389,
122782523,
122782429,
122782444,
122782427,
122782428,
122782529,
122782524,
122782531,
122782532,
122782557,
122782555,
122782533,
122782562,
122782563,
122782567,
122782582,
122782618,
122782616,
122782583,
122782619,
122782617,
122782565,
122789351,
122789415,
122789540,
122789606,
122789601,
122789610,
122789609,
122789746,
122789851,
122789850,
122732564,
122732566,
122732567,
122732569,
122732574,
122732572,
122732575,
122732571,
122732579,
122732581,
122732616,
122732621,
122732619,
122732628,
122732630,
122732625,
122732629,
122732632,
122732623,
122732631,
122732633,
122732634,
122732636,
122732645,
122732681,
122732640,
122732635,
122732781,
122732638,
122732780,
122732783,
122732786,
122732795,
122732785,
122732797,
122732793,
122732799,
122732798,
122732784,
122732801,
122732926,
122732923,
122732806,
122732921,
122732803,
122732965,
122732924,
122732964,
122732925,
122732922,
122732967,
122732972,
122732971,
122732970,
122732975,
122732966,
122732969,
122732973,
122732976,
122732978,
122732983,
122732982,
122732979,
122732988,
122732980,
122732981,
122732992,
122732993,
122732997,
122733012,
122733011,
122733009,
122733010,
122733015,
122733014,
122733013,
122733016,
122733018,
122733019,
122733023,
122733024,
122733025,
122733021,
122733022,
122733020,
122733026,
122733027,
122733028,
122733029,
122733055,
122733056,
122733058,
122733059,
122733057,
122733134,
122733135,
122733136,
122733137,
122733148,
122733149,
122733142,
122733319,
122733359,
122733362,
122733544,
122733541,
122733361,
122733667,
122733664,
122733668,
122733669,
122733672,
122733670,
122733679,
122733677,
122733675,
122733681,
122733683,
122733682,
122733685,
122733687,
122733686,
122733684,
122733689,
122733690,
122733688,
122733691,
122733692,
122733700,
122733693,
122733704,
122733706,
122733707,
122733705,
122733708,
122733709,
122733710,
122733714,
122733716,
122733715,
122733717,
122733719,
122733718,
122733720,
122733723,
122733724,
122733726,
122733725,
122733727,
122733732,
122733728,
122733733,
122733734,
122733738,
122733736,
122733737,
122733739,
122733744,
122733745,
122733747,
122733746,
122733748,
122733750,
122733768,
122733749,
122733751,
122733770,
122733769,
122733771,
122733774,
122733772,
122733773,
122733777,
122733775,
122733778,
122733776,
122733781,
122733780,
122733782,
122733779,
122733783,
122733792,
122736842,
122736844,
122736849,
122736845,
122736851,
122736848,
122736853,
123606479,
123608196,
123608252,
123608437,
123608444,
123608718,
123622086,
123622090,
123622097,
123622103,
123622111,
123644401,
123649007,
123656246,
123655493,
123661439,
123727607,
123804447,
123804990,
123805063,
123805062,
123809934,
123811222,
123815438,
123006800,
123005918,
123007528,
123006099,
123008284,
123008285,
123009989,
123010022,
123010188,
123010102,
123010104,
123010145,
123031724,
123033625,
123046062,
123072646,
123073387,
123071225,
123072264,
123070347,
123074768,
123125979,
123074944,
123126198,
123126836,
123158604,
123159401,
123241337,
123227698,
123226483,
123242789,
123242813,
123294716,
123294639,
123294973,
123295127,
123295312,
123295448,
123295509,
123295812,
123295831,
123295745,
123295925,
123295975,
123296053,
123312257,
123312339,
123312340,
123313734,
123314160,
123314156,
123330227,
123330228,
123330727,
123330749,
123331153,
123331199,
123333193,
123333243,
123333415,
123333381,
124220193,
124220166,
124220283,
124223255,
124294178,
124294222,
124277704,
124294221,
124294644,
124296816,
124294319,
124312388,
124315196,
124316581,
124311785,
124322416,
124331245,
124331334,
124811543,
124834759,
124836278,
124836234,
124840609,
124844641,
124881680,
124882312,
124882311,
124882739,
124882812,
124882406,
124882569,
124883110,
124883002,
124883111,
124883670,
124883708,
124883880,
124883545,
124965006,
125053822,
125054702,
125090964,
125091054,
125092149,
125092316,
125093712,
125094212,
125094303,
125094735,
125096188,
125102011,
125103282,
125125010,
125125150,
125125684,
125127772,
125135410,
125144409,
125163539,
125163526,
125163883,
125169921,
125166841,
125166038,
125172549,
125200152,
125274971,
125315893,
125318045,
125318469,
125325187,
125325586,
125318187,
125334041,
125331013,
125336142,
125336517,
125339227,
125340048,
125352159,
125352827,
125359717,
125371930,
125398559,
125393026,
125390729,
125406520,
125386262,
125474667,
125425482,
125425826,
125464274,
124339023,
124349468,
124348826,
124359556,
124359484,
124359604,
124359866,
124360188,
124360251,
124369845,
124370230,
124371300,
124371592,
124374139,
124377007,
124397514,
124398036,
124398792,
124398793,
124399987,
124399988,
124400063,
124430211,
124430350,
124430850,
124431235,
124436373,
124437930,
124450403,
124451974,
125567110,
125578045,
125584935,
125586561,
125611820,
125613350,
125622064,
125622115,
125622410,
125625956,
125626428,
125627032,
125627305,
125629334,
125646395,
125647202,
125646532,
125647658,
125651984,
125650113,
125694315,
125699748,
124468389,
124496224,
124498884,
124507423,
124507818,
124507635,
124579240,
124556133,
124584092,
124592714,
124701230,
124721707,
124742694,
124761863,
125838108,
125849899,
125858525,
125855368,
125860505,
125975659,
125975833,
125975851,
125975897,
125976245,
125976032,
125976260,
125976288,
125976348,
125976446,
125979894,
125985537,
125992679,
126003791,
126000039,
126002013,
125994397,
126193771,
126127101,
126199546,
126204174,
126198763,
126224211,
124201701,
124203316,
124207727,
124209803,
124211014,
124213977,
126442248,
127363282,
127422690,
127433584,
127435687,
126869481,
126902303,
126906962,
126916144,
126917927,
126951511,
126968288,
127004492,
127003335,
127003538,
127003525,
127003622,
127003923,
127004549,
127004593,
127004695,
127005218,
127007548,
127007550,
126589059,
126642585,
126642547,
126642486,
126642665,
126642573,
126642788,
126642724,
126643290,
126643240,
126643087,
126643312,
126643226,
126643383,
126643494,
126643477,
126643393,
126643475,
126643654,
126643598,
126643459,
126643674,
126643735,
126643766,
126643781,
126643736,
126643860,
126644111,
126644230,
126644110,
127008426,
127008201,
127008747,
127013792,
127011527,
127011641,
127014694,
127016291,
127015135,
127016911,
127014091,
127016558,
127016972,
127016973,
127018180,
127017450,
127017025,
127019559,
127036020,
127036358,
127038336,
127039258,
127041135,
127041660,
127043883,
127043535,
127043687,
127045255,
127045129,
127045300,
127049412,
127049413,
127047284,
127050599,
127055197,
127055666,
127056948,
127058241,
127056687,
127055200,
127059949,
127061881,
127060060,
127067365,
127123633,
127156254,
127226233,
127278348,
127306620,
127312783,
127611340,
127611539,
127687043,
127687208,
127688625,
127688253,
127688314,
127689450,
127977240,
127978025,
128517864,
128222502,
128670614,
128686546,
128678789,
128743140,
128803058,
129386666,
129387147,
129388994,
129278369,
129278392,
129278457,
129278520,
129278694,
129278714,
129278847,
129279277,
129279404,
129279579,
129279472,
129279514,
129279681,
129278787,
129279614,
129280338,
129280195,
129280197,
129280144,
129279859,
129280222,
129280240,
129280221,
129280533,
129280645,
129280830,
129280717,
129280644,
129280944,
129281004,
129280995,
129280803,
129281268,
129281372,
129281015,
129281069,
129281188,
129281137,
129281373,
129282042,
129282352,
129282358,
129281792,
129282049,
129282699,
129289344,
129284738,
129288158,
129287570,
129288703,
129299887,
129295274,
129289909,
129291039,
129300688,
129294114,
129289911,
129315284,
129310431,
129302168,
129311853,
129305126,
129304570,
129316626,
129315976,
129318097,
129316653,
129316649,
129320471,
129322346,
129321418,
129327024,
129325291,
129325255,
129328003,
129329704,
129335254,
129339212,
129341720,
129343156,
129343160,
129346095,
129351054,
129350425,
129352329,
129351725,
129353468,
129354013,
129353474,
129353481,
129360428,
129362452,
129366044,
129365155,
129364506,
129365570,
129363943,
129364502,
129365165,
129370781,
129367128,
129748249,
129769857,
129761719,
130074516,
130071938,
130078197,
130096535,
130105630,
129389383,
129389629,
129389647,
129389842,
129390397,
129391101,
129391178,
129391443,
129392169,
129394279,
130207850,
130205078,
130205405,
130208472,
130205780,
130209878,
130215552,
130212627,
130218859,
130211703,
130212779,
130235504,
130295254,
129230050,
129246781,
129276602,
129276829,
129277181,
129277004,
129277894,
129277964,
129278045,
129278004,
129278020,
129278157,
129278167,
129278047,
129278239,
129278333,
130433190,
130543239,
129016292,
129066852,
129067983,
129070021,
129066719,
129077218,
129078648,
129103332,
132312107,
130563436,
132027844,
132030111,
130602896,
130602893,
130603027,
130602916,
130602899,
130603022,
130575301,
130602887,
130602890,
130602885,
132030943,
132031773,
132102984,
132857836,
132857797,
132857817,
132858046,
132858155,
132858952,
132858805,
132858869,
132858922,
132858949,
132864241,
132859659,
132910659,
133004915,
133005743,
133254580,
133014329,
133264968,
133279911,
133308854,
132799370,
132799671,
132804214,
132803944,
132805203,
132805337,
132807211,
132807098,
132806666,
132809109,
132810189,
132812500,
132812693,
132814058,
132813980,
132814498,
132815801,
132816609,
132816709,
132817173,
132817105,
132817169,
132816996,
132600149,
132600150,
132600151,
132601313,
132601811,
132602713,
132602714,
132603097,
132603672,
132604343,
132637880,
132644977,
132817974,
132817925,
132818862,
132819485,
132819484,
132820023,
132835945,
132835502,
132840046,
132846384,
132853721,
132853479,
132853938,
132853673,
132854030,
132854161,
132854250,
132854358,
132854209,
132854290,
132854841,
132854840,
132857236,
132857221,
132857295,
132857356,
133047601,
133027161,
133087832,
133087174,
133091703,
133102518,
133104496,
133108351,
133114302,
133115052,
133131157,
133144184,
133164595,
133179875,
133198258,
133201705,
133244843,
132664564,
132665941,
132681560,
132729828,
132721866,
132737810,
132797402,
132797465,
133396151,
133396200,
133396517,
133397444,
133398019,
133398650,
133400392,
133414617,
133414929,
133408346,
133415050,
133418151,
133366563,
133395968,
133395759,
134293375,
134293380,
134293374,
134293385,
134293393,
134293403,
134293406,
134293417,
134293516,
134293631,
134293509,
134293759,
134293811,
134293814,
134293815,
134294203,
134294546,
134294554,
134294865,
134294805,
134294867,
134294933,
134294932,
134295141,
134295242,
134295280,
134295377,
134295380,
134295636,
134295711,
134295710,
134295844,
134295847,
134295848,
134295942,
134296107,
134296205,
134296738,
134297091,
134297227,
134297230,
134297232,
134297398,
134297722,
134297813,
134298190,
134298193,
133873910,
133874117,
133874086,
133874090,
133874127,
133874128,
133874567,
133874311,
133874429,
133874285,
133874707,
133874892,
133874954,
133875003,
133874894,
133875005,
133874706,
133874809,
133875004,
133875640,
133875304,
133875301,
133875869,
133875871,
133875722,
133875829,
133876331,
133875946,
133876611,
133876942,
133876547,
133876545,
133876470,
133876919,
133877390,
133877103,
133877457,
133926360,
133925632,
133945086,
133757573,
134087631,
134087637,
134087634,
134087633,
134160276,
134298194,
134298282,
134298280,
134298574,
134298507,
134414520,
134415205,
135515936,
134689406,
134729181,
134735351,
134736434,
134740007,
134560205,
134557766,
