Provider,Provider Property ID,Expedia ID,Property Manager,Name,Country Code,Public Code,Reason Codes,Messages,Is Live,Meets Go Live Requirements,Regulatory Compliant,Images,Images Minimum,Images Found,Amenities,Amenities Minimum,Amenities Found,Amenities Missing,Special Check-In Instructions,Property Contact,Business Model,Number of Bedrooms,Number of Bathrooms,Taxes,Property Name,Phone,Geo-Coordinates,Address,Structure Type,Currency,Active Products,Active Products Minimum,Active Products Found,Sufficient Inventory,Sufficient Inventory Minimum,Sufficient Inventory Found
EQCTravelStaytion,1052477,134482161,EQCTravelStaytion,Genteel Home San Anton 101,ESP,OnboardingSucceeded,,,False,False,FALSE,FALSE,6,0,N/A,,,,N/A,TRUE,TRUE,TRUE,TRUE,TRUE,N/A,TRUE,TRUE,TRUE,TRUE,TRUE,FALSE,1,0,FALSE,1,0
EQCTravelStaytion,1052474,134482160,EQCTravelStaytion,Genteel Home San Anton 104,ESP,OnboardingSucceeded,,,False,False,FALSE,FALSE,6,0,N/A,,,,N/A,TRUE,TRUE,TRUE,TRUE,TRUE,N/A,TRUE,TRUE,TRUE,TRUE,TRUE,FALSE,1,0,TRUE,1,1
EQCTravelStaytion,1051513,134482154,EQCTravelStaytion,Vitamin Sea - Swimming Pool  Hot Tub  Sea Views,GBR,OnboardingSucceeded,,,False,False,FALSE,FALSE,6,0,N/A,,,,N/A,TRUE,TRUE,TRUE,TRUE,TRUE,N/A,TRUE,TRUE,TRUE,TRUE,TRUE,FALSE,1,0,FALSE,1,0
EQCTravelStaytion,1050630,134482153,EQCTravelStaytion,Stylish Temple House Loft by CTHA,ZAF,OnboardingSucceeded,,,False,False,N/A,FALSE,6,0,N/A,,,,N/A,TRUE,TRUE,TRUE,TRUE,TRUE,N/A,TRUE,TRUE,TRUE,TRUE,TRUE,FALSE,1,0,FALSE,1,0
EQCTravelStaytion,1049509,134482144,EQCTravelStaytion,Serenity on Muscat Bay,OMN,OnboardingFailed,InvalidProperty,"Step FinanceSetup failed for EQCTravelStaytion Property Id: 1049509, Expedia Property Id: 134482144, Correlation Id: 21487501-eb3d-44ef-ba3b-1fd03ee974c9 because of property missing Supplier Finance contract details. ErrorCode: POA-WS-270, Message 45761826 - Currency code OMR not supported for supplier and has propertyEventReasonCode InvalidProperty, This currency is not supported for the finance profile configured. Please work with Expedia support to address this.",,,,,,,,,,,,,,,,,,,,,,,,,,,,
EQCTravelStaytion,1053787,134476832,EQCTravelStaytion,Casa Due Balli   400-Year Historic Valletta House,MLT,OnboardingSucceeded,,,False,False,N/A,FALSE,6,0,N/A,,,,N/A,TRUE,TRUE,TRUE,TRUE,TRUE,N/A,TRUE,TRUE,TRUE,TRUE,TRUE,FALSE,1,0,FALSE,1,0
EQCTravelStaytion,1053760,134474419,EQCTravelStaytion,Modern 3-Bedroom Home Near Westfield  Central Lond,GBR,OnboardingSucceeded,,,False,False,FALSE,FALSE,6,0,N/A,,,,N/A,TRUE,TRUE,TRUE,FALSE,TRUE,N/A,TRUE,TRUE,TRUE,TRUE,TRUE,FALSE,1,0,TRUE,1,1
EQCTravelStaytion,694082,134474391,EQCTravelStaytion," Ginori 3  II in Firenze",ITA,OnboardingSucceeded,,,False,False,FALSE,FALSE,6,0,N/A,,,,N/A,TRUE,TRUE,TRUE,TRUE,TRUE,N/A,TRUE,TRUE,TRUE,TRUE,TRUE,FALSE,1,0,FALSE,1,0
EQCTravelStaytion,1053755,134474374,EQCTravelStaytion,Silkhaus Premium 2BR in Golf Grand Dubai Hills,ARE,OnboardingSucceeded,,,False,False,FALSE,FALSE,6,0,N/A,,,,N/A,TRUE,TRUE,TRUE,TRUE,TRUE,N/A,TRUE,TRUE,TRUE,TRUE,TRUE,FALSE,1,0,TRUE,1,1
EQCTravelStaytion,1053749,134476332,EQCTravelStaytion,Geneve Old Town T3 Apartment,PRT,OnboardingSucceeded,,,False,False,FALSE,FALSE,6,0,N/A,,,,N/A,TRUE,TRUE,TRUE,TRUE,TRUE,N/A,TRUE,TRUE,TRUE,TRUE,TRUE,FALSE,1,0,FALSE,1,0
EQCTravelStaytion,1046830,134482118,EQCTravelStaytion,Urban Breeze   By My Getaways,GBR,OnboardingSucceeded,,,False,False,FALSE,FALSE,6,0,N/A,,,,N/A,TRUE,TRUE,TRUE,TRUE,TRUE,N/A,TRUE,TRUE,FALSE,TRUE,TRUE,FALSE,1,0,FALSE,1,0
EQCTravelStaytion,1053460,134482171,EQCTravelStaytion,Genteel Home Padre Marchena 13 202,ESP,OnboardingSucceeded,,,False,False,FALSE,FALSE,6,0,N/A,,,,N/A,TRUE,TRUE,TRUE,TRUE,TRUE,N/A,TRUE,TRUE,TRUE,TRUE,TRUE,FALSE,1,0,FALSE,1,0
EQCTravelStaytion,1048989,134482143,EQCTravelStaytion,Casina Le Rene     Con Ampio giardino e Piscina Privata,ITA,OnboardingSucceeded,,,False,False,FALSE,FALSE,6,0,N/A,,,,N/A,TRUE,TRUE,TRUE,TRUE,TRUE,N/A,TRUE,TRUE,TRUE,TRUE,TRUE,FALSE,1,0,FALSE,1,0
EQCTravelStaytion,1053783,134475755,EQCTravelStaytion,ESTRELA RIVERSIDE STUDIOS by Homing,PRT,OnboardingSucceeded,,,False,False,FALSE,FALSE,6,0,N/A,,,,N/A,TRUE,TRUE,TRUE,TRUE,TRUE,N/A,TRUE,TRUE,TRUE,TRUE,TRUE,FALSE,1,0,TRUE,1,1
EQCTravelStaytion,1048191,134482138,TravelStaytionAMER,Themed 9BR Villa  Pool  Game Room  Champions Gate,USA,OnboardingSucceeded,,,False,False,N/A,FALSE,6,0,N/A,,,,N/A,TRUE,TRUE,TRUE,TRUE,FALSE,N/A,TRUE,TRUE,TRUE,TRUE,TRUE,FALSE,1,0,TRUE,1,1
EQCTravelStaytion,694107,134487139,EQCTravelStaytion,Ronchetto - Appartamento Atticus,ITA,OnboardingSucceeded,,,False,False,FALSE,FALSE,6,0,N/A,,,,N/A,TRUE,TRUE,FALSE,TRUE,TRUE,N/A,TRUE,TRUE,TRUE,TRUE,TRUE,FALSE,1,0,FALSE,1,0
EQCTravelStaytion,700440,134480655,EQCTravelStaytion,Italianway Easy -  Venezia 33 - B,ITA,OnboardingSucceeded,,,False,False,FALSE,FALSE,6,0,N/A,,,,N/A,TRUE,TRUE,TRUE,TRUE,TRUE,N/A,TRUE,TRUE,TRUE,TRUE,TRUE,FALSE,1,0,TRUE,1,1
EQCTravelStaytion,1053436,134448451,EQCTravelStaytion,Barn Conversion at Kinclune Steading  Angus Glens,GBR,OnboardingSucceeded,,,False,False,N/A,FALSE,6,0,N/A,,,,N/A,TRUE,TRUE,TRUE,TRUE,TRUE,N/A,TRUE,TRUE,TRUE,TRUE,TRUE,FALSE,1,0,TRUE,1,1
EQCTravelStaytion,1053458,134440869,EQCTravelStaytion,Furnished Business Bay Studio w  Balcony,ARE,OnboardingSucceeded,,,False,False,FALSE,FALSE,6,0,N/A,,,,N/A,TRUE,TRUE,FALSE,TRUE,TRUE,N/A,TRUE,TRUE,TRUE,TRUE,TRUE,FALSE,1,0,TRUE,1,1
EQCTravelStaytion,1053478,134449522,TravelStaytionAMER,Classic 5BR Davidson Retreat   Walk Downtown  Pet-Friendly,USA,OnboardingSucceeded,,,False,False,FALSE,FALSE,6,0,N/A,,,,N/A,TRUE,TRUE,TRUE,TRUE,TRUE,N/A,TRUE,TRUE,TRUE,TRUE,TRUE,FALSE,1,0,TRUE,1,1
EQCTravelStaytion,1053438,134448448,EQCTravelStaytion,Kinclune House   Buildings on Private Angus Estate,GBR,OnboardingSucceeded,,,False,False,N/A,FALSE,6,0,N/A,,,,N/A,TRUE,TRUE,TRUE,TRUE,TRUE,N/A,TRUE,TRUE,TRUE,TRUE,TRUE,FALSE,1,0,TRUE,1,1
EQCTravelStaytion,701977,134474763,EQCTravelStaytion,Servi 7A in Firenze with 1 bedrooms and 2 bathrooms,ITA,OnboardingSucceeded,,,False,False,FALSE,FALSE,6,0,N/A,,,,N/A,TRUE,TRUE,TRUE,TRUE,TRUE,N/A,TRUE,TRUE,TRUE,TRUE,TRUE,FALSE,1,0,FALSE,1,0
EQCTravelStaytion,1046724,134482131,EQCTravelStaytion,Royal Victoria Court 7 - Tenby Harbour  Sea Views,GBR,OnboardingSucceeded,,,False,False,FALSE,FALSE,6,0,N/A,,,,N/A,TRUE,TRUE,TRUE,TRUE,TRUE,N/A,TRUE,TRUE,TRUE,TRUE,TRUE,FALSE,1,0,FALSE,1,0
EQCTravelStaytion,1053481,134449526,TravelStaytionAMER,Cozy 3BR Cottage  Sauna  Minutes to Davidson,USA,OnboardingSucceeded,,,False,False,FALSE,FALSE,6,0,N/A,,,,N/A,TRUE,TRUE,TRUE,TRUE,TRUE,N/A,TRUE,TRUE,TRUE,TRUE,TRUE,FALSE,1,0,TRUE,1,1
EQCTravelStaytion,1052838,134382663,TravelStaytionAMER,Casa Brisa 7BD - Kupuri Punta Mita,MEX,OnboardingSucceeded,,,True,True,N/A,TRUE,6,81,N/A,,,,N/A,TRUE,TRUE,N/A,TRUE,TRUE,N/A,TRUE,TRUE,TRUE,TRUE,TRUE,TRUE,1,1,TRUE,1,1
EQCTravelStaytion,1053261,134427928,TravelStaytionAMER,w    Deluxe 1BR  Duplex in Prime Polanco,MEX,OnboardingSucceeded,,,True,True,N/A,TRUE,6,11,N/A,,,,N/A,TRUE,TRUE,N/A,TRUE,TRUE,N/A,TRUE,TRUE,TRUE,TRUE,TRUE,TRUE,1,1,TRUE,1,1
EQCTravelStaytion,1024385,134447241,TravelStaytionAMER,Luxury modern  Villa   Downtown   Convention,USA,OnboardingSucceeded,,,False,False,FALSE,FALSE,6,0,N/A,,,,N/A,TRUE,TRUE,TRUE,TRUE,TRUE,N/A,TRUE,TRUE,TRUE,TRUE,TRUE,FALSE,1,0,TRUE,1,1
EQCTravelStaytion,1053128,134414080,TravelStaytionAMER,The Octopus Garden   One-of-a-Kind 2BR Float Home,CAN,OnboardingSucceeded,,,False,False,FALSE,TRUE,6,43,N/A,,,,N/A,TRUE,TRUE,N/A,TRUE,TRUE,N/A,TRUE,TRUE,TRUE,TRUE,TRUE,TRUE,1,1,TRUE,1,1
EQCTravelStaytion,1053433,134440314,EQCTravelStaytion,Ch  teau de la Villedubois,FRA,OnboardingSucceeded,,,False,False,FALSE,FALSE,6,0,N/A,,,,N/A,TRUE,TRUE,FALSE,TRUE,TRUE,N/A,TRUE,TRUE,TRUE,TRUE,TRUE,FALSE,1,0,TRUE,1,1
EQCTravelStaytion,1053982,134479588,TravelStaytionAMER,Family Friendly Home  Private Pool  Near Disney,USA,OnboardingSucceeded,,,False,False,N/A,FALSE,6,0,N/A,,,,N/A,TRUE,TRUE,TRUE,TRUE,FALSE,N/A,TRUE,TRUE,TRUE,TRUE,TRUE,FALSE,1,0,TRUE,1,1
EQCTravelStaytion,1053765,134474696,EQCTravelStaytion,Free housekeeping visits during your stay - StayShort - Spacious Arabian Ranches Villa sleeps 5,ARE,OnboardingSucceeded,,,False,False,FALSE,FALSE,6,0,N/A,,,,N/A,TRUE,TRUE,TRUE,TRUE,TRUE,N/A,TRUE,TRUE,TRUE,TRUE,TRUE,FALSE,1,0,FALSE,1,0
EQCTravelStaytion,1051761,134482155,TravelStaytionAMER,Go  24 - WINDSOR ISLAND,USA,OnboardingSucceeded,,,False,False,N/A,FALSE,6,0,N/A,,,,N/A,TRUE,TRUE,TRUE,TRUE,FALSE,N/A,TRUE,TRUE,TRUE,TRUE,TRUE,FALSE,1,0,FALSE,1,0
EQCTravelStaytion,1050545,134482152,TravelStaytionAMER,Luxury Beachfront Escape  Sunny Isles,USA,OnboardingSucceeded,,,False,False,FALSE,FALSE,6,0,N/A,,,,N/A,TRUE,TRUE,FALSE,TRUE,TRUE,N/A,TRUE,TRUE,TRUE,TRUE,TRUE,FALSE,1,0,FALSE,1,0
EQCTravelStaytion,694104,134487134,EQCTravelStaytion," Ronchetto - Appartamento Cascina",ITA,OnboardingSucceeded,,,False,False,FALSE,FALSE,6,0,N/A,,,,N/A,TRUE,TRUE,FALSE,TRUE,TRUE,N/A,TRUE,TRUE,TRUE,TRUE,TRUE,FALSE,1,0,FALSE,1,0
EQCTravelStaytion,1053758,134485039,TravelStaytionGRC,Cozy flat on the main square  10min to the sea,GRC,OnboardingSucceeded,,,False,False,FALSE,FALSE,6,0,N/A,,,,N/A,TRUE,TRUE,TRUE,TRUE,TRUE,N/A,TRUE,TRUE,TRUE,TRUE,TRUE,FALSE,1,0,FALSE,1,0
EQCTravelStaytion,694081,134474360,EQCTravelStaytion,Ginori 3 G in Firenze,ITA,OnboardingSucceeded,,,False,False,FALSE,FALSE,6,0,N/A,,,,N/A,TRUE,TRUE,TRUE,TRUE,TRUE,N/A,TRUE,TRUE,TRUE,TRUE,TRUE,FALSE,1,0,FALSE,1,0
EQCTravelStaytion,1046831,134482025,EQCTravelStaytion,Urban Shore   By My Getaways,GBR,OnboardingSucceeded,,,False,False,FALSE,FALSE,6,0,N/A,,,,N/A,TRUE,TRUE,FALSE,FALSE,TRUE,N/A,TRUE,TRUE,TRUE,TRUE,TRUE,FALSE,1,0,FALSE,1,0
EQCTravelStaytion,299649,134471565,EQCTravelStaytion,Five Boutique Rooms - Camera 3,ITA,OnboardingSucceeded,,,False,False,FALSE,FALSE,6,0,N/A,,,,N/A,TRUE,TRUE,TRUE,TRUE,TRUE,N/A,TRUE,TRUE,TRUE,TRUE,TRUE,FALSE,1,0,TRUE,1,1
EQCTravelStaytion,1053780,134475757,EQCTravelStaytion,ESTRELA RIVERSIDE STUDIOS IV by Homing,PRT,OnboardingSucceeded,,,False,False,FALSE,FALSE,6,0,N/A,,,,N/A,TRUE,TRUE,TRUE,TRUE,TRUE,N/A,TRUE,TRUE,TRUE,TRUE,TRUE,FALSE,1,0,TRUE,1,1
EQCTravelStaytion,299647,134470619,EQCTravelStaytion,Five Boutique Rooms - Camera 1,ITA,OnboardingSucceeded,,,False,False,FALSE,FALSE,6,0,N/A,,,,N/A,TRUE,TRUE,FALSE,FALSE,TRUE,N/A,TRUE,TRUE,TRUE,TRUE,TRUE,FALSE,1,0,FALSE,1,0
EQCTravelStaytion,1053781,134475754,EQCTravelStaytion,ESTRELA RIVERSIDE STUDIOS III by Homing,PRT,OnboardingSucceeded,,,False,False,FALSE,FALSE,6,0,N/A,,,,N/A,TRUE,TRUE,TRUE,TRUE,TRUE,N/A,TRUE,TRUE,TRUE,TRUE,TRUE,FALSE,1,0,TRUE,1,1
EQCTravelStaytion,1053463,134482169,EQCTravelStaytion,Genteel Home Padre Marchena 13 001,ESP,OnboardingSucceeded,,,False,False,FALSE,FALSE,6,0,N/A,,,,N/A,TRUE,TRUE,TRUE,TRUE,TRUE,N/A,TRUE,TRUE,TRUE,TRUE,TRUE,FALSE,1,0,FALSE,1,0
EQCTravelStaytion,B19671,134480704,TravelStaytionGRC,Eks Mani Peninsula Retreat,GRC,OnboardingSucceeded,,,False,False,FALSE,FALSE,6,0,N/A,,,,N/A,TRUE,TRUE,TRUE,TRUE,TRUE,N/A,TRUE,TRUE,TRUE,TRUE,TRUE,FALSE,1,0,TRUE,1,1
EQCTravelStaytion,299648,134470613,EQCTravelStaytion,Five Boutique Rooms - Camera 2,ITA,OnboardingSucceeded,,,False,False,FALSE,FALSE,6,0,N/A,,,,N/A,TRUE,TRUE,TRUE,FALSE,TRUE,N/A,TRUE,TRUE,TRUE,TRUE,TRUE,FALSE,1,0,TRUE,1,1
EQCTravelStaytion,1053477,134449543,TravelStaytionAMER,Spacious 4 BR Retreat near Lake Norman with deck,USA,OnboardingSucceeded,,,False,False,FALSE,FALSE,6,0,N/A,,,,N/A,TRUE,TRUE,TRUE,TRUE,TRUE,N/A,TRUE,TRUE,TRUE,TRUE,TRUE,FALSE,1,0,TRUE,1,1
EQCTravelStaytion,299650,134470611,EQCTravelStaytion,Five Boutique Rooms - Camera 4,ITA,OnboardingSucceeded,,,False,False,FALSE,FALSE,6,0,N/A,,,,N/A,TRUE,TRUE,FALSE,TRUE,TRUE,N/A,TRUE,TRUE,TRUE,TRUE,TRUE,FALSE,1,0,TRUE,1,1
EQCTravelStaytion,1053462,134482168,EQCTravelStaytion,Genteel Home Padre Marchena 13 002,ESP,OnboardingSucceeded,,,False,False,FALSE,FALSE,6,0,N/A,,,,N/A,TRUE,TRUE,TRUE,TRUE,TRUE,N/A,TRUE,TRUE,TRUE,TRUE,TRUE,FALSE,1,0,FALSE,1,0
EQCTravelStaytion,1053457,134440871,EQCTravelStaytion,Modern 2BR Retreat   Near Downtown Dubai,ARE,OnboardingSucceeded,,,False,False,FALSE,FALSE,6,0,N/A,,,,N/A,TRUE,TRUE,FALSE,TRUE,TRUE,N/A,TRUE,TRUE,TRUE,TRUE,TRUE,FALSE,1,0,TRUE,1,1
EQCTravelStaytion,1053437,134448449,EQCTravelStaytion,Stylish Barn Conversion  Woodland Views  Angus,GBR,OnboardingSucceeded,,,False,False,N/A,FALSE,6,0,N/A,,,,N/A,TRUE,TRUE,TRUE,TRUE,TRUE,N/A,TRUE,TRUE,TRUE,TRUE,TRUE,FALSE,1,0,TRUE,1,1
EQCTravelStaytion,767587,134463740,EQCTravelStaytion,211 Relais du Lac Village - Italian Homing,ITA,OnboardingSucceeded,,,False,False,FALSE,FALSE,6,0,N/A,,,,N/A,TRUE,TRUE,TRUE,TRUE,TRUE,N/A,TRUE,TRUE,TRUE,TRUE,TRUE,FALSE,1,0,FALSE,1,0
EQCTravelStaytion,1053480,134449519,TravelStaytionAMER,4BR Port Tampa Retreat  Fenced Yard   Patio,USA,OnboardingSucceeded,,,False,False,N/A,FALSE,6,0,N/A,,,,N/A,TRUE,TRUE,TRUE,TRUE,TRUE,N/A,TRUE,TRUE,TRUE,TRUE,TRUE,FALSE,1,0,TRUE,1,1
EQCTravelStaytion,1047856,134482134,EQCTravelStaytion,Malaga 2 Bright Luxury 1BR Central Location,TUN,OnboardingSucceeded,,,False,False,N/A,FALSE,6,0,N/A,,,,N/A,TRUE,TRUE,TRUE,TRUE,TRUE,N/A,TRUE,TRUE,TRUE,TRUE,TRUE,FALSE,1,0,TRUE,1,1
EQCTravelStaytion,1053286,134428042,TravelStaytionAMER,Mountain Views   Sauna   Hot Tub   Movie Theater,USA,OnboardingSucceeded,,,True,True,N/A,TRUE,6,59,N/A,,,,N/A,TRUE,TRUE,N/A,TRUE,TRUE,N/A,TRUE,TRUE,TRUE,TRUE,TRUE,TRUE,1,1,TRUE,1,1
EQCTravelStaytion,1052476,134482162,EQCTravelStaytion,Genteel Home San Anton 102,ESP,OnboardingSucceeded,,,False,False,FALSE,FALSE,6,0,N/A,,,,N/A,TRUE,TRUE,TRUE,TRUE,TRUE,N/A,TRUE,TRUE,TRUE,TRUE,TRUE,FALSE,1,0,FALSE,1,0
EQCTravelStaytion,1053127,134414081,TravelStaytionAMER,Bright Suite w  Private Patio Near Science World,CAN,OnboardingSucceeded,,,False,False,FALSE,TRUE,6,69,N/A,,,,N/A,TRUE,TRUE,N/A,TRUE,FALSE,N/A,TRUE,TRUE,TRUE,TRUE,TRUE,TRUE,1,1,TRUE,1,1
EQCTravelStaytion,1053288,134428039,TravelStaytionAMER,Mtn Retreat w  Hot Tub   Resort Amenities     Grill,USA,OnboardingSucceeded,,,True,True,N/A,TRUE,6,49,N/A,,,,N/A,TRUE,TRUE,N/A,TRUE,TRUE,N/A,TRUE,TRUE,TRUE,TRUE,TRUE,TRUE,1,1,TRUE,1,1
EQCTravelStaytion,694105,134487135,EQCTravelStaytion,Ronchetto - Appartamento Sciura Eugenia,ITA,OnboardingSucceeded,,,False,False,FALSE,FALSE,6,0,N/A,,,,N/A,TRUE,TRUE,FALSE,TRUE,TRUE,N/A,TRUE,TRUE,TRUE,TRUE,TRUE,FALSE,1,0,FALSE,1,0
EQCTravelStaytion,1053500,134457776,TravelStaytionAMER,Bright 2BR North Van Suite   Parking   Laundry,CAN,OnboardingSucceeded,,,False,False,FALSE,FALSE,6,0,N/A,,,,N/A,TRUE,TRUE,TRUE,TRUE,FALSE,N/A,TRUE,TRUE,TRUE,TRUE,TRUE,FALSE,1,0,TRUE,1,1
EQCTravelStaytion,1053985,134479590,TravelStaytionAMER,Chic Home Just 15 Min to Disney,USA,OnboardingSucceeded,,,False,False,N/A,FALSE,6,0,N/A,,,,N/A,TRUE,TRUE,TRUE,TRUE,FALSE,N/A,TRUE,TRUE,TRUE,TRUE,TRUE,FALSE,1,0,FALSE,1,0
EQCTravelStaytion,307734,134447856,EQCTravelStaytion,Italianway Collection - Corso Venezia 7 - Boheme,ITA,OnboardingSucceeded,,,False,False,FALSE,FALSE,6,0,N/A,,,,N/A,TRUE,TRUE,TRUE,TRUE,TRUE,N/A,TRUE,TRUE,TRUE,TRUE,TRUE,FALSE,1,0,TRUE,1,1
EQCTravelStaytion,694058,134474705,EQCTravelStaytion,Proconsolo 9S in Firenze,ITA,OnboardingSucceeded,,,False,False,FALSE,FALSE,6,0,N/A,,,,N/A,TRUE,TRUE,TRUE,TRUE,TRUE,N/A,TRUE,TRUE,TRUE,TRUE,TRUE,FALSE,1,0,FALSE,1,0
EQCTravelStaytion,1036963,134312323,TravelStaytionAMER,Sweet Mimosa Lodge   Indoor Pool  Hot Tub  Views,USA,OnboardingSucceeded,,,True,True,N/A,TRUE,6,55,N/A,,,,N/A,TRUE,TRUE,N/A,TRUE,TRUE,N/A,TRUE,TRUE,TRUE,TRUE,TRUE,TRUE,1,1,TRUE,1,1
EQCTravelStaytion,1053262,134427927,TravelStaytionAMER,w    Sunlit Loft w  Private Terrace in Tabacalera,MEX,OnboardingSucceeded,,,True,True,N/A,TRUE,6,30,N/A,,,,N/A,TRUE,TRUE,N/A,TRUE,TRUE,N/A,TRUE,TRUE,TRUE,TRUE,TRUE,TRUE,1,1,TRUE,1,1
EQCTravelStaytion,1053493,134453909,EQCTravelStaytion,Downs Heights   By My Getaways,GBR,OnboardingSucceeded,,,False,False,FALSE,FALSE,6,0,N/A,,,,N/A,TRUE,TRUE,TRUE,TRUE,TRUE,N/A,TRUE,TRUE,TRUE,TRUE,TRUE,FALSE,1,0,TRUE,1,1
EQCTravelStaytion,1052496,134331863,EQCTravelStaytion,Cadogan Square 3-Bed   Elevator Access,GBR,OnboardingSucceeded,,,False,False,FALSE,TRUE,6,49,N/A,,,,N/A,TRUE,TRUE,N/A,TRUE,TRUE,N/A,TRUE,TRUE,TRUE,TRUE,TRUE,TRUE,1,1,TRUE,1,1
EQCTravelStaytion,1053301,134438071,TravelStaytionGRC,"Solea by Neuvel ",GRC,OnboardingSucceeded,,,False,False,FALSE,FALSE,6,0,N/A,,,,N/A,TRUE,TRUE,TRUE,TRUE,TRUE,N/A,TRUE,TRUE,TRUE,TRUE,TRUE,FALSE,1,0,TRUE,1,1
EQCTravelStaytion,1053491,134453905,EQCTravelStaytion,Medleys Barn   By My Getaways,GBR,OnboardingSucceeded,,,False,False,FALSE,FALSE,6,0,N/A,,,,N/A,TRUE,TRUE,FALSE,FALSE,TRUE,N/A,TRUE,TRUE,TRUE,TRUE,TRUE,FALSE,1,0,TRUE,1,1
EQCTravelStaytion,1052487,134328792,EQCTravelStaytion,Rest and Roam - A Executive Sepal Stay,AUS,OnboardingSucceeded,,,True,True,TRUE,TRUE,6,31,N/A,,,,N/A,TRUE,TRUE,N/A,TRUE,TRUE,N/A,TRUE,TRUE,TRUE,TRUE,TRUE,TRUE,1,1,TRUE,1,1
EQCTravelStaytion,1052486,134324050,TravelStaytionAMER,"Apto com Churrasqueira a 400m da Praia Gravat  ",BRA,OnboardingSucceeded,,,True,True,TRUE,TRUE,6,34,N/A,,,,N/A,TRUE,TRUE,N/A,TRUE,TRUE,N/A,TRUE,TRUE,TRUE,TRUE,TRUE,TRUE,1,1,TRUE,1,1
EQCTravelStaytion,1053484,134453907,EQCTravelStaytion,Bloomsbury Snug   By My Getaways,GBR,OnboardingSucceeded,,,False,False,FALSE,FALSE,6,0,N/A,,,,N/A,TRUE,TRUE,FALSE,FALSE,TRUE,N/A,TRUE,TRUE,FALSE,TRUE,TRUE,FALSE,1,0,TRUE,1,1
EQCTravelStaytion,1052728,134346631,EQCTravelStaytion,Free housekeeping visits during your stay - StayShort - Bright 1 Bedroom Retreat in Dubai Marina that Sleeps 2,ARE,OnboardingSucceeded,,,False,False,FALSE,TRUE,6,39,N/A,,,,N/A,TRUE,TRUE,N/A,TRUE,TRUE,N/A,TRUE,TRUE,TRUE,TRUE,TRUE,TRUE,1,1,TRUE,1,1
EQCTravelStaytion,1036913,134312279,TravelStaytionAMER,Mountain Views   Hot Tub   Firepit   Game Room,USA,OnboardingSucceeded,,,True,True,TRUE,TRUE,6,59,N/A,,,,N/A,TRUE,TRUE,N/A,TRUE,TRUE,N/A,TRUE,TRUE,TRUE,TRUE,TRUE,TRUE,1,1,TRUE,1,1
EQCTravelStaytion,1053282,134428040,EQCTravelStaytion,Stylish 2BR Apt near City Centre - 2 Ensuites   WiFi,GBR,OnboardingSucceeded,,,True,True,TRUE,TRUE,6,32,N/A,,,,N/A,TRUE,TRUE,N/A,TRUE,TRUE,N/A,TRUE,TRUE,TRUE,TRUE,TRUE,TRUE,1,1,TRUE,1,1
EQCTravelStaytion,1036927,134311928,TravelStaytionAMER,The Texan  Heated Pool   Basketball   Slide,USA,OnboardingSucceeded,,,True,True,TRUE,TRUE,6,41,N/A,,,,N/A,TRUE,TRUE,N/A,TRUE,TRUE,N/A,TRUE,TRUE,TRUE,TRUE,TRUE,TRUE,1,1,TRUE,1,1
EQCTravelStaytion,1053255,134427970,TravelStaytionAMER,w     Stylish 1BR in the Heart of Juarez,MEX,OnboardingSucceeded,,,True,True,N/A,TRUE,6,66,N/A,,,,N/A,TRUE,TRUE,N/A,TRUE,TRUE,N/A,TRUE,TRUE,TRUE,TRUE,TRUE,TRUE,1,1,TRUE,1,1
EQCTravelStaytion,1036807,134312133,TravelStaytionAMER,Epic AZ Stay  Pickleball  Putt Putt  Heated Pool,USA,OnboardingSucceeded,,,True,True,TRUE,TRUE,6,87,N/A,,,,N/A,TRUE,TRUE,N/A,TRUE,TRUE,N/A,TRUE,TRUE,TRUE,TRUE,TRUE,TRUE,1,1,TRUE,1,1
EQCTravelStaytion,1036796,134312006,TravelStaytionAMER,2 Home Getaway-Pool-Hot Tub-Pickleball Court,USA,OnboardingSucceeded,,,True,True,N/A,TRUE,6,82,N/A,,,,N/A,TRUE,TRUE,N/A,TRUE,TRUE,N/A,TRUE,TRUE,TRUE,TRUE,TRUE,TRUE,1,1,TRUE,1,1
EQCTravelStaytion,1036931,134312011,TravelStaytionAMER,Gathering House     Movie   Game Room  Hot Tub  Pool,USA,OnboardingSucceeded,,,True,True,TRUE,TRUE,6,105,N/A,,,,N/A,TRUE,TRUE,N/A,TRUE,TRUE,N/A,TRUE,TRUE,TRUE,TRUE,TRUE,TRUE,1,1,TRUE,1,1
EQCTravelStaytion,1036922,134312116,TravelStaytionAMER,Outdoor Oasis     Poolside Movie Nights     Sleeps 16,USA,OnboardingSucceeded,,,True,True,TRUE,TRUE,6,92,N/A,,,,N/A,TRUE,TRUE,N/A,TRUE,TRUE,N/A,TRUE,TRUE,TRUE,TRUE,TRUE,TRUE,1,1,TRUE,1,1
EQCTravelStaytion,1036809,134312209,TravelStaytionAMER,12 Min to Downtown  Sleeps 12   Hot Tub   Fire Pit,USA,OnboardingSucceeded,,,True,True,N/A,TRUE,6,55,N/A,,,,N/A,TRUE,TRUE,N/A,TRUE,TRUE,N/A,TRUE,TRUE,TRUE,TRUE,TRUE,TRUE,1,1,TRUE,1,1
EQCTravelStaytion,1036772,134311839,TravelStaytionAMER,Gulf Shores Retreat   Heated Pool     Lagoon     4BR,USA,OnboardingSucceeded,,,True,True,N/A,TRUE,6,65,N/A,,,,N/A,TRUE,TRUE,N/A,TRUE,TRUE,N/A,TRUE,TRUE,TRUE,TRUE,TRUE,TRUE,1,1,TRUE,1,1
EQCTravelStaytion,1036893,134311877,TravelStaytionAMER,6BR Home   Private Pool   Spa   Games   Gazebo,USA,OnboardingSucceeded,,,True,True,N/A,TRUE,6,41,N/A,,,,N/A,TRUE,TRUE,N/A,TRUE,TRUE,N/A,TRUE,TRUE,TRUE,TRUE,TRUE,TRUE,1,1,TRUE,1,1
EQCTravelStaytion,1036827,134312136,TravelStaytionAMER,Beach Front     7th Floor     Views     Pools     Hot Tub,USA,OnboardingSucceeded,,,True,True,N/A,TRUE,6,46,N/A,,,,N/A,TRUE,TRUE,N/A,TRUE,TRUE,N/A,TRUE,TRUE,TRUE,TRUE,TRUE,TRUE,1,1,TRUE,1,1
EQCTravelStaytion,1036795,134312050,TravelStaytionAMER,The Live Oak  Pickleball-Hot Tub-Dog Friendly,USA,OnboardingSucceeded,,,False,False,N/A,TRUE,6,24,N/A,,,,N/A,TRUE,TRUE,N/A,TRUE,TRUE,N/A,TRUE,TRUE,TRUE,TRUE,TRUE,TRUE,1,1,FALSE,1,0
EQCTravelStaytion,1036770,134311974,TravelStaytionAMER,The Albatross   A Private 14k Sq Ft Golf Resort,USA,OnboardingSucceeded,,,True,True,TRUE,TRUE,6,130,N/A,,,,N/A,TRUE,TRUE,N/A,TRUE,TRUE,N/A,TRUE,TRUE,TRUE,TRUE,TRUE,TRUE,1,1,TRUE,1,1
EQCTravelStaytion,1036890,134312132,TravelStaytionAMER,The Lazy Palm   Lazy River     Pool     Casita,USA,OnboardingSucceeded,,,True,True,TRUE,TRUE,6,93,N/A,,,,N/A,TRUE,TRUE,N/A,TRUE,TRUE,N/A,TRUE,TRUE,TRUE,TRUE,TRUE,TRUE,1,1,TRUE,1,1
EQCTravelStaytion,1036906,134312291,TravelStaytionAMER,Huge Pickleball Mansion Sleeps 26 Pool   Hot Tub,USA,OnboardingSucceeded,,,True,True,N/A,TRUE,6,73,N/A,,,,N/A,TRUE,TRUE,N/A,TRUE,TRUE,N/A,TRUE,TRUE,TRUE,TRUE,TRUE,TRUE,1,1,TRUE,1,1
EQCTravelStaytion,1036873,134312319,TravelStaytionAMER,Scottsdale Estate   Pool     Sport Court     Sleeps 18,USA,OnboardingSucceeded,,,True,True,TRUE,TRUE,6,80,N/A,,,,N/A,TRUE,TRUE,N/A,TRUE,TRUE,N/A,TRUE,TRUE,TRUE,TRUE,TRUE,TRUE,1,1,TRUE,1,1
EQCTravelStaytion,1036774,134311975,TravelStaytionAMER,Birdie Creek Ranch - Private Golf Course Resort,USA,OnboardingSucceeded,,,True,True,N/A,TRUE,6,125,N/A,,,,N/A,TRUE,TRUE,N/A,TRUE,TRUE,N/A,TRUE,TRUE,TRUE,TRUE,TRUE,TRUE,1,1,TRUE,1,1
EQCTravelStaytion,1036837,134312085,TravelStaytionAMER,The Wave House  Sleeps 16 Pool Hot Tub Bikes,USA,OnboardingSucceeded,,,True,True,N/A,TRUE,6,57,N/A,,,,N/A,TRUE,TRUE,N/A,TRUE,TRUE,N/A,TRUE,TRUE,TRUE,TRUE,TRUE,TRUE,1,1,TRUE,1,1
EQCTravelStaytion,1036855,134312014,TravelStaytionAMER,Sleeps 29 Pool Tiki Bar Hot Tub Gym Dogs Welcome,USA,OnboardingSucceeded,,,True,True,N/A,TRUE,6,93,N/A,,,,N/A,TRUE,TRUE,N/A,TRUE,TRUE,N/A,TRUE,TRUE,TRUE,TRUE,TRUE,TRUE,1,1,TRUE,1,1
EQCTravelStaytion,1036902,134312032,TravelStaytionAMER,Backyard Oasis   Pool   Game Room   Sleeps 10,USA,OnboardingSucceeded,,,True,True,N/A,TRUE,6,56,N/A,,,,N/A,TRUE,TRUE,N/A,TRUE,TRUE,N/A,TRUE,TRUE,TRUE,TRUE,TRUE,TRUE,1,1,TRUE,1,1
EQCTravelStaytion,1036724,134312229,TravelStaytionAMER,Minutes to Beach     Dog Friendly     BBQ    Patio,USA,OnboardingSucceeded,,,False,False,FALSE,TRUE,6,45,N/A,,,,N/A,TRUE,TRUE,N/A,TRUE,TRUE,N/A,TRUE,TRUE,TRUE,TRUE,TRUE,TRUE,1,1,TRUE,1,1
EQCTravelStaytion,1036738,134311989,TravelStaytionAMER,The Sedona Sanctuary   Hot Tub   Grotto,USA,OnboardingSucceeded,,,True,True,TRUE,TRUE,6,79,N/A,,,,N/A,TRUE,TRUE,N/A,TRUE,TRUE,N/A,TRUE,TRUE,TRUE,TRUE,TRUE,TRUE,1,1,TRUE,1,1
EQCTravelStaytion,1036789,134311851,TravelStaytionAMER,Private Resort   4 Baths Near Pearl,USA,OnboardingSucceeded,,,False,False,FALSE,TRUE,6,95,N/A,,,,N/A,TRUE,TRUE,N/A,TRUE,TRUE,N/A,TRUE,TRUE,TRUE,TRUE,TRUE,TRUE,1,1,TRUE,1,1
EQCTravelStaytion,1036842,134312179,TravelStaytionAMER,2 Homes     7BR Sleeps 18     Pool     Amazing Mtn Views,USA,OnboardingSucceeded,,,True,True,TRUE,TRUE,6,73,N/A,,,,N/A,TRUE,TRUE,N/A,TRUE,TRUE,N/A,TRUE,TRUE,TRUE,TRUE,TRUE,TRUE,1,1,TRUE,1,1
EQCTravelStaytion,1036819,134312103,TravelStaytionAMER,Pine   Paddle Getaway     Game Room     Hot Tub     Pool,USA,OnboardingSucceeded,,,True,True,N/A,TRUE,6,81,N/A,,,,N/A,TRUE,TRUE,N/A,TRUE,TRUE,N/A,TRUE,TRUE,TRUE,TRUE,TRUE,TRUE,1,1,TRUE,1,1
EQCTravelStaytion,1036799,134312247,TravelStaytionAMER,Cowboy Cove   Pool - Hot Tub - Arcade - Games,USA,OnboardingSucceeded,,,True,True,N/A,TRUE,6,54,N/A,,,,N/A,TRUE,TRUE,N/A,TRUE,TRUE,N/A,TRUE,TRUE,TRUE,TRUE,TRUE,TRUE,1,1,TRUE,1,1
EQCTravelStaytion,1036888,134312327,TravelStaytionAMER,Myrtle Beach Compound   Golf Sim  Pool   Spa   Sleeps 28,USA,OnboardingSucceeded,,,True,True,N/A,TRUE,6,116,N/A,,,,N/A,TRUE,TRUE,N/A,TRUE,TRUE,N/A,TRUE,TRUE,TRUE,TRUE,TRUE,TRUE,1,1,TRUE,1,1
EQCTravelStaytion,1036813,134312022,TravelStaytionAMER,The Haven on Twisted Wood     4BR   3BA     Sleeps 12,USA,OnboardingSucceeded,,,True,True,TRUE,TRUE,6,71,N/A,,,,N/A,TRUE,TRUE,N/A,TRUE,TRUE,N/A,TRUE,TRUE,TRUE,TRUE,TRUE,TRUE,1,1,TRUE,1,1
EQCTravelStaytion,1036896,134312228,TravelStaytionAMER,Upscale Escape     Pool  Hot Tub  Game Room  Firepit,USA,OnboardingSucceeded,,,False,False,FALSE,TRUE,6,83,N/A,,,,N/A,TRUE,TRUE,N/A,TRUE,TRUE,N/A,TRUE,TRUE,TRUE,TRUE,TRUE,TRUE,1,1,TRUE,1,335
EQCTravelStaytion,1036884,134312052,TravelStaytionAMER,Ski-Lee Retreat   Ski     Hike     Explore   Sleeps 10,USA,OnboardingSucceeded,,,True,True,N/A,TRUE,6,44,N/A,,,,N/A,TRUE,TRUE,N/A,TRUE,TRUE,N/A,TRUE,TRUE,TRUE,TRUE,TRUE,TRUE,1,1,TRUE,1,1
EQCTravelStaytion,1036731,134311922,TravelStaytionAMER,Epic Backyard - Pool - Hot Tub - Outdoor Theatre,USA,OnboardingSucceeded,,,True,True,N/A,TRUE,6,71,N/A,,,,N/A,TRUE,TRUE,N/A,TRUE,TRUE,N/A,TRUE,TRUE,TRUE,TRUE,TRUE,TRUE,1,1,TRUE,1,1
EQCTravelStaytion,1036820,134312241,TravelStaytionAMER,Elegant Escape     Sleeps 14     Games  Pool  Fire Pit,USA,OnboardingSucceeded,,,False,False,FALSE,TRUE,6,47,N/A,,,,N/A,TRUE,TRUE,N/A,TRUE,TRUE,N/A,TRUE,TRUE,TRUE,TRUE,TRUE,TRUE,1,1,TRUE,1,1
EQCTravelStaytion,1036835,134312236,TravelStaytionAMER,Memphis Soul Retreat Putting Green   Games,USA,OnboardingSucceeded,,,True,True,N/A,TRUE,6,35,N/A,,,,N/A,TRUE,TRUE,N/A,TRUE,TRUE,N/A,TRUE,TRUE,TRUE,TRUE,TRUE,TRUE,1,1,TRUE,1,1
EQCTravelStaytion,1036898,134312249,TravelStaytionAMER,Honky Tonk Dreams   Pool - Hot Tub - Games,USA,OnboardingSucceeded,,,False,False,FALSE,TRUE,6,71,N/A,,,,N/A,TRUE,TRUE,N/A,TRUE,TRUE,N/A,TRUE,TRUE,TRUE,TRUE,TRUE,TRUE,1,1,TRUE,1,1
EQCTravelStaytion,1036746,134311889,TravelStaytionAMER,Pocono Escape   Fire Pit   Game Room   Lake Access,USA,OnboardingSucceeded,,,True,True,N/A,TRUE,6,51,N/A,,,,N/A,TRUE,TRUE,N/A,TRUE,TRUE,N/A,TRUE,TRUE,TRUE,TRUE,TRUE,TRUE,1,1,TRUE,1,1
EQCTravelStaytion,1036780,134312309,TravelStaytionAMER,Blue Ridge Retreat - Sauna - Hot Tub - Firepit,USA,OnboardingSucceeded,,,True,True,N/A,TRUE,6,52,N/A,,,,N/A,TRUE,TRUE,N/A,TRUE,TRUE,N/A,TRUE,TRUE,TRUE,TRUE,TRUE,TRUE,1,1,TRUE,1,1
EQCTravelStaytion,1036831,134312007,TravelStaytionAMER,The Glow-Up House   Pool  Spa   Glam Room,USA,OnboardingSucceeded,,,True,True,TRUE,TRUE,6,67,N/A,,,,N/A,TRUE,TRUE,N/A,TRUE,TRUE,N/A,TRUE,TRUE,TRUE,TRUE,TRUE,TRUE,1,1,TRUE,1,1
EQCTravelStaytion,1036728,134312260,TravelStaytionAMER,Tropical Tee - Putt Putt - Pool - Hot Tub - Bikes,USA,OnboardingSucceeded,,,True,True,N/A,TRUE,6,67,N/A,,,,N/A,TRUE,TRUE,N/A,TRUE,TRUE,N/A,TRUE,TRUE,TRUE,TRUE,TRUE,TRUE,1,1,TRUE,1,1
EQCTravelStaytion,1036713,134312222,TravelStaytionAMER,Kokomo House     Pool     Hot Tub     Outdoor Games,USA,OnboardingSucceeded,,,True,True,N/A,TRUE,6,93,N/A,,,,N/A,TRUE,TRUE,N/A,TRUE,TRUE,N/A,TRUE,TRUE,TRUE,TRUE,TRUE,TRUE,1,1,TRUE,1,1
EQCTravelStaytion,1036848,134312122,TravelStaytionAMER,Hoch-A-Frame Cabin I Sauna-Hot Tub-Firepit,USA,OnboardingSucceeded,,,True,True,N/A,TRUE,6,72,N/A,,,,N/A,TRUE,TRUE,N/A,TRUE,TRUE,N/A,TRUE,TRUE,TRUE,TRUE,TRUE,TRUE,1,1,TRUE,1,1
EQCTravelStaytion,1036759,134312298,TravelStaytionAMER,The Smoky Mountain Sanctuary   Gym   Sauna,USA,OnboardingSucceeded,,,True,True,N/A,TRUE,6,68,N/A,,,,N/A,TRUE,TRUE,N/A,TRUE,TRUE,N/A,TRUE,TRUE,TRUE,TRUE,TRUE,TRUE,1,1,TRUE,1,1
EQCTravelStaytion,1036742,134312172,TravelStaytionAMER,The Cove   Heated Pool   Lake Access,USA,OnboardingSucceeded,,,True,True,N/A,TRUE,6,94,N/A,,,,N/A,TRUE,TRUE,N/A,TRUE,TRUE,N/A,TRUE,TRUE,TRUE,TRUE,TRUE,TRUE,1,1,TRUE,1,1
EQCTravelStaytion,1036761,134312044,TravelStaytionAMER,Almost Heaven Lodge   Hot Tub   Mtn Views,USA,OnboardingSucceeded,,,True,True,N/A,TRUE,6,53,N/A,,,,N/A,TRUE,TRUE,N/A,TRUE,TRUE,N/A,TRUE,TRUE,TRUE,TRUE,TRUE,TRUE,1,1,TRUE,1,1
EQCTravelStaytion,1036672,134311912,TravelStaytionAMER,Sleeps 12     Game Room     Theatre     Tiki Bar     Pool,USA,OnboardingSucceeded,,,True,True,N/A,TRUE,6,79,N/A,,,,N/A,TRUE,TRUE,N/A,TRUE,TRUE,N/A,TRUE,TRUE,TRUE,TRUE,TRUE,TRUE,1,1,TRUE,1,1
EQCTravelStaytion,1036685,134311916,TravelStaytionAMER,Top Floor Loft 3BR w  Skylights   Spa   Walkable,USA,OnboardingSucceeded,,,False,False,FALSE,TRUE,6,55,N/A,,,,N/A,TRUE,TRUE,N/A,TRUE,TRUE,N/A,TRUE,TRUE,TRUE,TRUE,TRUE,TRUE,1,1,TRUE,1,1
EQCTravelStaytion,1036656,134312261,TravelStaytionAMER,Resort-Style Stay  Pool  Gym   Bowling,USA,OnboardingSucceeded,,,False,False,FALSE,TRUE,6,41,N/A,,,,N/A,TRUE,TRUE,N/A,TRUE,TRUE,N/A,TRUE,TRUE,TRUE,TRUE,TRUE,TRUE,1,1,TRUE,1,1
EQCTravelStaytion,1036486,134312047,TravelStaytionAMER,4 Minutes to Beach   Pool   Hot Tub   Game Room,USA,OnboardingSucceeded,,,True,True,N/A,TRUE,6,58,N/A,,,,N/A,TRUE,TRUE,N/A,TRUE,TRUE,N/A,TRUE,TRUE,TRUE,TRUE,TRUE,TRUE,1,1,TRUE,1,1
EQCTravelStaytion,1036563,134312195,TravelStaytionAMER,Resort-Style Oasis     Pool     Mini Golf     Playground,USA,OnboardingSucceeded,,,True,True,N/A,TRUE,6,75,N/A,,,,N/A,TRUE,TRUE,N/A,TRUE,TRUE,N/A,TRUE,TRUE,TRUE,TRUE,TRUE,TRUE,1,1,TRUE,1,1
EQCTravelStaytion,1036507,134312166,TravelStaytionAMER,Private Dock Heated Pool Hot Tub Game Room Fun,USA,OnboardingSucceeded,,,True,True,N/A,TRUE,6,66,N/A,,,,N/A,TRUE,TRUE,N/A,TRUE,TRUE,N/A,TRUE,TRUE,TRUE,TRUE,TRUE,TRUE,1,1,TRUE,1,1
EQCTravelStaytion,1036517,134311793,TravelStaytionAMER,Wild West     Pool     Sportcourt     Hot Tub     Fire Pit,USA,OnboardingSucceeded,,,True,True,TRUE,TRUE,6,56,N/A,,,,N/A,TRUE,TRUE,N/A,TRUE,TRUE,N/A,TRUE,TRUE,TRUE,TRUE,TRUE,TRUE,1,1,TRUE,1,1
EQCTravelStaytion,1036518,134312081,TravelStaytionAMER,Sleeps 14  Pool Hot Tub Sauna Pickleball Arcade,USA,OnboardingSucceeded,,,True,True,N/A,TRUE,6,114,N/A,,,,N/A,TRUE,TRUE,N/A,TRUE,TRUE,N/A,TRUE,TRUE,TRUE,TRUE,TRUE,TRUE,1,1,TRUE,1,1
EQCTravelStaytion,1036533,134311817,TravelStaytionAMER,Pool  Grill  Games   Chill - Surprise Awaits,USA,OnboardingSucceeded,,,True,True,TRUE,TRUE,6,60,N/A,,,,N/A,TRUE,TRUE,N/A,TRUE,TRUE,N/A,TRUE,TRUE,TRUE,TRUE,TRUE,TRUE,1,1,TRUE,1,1
EQCTravelStaytion,1036453,134311697,TravelStaytionAMER,Luxury Beachfront Retreat Pool Game Room Sleeps 16,USA,OnboardingSucceeded,,,True,True,N/A,TRUE,6,95,N/A,,,,N/A,TRUE,TRUE,N/A,TRUE,TRUE,N/A,TRUE,TRUE,TRUE,TRUE,TRUE,TRUE,1,1,TRUE,1,1
EQCTravelStaytion,1036547,134311880,TravelStaytionAMER,Sleeps 10  Heated Pool Putt Putt Dogs Welcome,USA,OnboardingSucceeded,,,True,True,TRUE,TRUE,6,39,N/A,,,,N/A,TRUE,TRUE,N/A,TRUE,TRUE,N/A,TRUE,TRUE,TRUE,TRUE,TRUE,TRUE,1,1,TRUE,1,1
EQCTravelStaytion,1036514,134311799,TravelStaytionAMER,Stunning Views Hot Tub Games Fireplace DogFriendly,USA,OnboardingSucceeded,,,True,True,N/A,TRUE,6,47,N/A,,,,N/A,TRUE,TRUE,N/A,TRUE,TRUE,N/A,TRUE,TRUE,TRUE,TRUE,TRUE,TRUE,1,1,TRUE,1,1
EQCTravelStaytion,1036466,134311960,TravelStaytionAMER,Canal Views   Pool   2 Min to Beach   Fishing Pier,USA,OnboardingSucceeded,,,True,True,N/A,TRUE,6,40,N/A,,,,N/A,TRUE,TRUE,N/A,TRUE,TRUE,N/A,TRUE,TRUE,TRUE,TRUE,TRUE,TRUE,1,1,TRUE,1,1
EQCTravelStaytion,1036480,134311746,TravelStaytionAMER,Blue Ridge Cabin Stunning Views  Hot Tub Game Room,USA,OnboardingSucceeded,,,True,True,N/A,TRUE,6,47,N/A,,,,N/A,TRUE,TRUE,N/A,TRUE,TRUE,N/A,TRUE,TRUE,TRUE,TRUE,TRUE,TRUE,1,1,TRUE,1,1
EQCTravelStaytion,1036452,134312062,TravelStaytionAMER,4 Br Haven Pool Hot Tub Arcade Fire Pit Putt Putt,USA,OnboardingSucceeded,,,True,True,N/A,TRUE,6,81,N/A,,,,N/A,TRUE,TRUE,N/A,TRUE,TRUE,N/A,TRUE,TRUE,TRUE,TRUE,TRUE,TRUE,1,1,TRUE,1,159
EQCTravelStaytion,1036473,134311938,TravelStaytionAMER,Epic Family Getaway   Sport Court   Heated Pool,USA,OnboardingSucceeded,,,True,True,TRUE,TRUE,6,76,N/A,,,,N/A,TRUE,TRUE,N/A,TRUE,TRUE,N/A,TRUE,TRUE,TRUE,TRUE,TRUE,TRUE,1,1,TRUE,1,1
EQCTravelStaytion,1036487,134312151,TravelStaytionAMER,Mountain Retreat  Views  Sauna  Hot Tub  Arcade,USA,OnboardingSucceeded,,,True,True,TRUE,TRUE,6,53,N/A,,,,N/A,TRUE,TRUE,N/A,TRUE,TRUE,N/A,TRUE,TRUE,TRUE,TRUE,TRUE,TRUE,1,1,TRUE,1,1
EQCTravelStaytion,1036435,134311855,TravelStaytionAMER,Golf Sim Pickleball Theater Sauna Games Sleeps 24,USA,OnboardingSucceeded,,,True,True,N/A,TRUE,6,103,N/A,,,,N/A,TRUE,TRUE,N/A,TRUE,TRUE,N/A,TRUE,TRUE,TRUE,TRUE,TRUE,TRUE,1,1,TRUE,1,1
EQCTravelStaytion,1036450,134311674,TravelStaytionAMER,The Desert Daze  Minutes to Old Town   Pool   Spa,USA,OnboardingSucceeded,,,True,True,TRUE,TRUE,6,73,N/A,,,,N/A,TRUE,TRUE,N/A,TRUE,TRUE,N/A,TRUE,TRUE,TRUE,TRUE,TRUE,TRUE,1,1,TRUE,1,1
EQCTravelStaytion,1036505,134311950,TravelStaytionAMER,Pool  Hot Tub  Game Room   More - Sleeps 10,USA,OnboardingSucceeded,,,True,True,N/A,TRUE,6,52,N/A,,,,N/A,TRUE,TRUE,N/A,TRUE,TRUE,N/A,TRUE,TRUE,TRUE,TRUE,TRUE,TRUE,1,1,TRUE,1,1
EQCTravelStaytion,1036470,134311731,TravelStaytionAMER,Sleeps 14     Hot Tub     Sauna    Fire Pit     New Build,USA,OnboardingSucceeded,,,True,True,N/A,TRUE,6,73,N/A,,,,N/A,TRUE,TRUE,N/A,TRUE,TRUE,N/A,TRUE,TRUE,TRUE,TRUE,TRUE,TRUE,1,1,TRUE,1,1
EQCTravelStaytion,1036498,134312009,TravelStaytionAMER,Sleeps 24 Waterfront Dock Golf Cart Walk to Beach,USA,OnboardingSucceeded,,,True,True,N/A,TRUE,6,63,N/A,,,,N/A,TRUE,TRUE,N/A,TRUE,TRUE,N/A,TRUE,TRUE,TRUE,TRUE,TRUE,TRUE,1,1,TRUE,1,1
EQCTravelStaytion,1036445,134311757,TravelStaytionAMER,The Citrus House   Pool   Hot Tub Right in Arcadia,USA,OnboardingSucceeded,,,True,True,TRUE,TRUE,6,70,N/A,,,,N/A,TRUE,TRUE,N/A,TRUE,TRUE,N/A,TRUE,TRUE,TRUE,TRUE,TRUE,TRUE,1,1,TRUE,1,1
EQCTravelStaytion,1036492,134312046,TravelStaytionAMER,10 Minutes to Augusta National   by Riverwalk,USA,OnboardingSucceeded,,,True,True,N/A,TRUE,6,31,N/A,,,,N/A,TRUE,TRUE,N/A,TRUE,TRUE,N/A,TRUE,TRUE,TRUE,TRUE,TRUE,TRUE,1,1,TRUE,1,1
EQCTravelStaytion,1036497,134311812,TravelStaytionAMER,5 Min to Hatley Pointe Hot Tub Games Dog Friendly,USA,OnboardingSucceeded,,,True,True,TRUE,TRUE,6,28,N/A,,,,N/A,TRUE,TRUE,N/A,TRUE,TRUE,N/A,TRUE,TRUE,TRUE,TRUE,TRUE,TRUE,1,1,TRUE,1,1
EQCTravelStaytion,1036502,134311819,TravelStaytionAMER,Sleeps 8  Tiki Bar Pool Hot Tub Fire Pit,USA,OnboardingSucceeded,,,True,True,N/A,TRUE,6,61,N/A,,,,N/A,TRUE,TRUE,N/A,TRUE,TRUE,N/A,TRUE,TRUE,TRUE,TRUE,TRUE,TRUE,1,1,TRUE,1,1
EQCTravelStaytion,1036449,134311702,TravelStaytionAMER,The Evergreen   Close to Skiing   Sauna Spa,USA,OnboardingSucceeded,,,True,True,N/A,TRUE,6,85,N/A,,,,N/A,TRUE,TRUE,N/A,TRUE,TRUE,N/A,TRUE,TRUE,TRUE,TRUE,TRUE,TRUE,1,1,TRUE,1,1
EQCTravelStaytion,1036490,134311825,TravelStaytionAMER,Ocean Views I Sleeps 12 I Walk to Beach I Pool,USA,OnboardingSucceeded,,,True,True,TRUE,TRUE,6,51,N/A,,,,N/A,TRUE,TRUE,N/A,TRUE,TRUE,N/A,TRUE,TRUE,TRUE,TRUE,TRUE,TRUE,1,1,TRUE,1,1
EQCTravelStaytion,1036415,134312169,TravelStaytionAMER,Surreal Views Outdoor Fireplace Pool Table Hot Tub,USA,OnboardingSucceeded,,,True,True,N/A,TRUE,6,47,N/A,,,,N/A,TRUE,TRUE,N/A,TRUE,TRUE,N/A,TRUE,TRUE,TRUE,TRUE,TRUE,TRUE,1,1,TRUE,1,1
EQCTravelStaytion,1036399,134311945,TravelStaytionAMER,Sport Court   Private Heated Pool   Mini Golf   More,USA,OnboardingSucceeded,,,True,True,TRUE,TRUE,6,57,N/A,,,,N/A,TRUE,TRUE,N/A,TRUE,TRUE,N/A,TRUE,TRUE,TRUE,TRUE,TRUE,TRUE,1,1,TRUE,1,1
EQCTravelStaytion,1036377,134311688,TravelStaytionAMER,Lakeside 5BR Retreat   Pool   Hot Tub,USA,OnboardingSucceeded,,,True,True,TRUE,TRUE,6,46,N/A,,,,N/A,TRUE,TRUE,N/A,TRUE,TRUE,N/A,TRUE,TRUE,TRUE,TRUE,TRUE,TRUE,1,1,TRUE,1,128
EQCTravelStaytion,1036363,134311864,TravelStaytionAMER,4 Br Mtn Cabin  Sauna Hot Tub Fire Pit Putt Putt,USA,OnboardingSucceeded,,,True,True,N/A,TRUE,6,92,N/A,,,,N/A,TRUE,TRUE,N/A,TRUE,TRUE,N/A,TRUE,TRUE,TRUE,TRUE,TRUE,TRUE,1,1,TRUE,1,1
EQCTravelStaytion,1036388,134311680,TravelStaytionAMER,Sunrise Beach Private Heated Pool Arcade Games,USA,OnboardingSucceeded,,,True,True,N/A,TRUE,6,41,N/A,,,,N/A,TRUE,TRUE,N/A,TRUE,TRUE,N/A,TRUE,TRUE,TRUE,TRUE,TRUE,TRUE,1,1,TRUE,1,1
EQCTravelStaytion,1036381,134311683,TravelStaytionAMER,The Sunset Peak  Sleeps 18 Heated Pool  Hot Tub,USA,OnboardingSucceeded,,,True,True,TRUE,TRUE,6,70,N/A,,,,N/A,TRUE,TRUE,N/A,TRUE,TRUE,N/A,TRUE,TRUE,TRUE,TRUE,TRUE,TRUE,1,1,TRUE,1,1
EQCTravelStaytion,1036380,134311654,TravelStaytionAMER,Movie Theater  Pool  Arcade  Fire Pit,USA,OnboardingSucceeded,,,True,True,TRUE,TRUE,6,52,N/A,,,,N/A,TRUE,TRUE,N/A,TRUE,TRUE,N/A,TRUE,TRUE,TRUE,TRUE,TRUE,TRUE,1,1,TRUE,1,1
EQCTravelStaytion,1036338,134311728,TravelStaytionAMER,Stairway to Seven- Private Pool   Hammocks,USA,OnboardingSucceeded,,,True,True,N/A,TRUE,6,46,N/A,,,,N/A,TRUE,TRUE,N/A,TRUE,TRUE,N/A,TRUE,TRUE,TRUE,TRUE,TRUE,TRUE,1,1,TRUE,1,1
EQCTravelStaytion,1036365,134311738,TravelStaytionAMER,The Triple Timber in Mars Hill,USA,OnboardingSucceeded,,,True,True,TRUE,TRUE,6,94,N/A,,,,N/A,TRUE,TRUE,N/A,TRUE,TRUE,N/A,TRUE,TRUE,TRUE,TRUE,TRUE,TRUE,1,1,TRUE,1,1
EQCTravelStaytion,1036375,134311690,TravelStaytionAMER,Seagull 26- Newly Renovated   Close to Beach,USA,OnboardingSucceeded,,,True,True,N/A,TRUE,6,19,N/A,,,,N/A,TRUE,TRUE,N/A,TRUE,TRUE,N/A,TRUE,TRUE,TRUE,TRUE,TRUE,TRUE,1,1,TRUE,1,1
EQCTravelStaytion,1036366,134312054,TravelStaytionAMER,Outdoor Fireplace TV Hot Tub Pool Table Arcade,USA,OnboardingSucceeded,,,True,True,N/A,TRUE,6,52,N/A,,,,N/A,TRUE,TRUE,N/A,TRUE,TRUE,N/A,TRUE,TRUE,TRUE,TRUE,TRUE,TRUE,1,1,TRUE,1,1
EQCTravelStaytion,1036344,134311681,TravelStaytionAMER,Mustang Island Beach Side Sanctuary Game Room,USA,OnboardingSucceeded,,,True,False,N/A,TRUE,6,54,N/A,,,,N/A,TRUE,TRUE,N/A,TRUE,TRUE,N/A,TRUE,TRUE,TRUE,TRUE,TRUE,TRUE,1,1,FALSE,1,0
EQCTravelStaytion,1036355,134311964,TravelStaytionAMER,Minutes to Wineries  Outdoor Oasis   Pool Table,USA,OnboardingSucceeded,,,True,True,TRUE,TRUE,6,43,N/A,,,,N/A,TRUE,TRUE,N/A,TRUE,TRUE,N/A,TRUE,TRUE,TRUE,TRUE,TRUE,TRUE,1,1,TRUE,1,1
EQCTravelStaytion,1036346,134311704,TravelStaytionAMER,The Sandpiper  Private Deck  Bay Boat Parking,USA,OnboardingSucceeded,,,True,True,N/A,TRUE,6,37,N/A,,,,N/A,TRUE,TRUE,N/A,TRUE,TRUE,N/A,TRUE,TRUE,TRUE,TRUE,TRUE,TRUE,1,1,TRUE,1,1
EQCTravelStaytion,1036359,134311956,TravelStaytionAMER,Mtn Retreat  Movie Theater Arcade Hot Tub Slps 10,USA,OnboardingSucceeded,,,True,True,N/A,TRUE,6,60,N/A,,,,N/A,TRUE,TRUE,N/A,TRUE,TRUE,N/A,TRUE,TRUE,TRUE,TRUE,TRUE,TRUE,1,1,TRUE,1,155
EQCTravelStaytion,1036345,134312051,TravelStaytionAMER,Salty Pelican - Family Friendly   Community Pool,USA,OnboardingSucceeded,,,True,True,N/A,TRUE,6,29,N/A,,,,N/A,TRUE,TRUE,N/A,TRUE,TRUE,N/A,TRUE,TRUE,TRUE,TRUE,TRUE,TRUE,1,1,TRUE,1,1
EQCTravelStaytion,1036315,134311736,TravelStaytionAMER,RNR Cottage- Screen Porch   Pet Friendly,USA,OnboardingSucceeded,,,True,True,N/A,TRUE,6,17,N/A,,,,N/A,TRUE,TRUE,N/A,TRUE,TRUE,N/A,TRUE,TRUE,TRUE,TRUE,TRUE,TRUE,1,1,TRUE,1,1
EQCTravelStaytion,1036290,134311664,TravelStaytionAMER,Captains Quarters Large Pool Boardwalk to Beach,USA,OnboardingSucceeded,,,True,True,N/A,TRUE,6,28,N/A,,,,N/A,TRUE,TRUE,N/A,TRUE,TRUE,N/A,TRUE,TRUE,TRUE,TRUE,TRUE,TRUE,1,1,TRUE,1,1
EQCTravelStaytion,1036316,134311876,TravelStaytionAMER,Kahuna Cottage- Family Friendly   Fenced Yard,USA,OnboardingSucceeded,,,True,True,N/A,TRUE,6,24,N/A,,,,N/A,TRUE,TRUE,N/A,TRUE,TRUE,N/A,TRUE,TRUE,TRUE,TRUE,TRUE,TRUE,1,1,TRUE,1,1
EQCTravelStaytion,1036309,134311742,TravelStaytionAMER,Nauti Mermaid Private Pool Sleeps 14 Dog Friendly,USA,OnboardingSucceeded,,,True,True,N/A,TRUE,6,44,N/A,,,,N/A,TRUE,TRUE,N/A,TRUE,TRUE,N/A,TRUE,TRUE,TRUE,TRUE,TRUE,TRUE,1,1,TRUE,1,1
EQCTravelStaytion,1036287,134311752,TravelStaytionAMER,Lake Views   Hot Tub   Fire Pit   Micro Events,USA,OnboardingSucceeded,,,True,True,N/A,TRUE,6,73,N/A,,,,N/A,TRUE,TRUE,N/A,TRUE,TRUE,N/A,TRUE,TRUE,TRUE,TRUE,TRUE,TRUE,1,1,TRUE,1,1
EQCTravelStaytion,1036326,134311859,TravelStaytionAMER,Beach Please- Family Friendly   Community Pool,USA,OnboardingSucceeded,,,True,True,N/A,TRUE,6,24,N/A,,,,N/A,TRUE,TRUE,N/A,TRUE,TRUE,N/A,TRUE,TRUE,TRUE,TRUE,TRUE,TRUE,1,1,TRUE,1,1
EQCTravelStaytion,1036310,134311796,TravelStaytionAMER,Sunshine Cottage- Fire Pit   Fenced in Yard,USA,OnboardingSucceeded,,,True,True,N/A,TRUE,6,15,N/A,,,,N/A,TRUE,TRUE,N/A,TRUE,TRUE,N/A,TRUE,TRUE,TRUE,TRUE,TRUE,TRUE,1,1,TRUE,1,1
EQCTravelStaytion,1036285,134312087,TravelStaytionAMER,Long-Range Views   Game Room   Fire Pit   Pets,USA,OnboardingSucceeded,,,True,True,N/A,TRUE,6,32,N/A,,,,N/A,TRUE,TRUE,N/A,TRUE,TRUE,N/A,TRUE,TRUE,TRUE,TRUE,TRUE,TRUE,1,1,TRUE,1,1
EQCTravelStaytion,1036286,134311644,TravelStaytionAMER,Lake Lure  Game Room   Fire Pit   Resort Access,USA,OnboardingSucceeded,,,True,True,TRUE,TRUE,6,38,N/A,,,,N/A,TRUE,TRUE,N/A,TRUE,TRUE,N/A,TRUE,TRUE,TRUE,TRUE,TRUE,TRUE,1,1,TRUE,1,13
EQCTravelStaytion,1036295,134311642,TravelStaytionAMER,Right near Old Town  4BR with Heated Pool,USA,OnboardingSucceeded,,,True,True,TRUE,TRUE,6,35,N/A,,,,N/A,TRUE,TRUE,N/A,TRUE,TRUE,N/A,TRUE,TRUE,TRUE,TRUE,TRUE,TRUE,1,1,TRUE,1,1
EQCTravelStaytion,1036281,134311766,TravelStaytionAMER,7k SqFt Estate - Epic Amenities   Fun - Sleeps 20,USA,OnboardingSucceeded,,,True,True,TRUE,TRUE,6,136,N/A,,,,N/A,TRUE,TRUE,N/A,TRUE,TRUE,N/A,TRUE,TRUE,TRUE,TRUE,TRUE,TRUE,1,1,TRUE,1,168
EQCTravelStaytion,1036288,134311637,TravelStaytionAMER,Beach Bliss  Movie Theater Putt Putt Pool,USA,OnboardingSucceeded,,,True,True,N/A,TRUE,6,43,N/A,,,,N/A,TRUE,TRUE,N/A,TRUE,TRUE,N/A,TRUE,TRUE,TRUE,TRUE,TRUE,TRUE,1,1,TRUE,1,1
EQCTravelStaytion,1036293,134311814,TravelStaytionAMER,Buena Vista- Ocean View   Large Pool   Boardwalk,USA,OnboardingSucceeded,,,True,True,N/A,TRUE,6,25,N/A,,,,N/A,TRUE,TRUE,N/A,TRUE,TRUE,N/A,TRUE,TRUE,TRUE,TRUE,TRUE,TRUE,1,1,TRUE,1,1
EQCTravelStaytion,1036035,134311649,TravelStaytionAMER,Views For Miles    Hot Tub  Pool Table Poker Table,USA,OnboardingSucceeded,,,True,True,N/A,TRUE,6,48,N/A,,,,N/A,TRUE,TRUE,N/A,TRUE,TRUE,N/A,TRUE,TRUE,TRUE,TRUE,TRUE,TRUE,1,1,TRUE,1,1
EQCTravelStaytion,1036278,134311647,TravelStaytionAMER,2 Deck Views   Pool Table   Hot Tub   Spacious,USA,OnboardingSucceeded,,,True,True,TRUE,TRUE,6,36,N/A,,,,N/A,TRUE,TRUE,N/A,TRUE,TRUE,N/A,TRUE,TRUE,TRUE,TRUE,TRUE,TRUE,1,1,TRUE,1,1
EQCTravelStaytion,1036274,134311667,TravelStaytionAMER,Deerfield Beach  10 min 2 beach Hot Tub Pool Table,USA,OnboardingSucceeded,,,True,True,N/A,TRUE,6,39,N/A,,,,N/A,TRUE,TRUE,N/A,TRUE,TRUE,N/A,TRUE,TRUE,TRUE,TRUE,TRUE,TRUE,1,1,TRUE,1,1
EQCTravelStaytion,1036272,134311650,TravelStaytionAMER,Resort Style Backyard Heated Pool Hot Tub Fire Pit,USA,OnboardingSucceeded,,,True,True,N/A,TRUE,6,51,N/A,,,,N/A,TRUE,TRUE,N/A,TRUE,TRUE,N/A,TRUE,TRUE,TRUE,TRUE,TRUE,TRUE,1,1,TRUE,1,1
EQCTravelStaytion,1052456,134306922,EQCTravelStaytion,Free housekeeping visits during your stay - StayShort - Modern 1BR in Prime Business Bay - 4 Guests,ARE,OnboardingSucceeded,,,False,False,FALSE,TRUE,6,41,N/A,,,,N/A,TRUE,TRUE,N/A,TRUE,TRUE,N/A,TRUE,TRUE,TRUE,TRUE,TRUE,TRUE,1,1,TRUE,1,1
EQCTravelStaytion,1036036,134311639,TravelStaytionAMER,Private Mountain Getaway - Movie Theater - Hot Tub,USA,OnboardingSucceeded,,,True,True,N/A,TRUE,6,69,N/A,,,,N/A,TRUE,TRUE,N/A,TRUE,TRUE,N/A,TRUE,TRUE,TRUE,TRUE,TRUE,TRUE,1,1,TRUE,1,1
EQCTravelStaytion,1052458,134306919,EQCTravelStaytion,Free housekeeping visits during your stay - StayShort - Contemporary Studio Sleeps 2 in JVC,ARE,OnboardingSucceeded,,,False,False,FALSE,TRUE,6,34,N/A,,,,N/A,TRUE,TRUE,N/A,TRUE,TRUE,N/A,TRUE,TRUE,TRUE,TRUE,TRUE,TRUE,1,1,TRUE,1,1
EQCTravelStaytion,1036271,134311641,TravelStaytionAMER,7 min to Hatley Pointe  Views  Hot Tub  2 Decks,USA,OnboardingSucceeded,,,True,True,TRUE,TRUE,6,51,N/A,,,,N/A,TRUE,TRUE,N/A,TRUE,TRUE,N/A,TRUE,TRUE,TRUE,TRUE,TRUE,TRUE,1,1,TRUE,1,1
EQCTravelStaytion,1052300,134301475,TravelStaytionGRC,126 PAP - STAY Villa Nefeli,CYP,OnboardingSucceeded,,,True,True,N/A,TRUE,6,47,N/A,,,,N/A,TRUE,TRUE,N/A,TRUE,TRUE,N/A,TRUE,TRUE,TRUE,TRUE,TRUE,TRUE,1,1,TRUE,1,1
EQCTravelStaytion,1030157,134301358,EQCTravelStaytion,Modern 2BR House   Garden   Parking   Sleeps 4,GBR,OnboardingSucceeded,,,True,True,TRUE,TRUE,6,42,N/A,,,,N/A,TRUE,TRUE,N/A,TRUE,TRUE,N/A,TRUE,TRUE,TRUE,TRUE,TRUE,TRUE,1,1,TRUE,1,1
EQCTravelStaytion,1052448,134306911,EQCTravelStaytion,Host   Stay - Studio 58,GBR,OnboardingSucceeded,,,True,True,TRUE,TRUE,6,16,N/A,,,,N/A,TRUE,TRUE,N/A,TRUE,TRUE,N/A,TRUE,TRUE,TRUE,TRUE,TRUE,TRUE,1,1,TRUE,1,1
EQCTravelStaytion,1052156,134277898,TravelStaytionGRC,Santo Caves  Santorini Suite with Panoramic Views,GRC,OnboardingSucceeded,,,True,True,TRUE,TRUE,6,24,N/A,,,,N/A,TRUE,TRUE,N/A,TRUE,TRUE,N/A,TRUE,TRUE,TRUE,TRUE,TRUE,TRUE,1,1,TRUE,1,1
EQCTravelStaytion,1052301,134301474,TravelStaytionGRC,38 AN - STAY Malanda Sun Apartment,CYP,OnboardingSucceeded,,,True,True,N/A,TRUE,6,29,N/A,,,,N/A,TRUE,TRUE,N/A,TRUE,TRUE,N/A,TRUE,TRUE,TRUE,TRUE,TRUE,TRUE,1,1,TRUE,1,1
EQCTravelStaytion,1052461,134306760,EQCTravelStaytion,Casa del Parque Tacoronte Centro,ESP,OnboardingSucceeded,,,False,False,FALSE,TRUE,6,6,N/A,,,,N/A,TRUE,TRUE,N/A,TRUE,TRUE,N/A,TRUE,TRUE,TRUE,TRUE,TRUE,TRUE,1,1,TRUE,1,1
EQCTravelStaytion,1030152,134301362,EQCTravelStaytion,Spacious 3BR House Near Stadium   Parking   Garden,GBR,OnboardingSucceeded,,,False,False,FALSE,TRUE,6,46,N/A,,,,N/A,TRUE,TRUE,N/A,TRUE,TRUE,N/A,TRUE,TRUE,TRUE,TRUE,TRUE,TRUE,1,1,TRUE,1,1
EQCTravelStaytion,1052157,134277900,TravelStaytionGRC,Santo Cave  Santorini Suite with SeaViews,GRC,OnboardingSucceeded,,,True,True,TRUE,TRUE,6,25,N/A,,,,N/A,TRUE,TRUE,N/A,TRUE,TRUE,N/A,TRUE,TRUE,TRUE,TRUE,TRUE,TRUE,1,1,TRUE,1,1
EQCTravelStaytion,1051625,134225244,EQCTravelStaytion,Free housekeeping visits during your stay - StayShort - Modern 2BR in Prime Business Bay 4 Guests,ARE,OnboardingSucceeded,,,False,False,FALSE,TRUE,6,46,N/A,,,,N/A,TRUE,TRUE,N/A,TRUE,TRUE,N/A,TRUE,TRUE,TRUE,TRUE,TRUE,TRUE,1,1,TRUE,1,1
EQCTravelStaytion,1052154,134261162,TravelStaytionAMER,High Rise 1BR Condo w Balcony   Beautiful Views,CAN,OnboardingSucceeded,,,True,True,N/A,TRUE,6,22,N/A,,,,N/A,TRUE,TRUE,N/A,TRUE,TRUE,N/A,TRUE,TRUE,TRUE,TRUE,TRUE,TRUE,1,1,TRUE,1,1
EQCTravelStaytion,1046675,134217286,TravelStaytionAMER,"Beauty In the Heart of the Village ",USA,OnboardingSucceeded,,,False,False,FALSE,TRUE,6,15,N/A,,,,N/A,TRUE,TRUE,N/A,TRUE,TRUE,N/A,TRUE,TRUE,TRUE,TRUE,TRUE,TRUE,1,1,TRUE,1,1
EQCTravelStaytion,1046681,134217287,TravelStaytionAMER,West Village Wonder - Amazing Location,USA,OnboardingSucceeded,,,False,False,FALSE,TRUE,6,15,N/A,,,,N/A,TRUE,TRUE,N/A,TRUE,TRUE,N/A,TRUE,TRUE,TRUE,TRUE,TRUE,TRUE,1,1,TRUE,1,1
EQCTravelStaytion,1051688,134215337,EQCTravelStaytion,ESJ Towers Studio in Isla Verde,PRI,OnboardingSucceeded,,,False,False,FALSE,TRUE,6,29,N/A,,,,N/A,TRUE,TRUE,N/A,TRUE,TRUE,N/A,TRUE,TRUE,FALSE,TRUE,TRUE,TRUE,1,1,TRUE,1,1
EQCTravelStaytion,1052151,134260470,EQCTravelStaytion,Host   Stay   Snowy Owl Barn,GBR,OnboardingSucceeded,,,False,False,TRUE,TRUE,6,24,N/A,,,,N/A,TRUE,TRUE,N/A,TRUE,TRUE,N/A,TRUE,TRUE,TRUE,TRUE,TRUE,TRUE,1,1,FALSE,1,0
EQCTravelStaytion,1051996,,TravelStaytionGRC,Luxurious Villa Artemis - With Private Pool,GRC,OnboardingFailed,NoValidAddresses,"Content Validation failed for EQCTravelStaytion Property Id: 1051996, Expedia Property Id: {unassigned}., No valid addresses found (line 1, city, and country code required)",,,,,,,,,,,,,,,,,,,,,,,,,,,,
EQCTravelStaytion,1051526,134215333,EQCTravelStaytion,Cala Bianca Hideaway by Wonderful Italy,ITA,OnboardingSucceeded,,,True,True,TRUE,TRUE,6,20,N/A,,,,N/A,TRUE,TRUE,N/A,TRUE,TRUE,N/A,TRUE,TRUE,TRUE,TRUE,TRUE,TRUE,1,1,TRUE,1,1
EQCTravelStaytion,1051503,134215322,EQCTravelStaytion,Urban oasis with garden in Rotterdam,NLD,OnboardingSucceeded,,,False,False,FALSE,TRUE,6,27,N/A,,,,N/A,TRUE,TRUE,N/A,TRUE,TRUE,N/A,TRUE,TRUE,TRUE,TRUE,TRUE,TRUE,1,1,TRUE,1,1
EQCTravelStaytion,1051748,134222039,EQCTravelStaytion,BAIRRO ALTO STYLISH II by Homing,PRT,OnboardingSucceeded,,,True,True,TRUE,TRUE,6,25,N/A,,,,N/A,TRUE,TRUE,N/A,TRUE,TRUE,N/A,TRUE,TRUE,TRUE,TRUE,TRUE,TRUE,1,1,TRUE,1,1
EQCTravelStaytion,1051997,,TravelStaytionGRC,Gaia Villas - With 2 Private Pools,GRC,OnboardingFailed,NoValidAddresses,"Content Validation failed for EQCTravelStaytion Property Id: 1051997, Expedia Property Id: {unassigned}., No valid addresses found (line 1, city, and country code required)",,,,,,,,,,,,,,,,,,,,,,,,,,,,
EQCTravelStaytion,1051998,,TravelStaytionGRC,Luxurious Villa Poseidon - With Private Pool,GRC,OnboardingFailed,NoValidAddresses,"Content Validation failed for EQCTravelStaytion Property Id: 1051998, Expedia Property Id: {unassigned}., No valid addresses found (line 1, city, and country code required)",,,,,,,,,,,,,,,,,,,,,,,,,,,,
EQCTravelStaytion,1051499,134215317,EQCTravelStaytion,Stylish Central Chichester Flat Near Station,GBR,OnboardingSucceeded,,,True,True,TRUE,TRUE,6,24,N/A,,,,N/A,TRUE,TRUE,N/A,TRUE,TRUE,N/A,TRUE,TRUE,TRUE,TRUE,TRUE,TRUE,1,1,TRUE,1,1
EQCTravelStaytion,1051462,134215315,TravelStaytionGRC,Socrates Suites - Urban Calm by the Sea  Kalamata,GRC,OnboardingSucceeded,,,True,True,TRUE,TRUE,6,28,N/A,,,,N/A,TRUE,TRUE,N/A,TRUE,TRUE,N/A,TRUE,TRUE,TRUE,TRUE,TRUE,TRUE,1,1,TRUE,1,1
EQCTravelStaytion,1051470,134215309,TravelStaytionAMER,Stylish Bungalow  at Green Village with pool Ab3,DOM,OnboardingSucceeded,,,True,True,N/A,TRUE,6,20,N/A,,,,N/A,TRUE,TRUE,N/A,TRUE,TRUE,N/A,TRUE,TRUE,TRUE,TRUE,TRUE,TRUE,1,1,TRUE,1,1
EQCTravelStaytion,1051460,134215313,TravelStaytionAMER,w    Designer 2BR Stay w  Balcony in Miraflores,PER,OnboardingSucceeded,,,True,True,N/A,TRUE,6,32,N/A,,,,N/A,TRUE,TRUE,N/A,TRUE,TRUE,N/A,TRUE,TRUE,TRUE,TRUE,TRUE,TRUE,1,1,TRUE,1,326
EQCTravelStaytion,1051354,134215310,EQCTravelStaytion,San Francesco Ripa 2 - Fornarina Oasis Cottage,ITA,OnboardingSucceeded,,,True,True,TRUE,TRUE,6,38,N/A,,,,N/A,TRUE,TRUE,N/A,TRUE,TRUE,N/A,TRUE,TRUE,TRUE,TRUE,TRUE,TRUE,1,1,TRUE,1,1
EQCTravelStaytion,1051459,134215303,TravelStaytionAMER,The Nest-Lake Sumner,USA,OnboardingSucceeded,,,True,True,N/A,TRUE,6,10,N/A,,,,N/A,TRUE,TRUE,N/A,TRUE,TRUE,N/A,TRUE,TRUE,TRUE,TRUE,TRUE,TRUE,1,1,TRUE,1,1
EQCTravelStaytion,1051344,134215299,TravelStaytionGRC,106 PAP -  STAY Aspri Petra Apartment,CYP,OnboardingSucceeded,,,True,True,N/A,TRUE,6,31,N/A,,,,N/A,TRUE,TRUE,N/A,TRUE,TRUE,N/A,TRUE,TRUE,TRUE,TRUE,TRUE,TRUE,1,1,TRUE,1,1
EQCTravelStaytion,1051355,134215300,EQCTravelStaytion,Colosseo   Fori Imperiali Apartment,ITA,OnboardingSucceeded,,,True,True,TRUE,TRUE,6,30,N/A,,,,N/A,TRUE,TRUE,N/A,TRUE,TRUE,N/A,TRUE,TRUE,TRUE,TRUE,TRUE,TRUE,1,1,TRUE,1,1
EQCTravelStaytion,1036958,134312018,TravelStaytionAMER,Walk to Forest Park   Fire Pit   Porch Swing,USA,OnboardingSucceeded,,,True,True,TRUE,TRUE,6,48,N/A,,,,N/A,TRUE,TRUE,N/A,TRUE,TRUE,N/A,TRUE,TRUE,TRUE,TRUE,TRUE,TRUE,1,1,TRUE,1,1
EQCTravelStaytion,1052450,134340963,TravelStaytionGRC,Saltos Village Apartment - Serene Poolside Escape,GRC,OnboardingSucceeded,,,True,True,TRUE,TRUE,6,23,N/A,,,,N/A,TRUE,TRUE,N/A,TRUE,TRUE,N/A,TRUE,TRUE,TRUE,TRUE,TRUE,TRUE,1,1,TRUE,1,1
EQCTravelStaytion,1053091,134407304,TravelStaytionAMER,Studio com Piscina perto do metr     Vila Mariana,BRA,OnboardingSucceeded,,,True,True,TRUE,TRUE,6,27,N/A,,,,N/A,TRUE,TRUE,N/A,TRUE,TRUE,N/A,TRUE,TRUE,TRUE,TRUE,TRUE,TRUE,1,1,TRUE,1,1
EQCTravelStaytion,1053442,134448929,TravelStaytionGRC,Chalkidiki Peaceful Retreat with Private Parking,GRC,OnboardingSucceeded,,,False,False,FALSE,FALSE,6,0,N/A,,,,N/A,TRUE,TRUE,TRUE,FALSE,TRUE,N/A,TRUE,TRUE,TRUE,TRUE,TRUE,FALSE,1,0,FALSE,1,0
EQCTravelStaytion,1036923,134312070,TravelStaytionAMER,Dink  Dip    Dream - Pickleball - Pool - Putt Putt,USA,OnboardingSucceeded,,,True,True,N/A,TRUE,6,101,N/A,,,,N/A,TRUE,TRUE,N/A,TRUE,TRUE,N/A,TRUE,TRUE,TRUE,TRUE,TRUE,TRUE,1,1,TRUE,1,1
EQCTravelStaytion,1036960,134312262,TravelStaytionAMER,Broken Bow Luxury Cabin     Hot Tub     Playset Games,USA,OnboardingSucceeded,,,True,True,N/A,TRUE,6,47,N/A,,,,N/A,TRUE,TRUE,N/A,TRUE,TRUE,N/A,TRUE,TRUE,TRUE,TRUE,TRUE,TRUE,1,1,TRUE,1,1
EQCTravelStaytion,1053035,134403920,EQCTravelStaytion,Host   Stay - Abbey House Sea View,GBR,OnboardingSucceeded,,,True,True,TRUE,TRUE,6,14,N/A,,,,N/A,TRUE,TRUE,N/A,TRUE,TRUE,N/A,TRUE,TRUE,TRUE,TRUE,TRUE,TRUE,1,1,TRUE,1,1
EQCTravelStaytion,1021365,134447230,EQCTravelStaytion,Modern 1 Bedroom Stay  Balcony  East Croydon,GBR,OnboardingSucceeded,,,False,False,FALSE,FALSE,6,0,N/A,,,,N/A,TRUE,TRUE,TRUE,TRUE,TRUE,N/A,TRUE,TRUE,TRUE,TRUE,TRUE,FALSE,1,0,TRUE,1,1
EQCTravelStaytion,1053283,134428036,TravelStaytionAMER,Peak State   Hot Tub  Sauna   Arcade,USA,OnboardingSucceeded,,,True,True,N/A,TRUE,6,43,N/A,,,,N/A,TRUE,TRUE,N/A,TRUE,TRUE,N/A,TRUE,TRUE,TRUE,TRUE,TRUE,TRUE,1,1,TRUE,1,1
EQCTravelStaytion,1052835,134368248,TravelStaytionAMER,Studio c Academia  350m do Nubank Parque  Perdizes,BRA,OnboardingSucceeded,,,True,True,TRUE,TRUE,6,33,N/A,,,,N/A,TRUE,TRUE,N/A,TRUE,TRUE,N/A,TRUE,TRUE,TRUE,TRUE,TRUE,TRUE,1,1,TRUE,1,352
EQCTravelStaytion,1036921,134312092,TravelStaytionAMER,Sleeps 16  Heated Pool  Hot Tub    Sport Court,USA,OnboardingSucceeded,,,True,True,TRUE,TRUE,6,61,N/A,,,,N/A,TRUE,TRUE,N/A,TRUE,TRUE,N/A,TRUE,TRUE,TRUE,TRUE,TRUE,TRUE,1,1,TRUE,1,1
EQCTravelStaytion,1052833,134365434,TravelStaytionAMER,Apto em Campo Belo   Alexa  Adega e Piscina,BRA,OnboardingSucceeded,,,True,True,TRUE,TRUE,6,28,N/A,,,,N/A,TRUE,TRUE,N/A,TRUE,TRUE,N/A,TRUE,TRUE,TRUE,TRUE,TRUE,TRUE,1,1,TRUE,1,1
EQCTravelStaytion,1036918,134312127,TravelStaytionAMER,Camp Wildgrove  Hot Tub  Sauna  Mtn Views,USA,OnboardingSucceeded,,,True,True,N/A,TRUE,6,51,N/A,,,,N/A,TRUE,TRUE,N/A,TRUE,TRUE,N/A,TRUE,TRUE,TRUE,TRUE,TRUE,TRUE,1,1,TRUE,1,1
EQCTravelStaytion,1021366,134447228,EQCTravelStaytion,Stylish East Croydon Apartment w  Private Balcony,GBR,OnboardingSucceeded,,,False,False,FALSE,FALSE,6,0,N/A,,,,N/A,TRUE,TRUE,TRUE,TRUE,TRUE,N/A,TRUE,TRUE,TRUE,TRUE,TRUE,FALSE,1,0,TRUE,1,1
EQCTravelStaytion,1053445,134448924,TravelStaytionGRC,Chalkidiki Serene Retreat with Private Parking,GRC,OnboardingSucceeded,,,False,False,FALSE,FALSE,6,0,N/A,,,,N/A,TRUE,TRUE,TRUE,TRUE,TRUE,N/A,TRUE,TRUE,TRUE,TRUE,TRUE,FALSE,1,0,FALSE,1,0
EQCTravelStaytion,1052830,134359276,EQCTravelStaytion,Ref  gio do Mar by ACasaDasCasas,PRT,OnboardingSucceeded,,,True,True,TRUE,TRUE,6,31,N/A,,,,N/A,TRUE,TRUE,N/A,TRUE,TRUE,N/A,TRUE,TRUE,TRUE,TRUE,TRUE,TRUE,1,1,TRUE,1,141
EQCTravelStaytion,1036919,134312015,TravelStaytionAMER,Pickleball  Pool   Fun     Family Escape     Sleeps 16,USA,OnboardingSucceeded,,,True,True,N/A,TRUE,6,64,N/A,,,,N/A,TRUE,TRUE,N/A,TRUE,TRUE,N/A,TRUE,TRUE,TRUE,TRUE,TRUE,TRUE,1,1,TRUE,1,1
EQCTravelStaytion,1036943,134312143,TravelStaytionAMER,Urban Haven Indy   Hot Tub   Game Room,USA,OnboardingSucceeded,,,True,True,N/A,TRUE,6,51,N/A,,,,N/A,TRUE,TRUE,N/A,TRUE,TRUE,N/A,TRUE,TRUE,TRUE,TRUE,TRUE,TRUE,1,1,TRUE,1,185
EQCTravelStaytion,1021361,134447229,EQCTravelStaytion,Modern 2 Bedroom Stay   10Min Walk to East Croydon,GBR,OnboardingSucceeded,,,False,False,FALSE,FALSE,6,0,N/A,,,,N/A,TRUE,TRUE,TRUE,TRUE,TRUE,N/A,TRUE,TRUE,TRUE,TRUE,TRUE,FALSE,1,0,TRUE,1,1
EQCTravelStaytion,1053256,134427926,TravelStaytionAMER,w    Charming 2BR w  Balcony   View in Miraflores,PER,OnboardingSucceeded,,,True,True,N/A,TRUE,6,28,N/A,,,,N/A,TRUE,TRUE,N/A,TRUE,TRUE,N/A,TRUE,TRUE,TRUE,TRUE,TRUE,TRUE,1,1,TRUE,1,1
EQCTravelStaytion,1053443,134448923,TravelStaytionGRC,Studio Tepes - Velis Samos Sea View Balcony Suite,GRC,OnboardingSucceeded,,,False,False,FALSE,FALSE,6,0,N/A,,,,N/A,TRUE,TRUE,FALSE,TRUE,TRUE,N/A,TRUE,TRUE,TRUE,TRUE,TRUE,FALSE,1,0,TRUE,1,1
EQCTravelStaytion,1053277,134428021,EQCTravelStaytion,The Hideaway at Cairns One  Resort Living Near CBD,AUS,OnboardingSucceeded,,,True,True,N/A,TRUE,6,35,N/A,,,,N/A,TRUE,TRUE,N/A,TRUE,TRUE,N/A,TRUE,TRUE,TRUE,TRUE,TRUE,TRUE,1,1,TRUE,1,1
EQCTravelStaytion,1052717,134355634,EQCTravelStaytion,Host   Stay   Venetian Retreat,GBR,OnboardingSucceeded,,,True,True,TRUE,TRUE,6,22,N/A,,,,N/A,TRUE,TRUE,N/A,TRUE,TRUE,N/A,TRUE,TRUE,TRUE,TRUE,TRUE,TRUE,1,1,TRUE,1,1
EQCTravelStaytion,1021363,134447232,EQCTravelStaytion,Modern 2 Bedroom Stay  Balcony  East Croydon,GBR,OnboardingSucceeded,,,False,False,FALSE,FALSE,6,0,N/A,,,,N/A,TRUE,TRUE,TRUE,TRUE,TRUE,N/A,TRUE,TRUE,TRUE,TRUE,TRUE,FALSE,1,0,TRUE,1,1
EQCTravelStaytion,1036917,134312288,TravelStaytionAMER,The Hacienda  Pool  Hot Tub  Games   More,USA,OnboardingSucceeded,,,True,True,TRUE,TRUE,6,51,N/A,,,,N/A,TRUE,TRUE,N/A,TRUE,TRUE,N/A,TRUE,TRUE,TRUE,TRUE,TRUE,TRUE,1,1,TRUE,1,1
EQCTravelStaytion,1036936,134312141,TravelStaytionAMER,Luxury 3 Br Cabin Indoor Pool Hot Tub Fire Pit,USA,OnboardingSucceeded,,,True,True,N/A,TRUE,6,55,N/A,,,,N/A,TRUE,TRUE,N/A,TRUE,TRUE,N/A,TRUE,TRUE,TRUE,TRUE,TRUE,TRUE,1,1,TRUE,1,1
EQCTravelStaytion,1036942,134312267,TravelStaytionAMER,Aspen Creek Lodge     Spacious Luxury Cabin Retreat,USA,OnboardingSucceeded,,,True,True,N/A,TRUE,6,61,N/A,,,,N/A,TRUE,TRUE,N/A,TRUE,TRUE,N/A,TRUE,TRUE,TRUE,TRUE,TRUE,TRUE,1,1,TRUE,1,1
EQCTravelStaytion,1053068,134398356,EQCTravelStaytion,Craighead Cottage in Moray,GBR,OnboardingSucceeded,,,True,True,N/A,TRUE,6,23,N/A,,,,N/A,TRUE,TRUE,N/A,TRUE,TRUE,N/A,TRUE,TRUE,TRUE,TRUE,TRUE,TRUE,1,1,TRUE,1,1
EQCTravelStaytion,1053249,134425264,TravelStaytionAMER,Plenty space Bikers sleep8 Beach,USA,OnboardingSucceeded,,,True,True,N/A,TRUE,6,23,N/A,,,,N/A,TRUE,TRUE,N/A,TRUE,TRUE,N/A,TRUE,TRUE,TRUE,TRUE,TRUE,TRUE,1,1,TRUE,1,1
EQCTravelStaytion,1053435,134451516,EQCTravelStaytion,Kinclune House   Annex Luxury Mansion  Angus Glens,GBR,OnboardingSucceeded,,,False,False,N/A,FALSE,6,0,N/A,,,,N/A,TRUE,TRUE,FALSE,FALSE,TRUE,N/A,TRUE,TRUE,TRUE,TRUE,TRUE,FALSE,1,0,TRUE,1,1
EQCTravelStaytion,1052225,134443587,TravelStaytionGRC,Elegant House with Garden View in Afandou,GRC,OnboardingSucceeded,,,False,False,FALSE,FALSE,6,0,N/A,,,,N/A,TRUE,TRUE,TRUE,TRUE,TRUE,N/A,TRUE,TRUE,TRUE,TRUE,TRUE,FALSE,1,0,TRUE,1,1
EQCTravelStaytion,1036941,134312123,TravelStaytionAMER,Velvet Haus     Downtown     3rd Floor Deck     Backyard,USA,OnboardingSucceeded,,,True,True,N/A,TRUE,6,43,N/A,,,,N/A,TRUE,TRUE,N/A,TRUE,TRUE,N/A,TRUE,TRUE,TRUE,TRUE,TRUE,TRUE,1,1,TRUE,1,1
EQCTravelStaytion,1052741,134348633,EQCTravelStaytion,AP540 in Oliva with 2 bedrooms and 2 bathrooms,ESP,OnboardingSucceeded,,,False,False,FALSE,TRUE,6,23,N/A,,,,N/A,TRUE,TRUE,N/A,TRUE,TRUE,N/A,TRUE,TRUE,TRUE,TRUE,TRUE,TRUE,1,1,TRUE,1,1
EQCTravelStaytion,1053474,134449549,TravelStaytionAMER,Spacious 6BR North Augusta Home,USA,OnboardingSucceeded,,,False,False,N/A,FALSE,6,0,N/A,,,,N/A,TRUE,TRUE,TRUE,TRUE,TRUE,N/A,TRUE,TRUE,TRUE,TRUE,TRUE,FALSE,1,0,TRUE,1,1
EQCTravelStaytion,1053434,134448450,EQCTravelStaytion,Peaceful Farmhouse  Kinclune Estate  Angus Glens,GBR,OnboardingSucceeded,,,False,False,N/A,FALSE,6,0,N/A,,,,N/A,TRUE,TRUE,TRUE,TRUE,TRUE,N/A,TRUE,TRUE,TRUE,TRUE,TRUE,FALSE,1,0,TRUE,1,1
EQCTravelStaytion,1036954,134312108,TravelStaytionAMER,Sleeps 13   Hot Tub  Arcade  Firepit   Games,USA,OnboardingSucceeded,,,True,True,N/A,TRUE,6,44,N/A,,,,N/A,TRUE,TRUE,N/A,TRUE,TRUE,N/A,TRUE,TRUE,TRUE,TRUE,TRUE,TRUE,1,1,TRUE,1,1
EQCTravelStaytion,1053213,134422098,EQCTravelStaytion,Etihad   Co-op Live  3-Bed  Free Parking,GBR,OnboardingSucceeded,,,True,True,TRUE,TRUE,6,38,N/A,,,,N/A,TRUE,TRUE,N/A,TRUE,TRUE,N/A,TRUE,TRUE,TRUE,TRUE,TRUE,TRUE,1,1,TRUE,1,1
EQCTravelStaytion,1036929,134312146,TravelStaytionAMER,Drive-In   Dream - Theater - Pool - Pickleball,USA,OnboardingSucceeded,,,True,True,TRUE,TRUE,6,88,N/A,,,,N/A,TRUE,TRUE,N/A,TRUE,TRUE,N/A,TRUE,TRUE,TRUE,TRUE,TRUE,TRUE,1,1,TRUE,1,1
EQCTravelStaytion,1053263,134427972,TravelStaytionAMER,w    Elegant 2BR w  Balcony   AC in San Francisco,PAN,OnboardingSucceeded,,,True,True,N/A,TRUE,6,62,N/A,,,,N/A,TRUE,TRUE,N/A,TRUE,TRUE,N/A,TRUE,TRUE,TRUE,TRUE,TRUE,TRUE,1,1,TRUE,1,1
EQCTravelStaytion,1052730,134346632,EQCTravelStaytion,En d  placement a Douai  Location pro,FRA,OnboardingSucceeded,,,True,True,TRUE,TRUE,6,32,N/A,,,,N/A,TRUE,TRUE,N/A,TRUE,TRUE,N/A,TRUE,TRUE,TRUE,TRUE,TRUE,TRUE,1,1,TRUE,1,1
EQCTravelStaytion,1050971,134442974,EQCTravelStaytion,One Bed Apt   Modern   Cozy   Secure   Sea Point,ZAF,OnboardingSucceeded,,,False,False,N/A,FALSE,6,0,N/A,,,,N/A,TRUE,TRUE,TRUE,TRUE,TRUE,N/A,TRUE,TRUE,TRUE,TRUE,TRUE,FALSE,1,0,TRUE,1,1
EQCTravelStaytion,1053212,134418941,TravelStaytionAMER,Caribbean bungallow with 2 bedrooms in Cap Cana,DOM,OnboardingSucceeded,,,True,True,N/A,TRUE,6,24,N/A,,,,N/A,TRUE,TRUE,N/A,TRUE,TRUE,N/A,TRUE,TRUE,TRUE,TRUE,TRUE,TRUE,1,1,TRUE,1,1
EQCTravelStaytion,1053030,134396881,TravelStaytionAMER,Brand New 5BR 5BA Villa w Pool  Spa   Game Room 7800,USA,OnboardingSucceeded,,,True,True,N/A,TRUE,6,55,N/A,,,,N/A,TRUE,TRUE,N/A,TRUE,TRUE,N/A,TRUE,TRUE,TRUE,TRUE,TRUE,TRUE,1,1,TRUE,1,1
EQCTravelStaytion,1036880,134312281,TravelStaytionAMER,St  Augustine Beach House   Private Pool,USA,OnboardingSucceeded,,,True,True,N/A,TRUE,6,75,N/A,,,,N/A,TRUE,TRUE,N/A,TRUE,TRUE,N/A,TRUE,TRUE,TRUE,TRUE,TRUE,TRUE,1,1,TRUE,1,1
EQCTravelStaytion,1049293,134321236,TravelStaytionAMER,Villa Perezoso - Nuak   Jungle,CRI,OnboardingSucceeded,,,True,True,N/A,TRUE,6,28,N/A,,,,N/A,TRUE,TRUE,N/A,TRUE,TRUE,N/A,TRUE,TRUE,TRUE,TRUE,TRUE,TRUE,1,1,TRUE,1,1
EQCTravelStaytion,1036951,134312330,TravelStaytionAMER,Sleeps 16 - Roof Top - Game Room - Pet Friendly,USA,OnboardingSucceeded,,,True,True,N/A,TRUE,6,57,N/A,,,,N/A,TRUE,TRUE,N/A,TRUE,TRUE,N/A,TRUE,TRUE,TRUE,TRUE,TRUE,TRUE,1,1,TRUE,1,1
EQCTravelStaytion,1053211,134418882,EQCTravelStaytion,Free housekeeping visits during your stay - StayShort - Studio in Business Bay Balcony that Sleeps 4,ARE,OnboardingSucceeded,,,False,False,FALSE,TRUE,6,33,N/A,,,,N/A,TRUE,TRUE,N/A,TRUE,TRUE,N/A,TRUE,TRUE,TRUE,TRUE,TRUE,TRUE,1,1,TRUE,1,1
EQCTravelStaytion,1053289,134428041,TravelStaytionAMER,Pier Pressure   Pools     Beach Access     Sunset View,USA,OnboardingSucceeded,,,True,True,N/A,TRUE,6,63,N/A,,,,N/A,TRUE,TRUE,N/A,TRUE,TRUE,N/A,TRUE,TRUE,TRUE,TRUE,TRUE,TRUE,1,1,TRUE,1,1
EQCTravelStaytion,1036911,134312083,TravelStaytionAMER,Birdie Creek Ranch - Private Golf Course Resort,USA,OnboardingSucceeded,,,True,True,N/A,TRUE,6,125,N/A,,,,N/A,TRUE,TRUE,N/A,TRUE,TRUE,N/A,TRUE,TRUE,TRUE,TRUE,TRUE,TRUE,1,1,TRUE,1,1
EQCTravelStaytion,1053134,134415154,EQCTravelStaytion,Luxury 2 Bed   2 Bath Apt in Nine Elms   A C,GBR,OnboardingSucceeded,,,False,False,FALSE,TRUE,6,26,N/A,,,,N/A,TRUE,TRUE,N/A,TRUE,TRUE,N/A,TRUE,TRUE,TRUE,TRUE,TRUE,TRUE,1,1,TRUE,1,1
EQCTravelStaytion,1036955,134312150,TravelStaytionAMER,Butterfly BNB - Unforgettable Nashville Experience,USA,OnboardingSucceeded,,,True,True,N/A,TRUE,6,59,N/A,,,,N/A,TRUE,TRUE,N/A,TRUE,TRUE,N/A,TRUE,TRUE,TRUE,TRUE,TRUE,TRUE,1,1,TRUE,1,1
EQCTravelStaytion,1036910,134312095,TravelStaytionAMER,The Lakeside Soundtrack   Pool  Hot Tub  Games,USA,OnboardingSucceeded,,,True,True,N/A,TRUE,6,56,N/A,,,,N/A,TRUE,TRUE,N/A,TRUE,TRUE,N/A,TRUE,TRUE,TRUE,TRUE,TRUE,TRUE,1,1,TRUE,1,1
EQCTravelStaytion,1036964,134312213,TravelStaytionAMER,Stairway to Heaven   7BR Luxury   Mountain views,USA,OnboardingSucceeded,,,True,True,N/A,TRUE,6,67,N/A,,,,N/A,TRUE,TRUE,N/A,TRUE,TRUE,N/A,TRUE,TRUE,TRUE,TRUE,TRUE,TRUE,1,1,TRUE,1,1
EQCTravelStaytion,1036924,134312129,TravelStaytionAMER,Sleeps 14   Pool   Hot Tub   Near Airport,USA,OnboardingSucceeded,,,True,True,TRUE,TRUE,6,48,N/A,,,,N/A,TRUE,TRUE,N/A,TRUE,TRUE,N/A,TRUE,TRUE,TRUE,TRUE,TRUE,TRUE,1,1,TRUE,1,1
EQCTravelStaytion,1036933,134312277,TravelStaytionAMER,Family Friendly   Patio   Fireplace   BBQ   Games,USA,OnboardingSucceeded,,,True,True,TRUE,TRUE,6,59,N/A,,,,N/A,TRUE,TRUE,N/A,TRUE,TRUE,N/A,TRUE,TRUE,TRUE,TRUE,TRUE,TRUE,1,1,TRUE,1,1
EQCTravelStaytion,1036909,134312244,TravelStaytionAMER,Resort Style Backyard     Pool     Putt Putt     Hot Tub,USA,OnboardingSucceeded,,,True,True,TRUE,TRUE,6,70,N/A,,,,N/A,TRUE,TRUE,N/A,TRUE,TRUE,N/A,TRUE,TRUE,TRUE,TRUE,TRUE,TRUE,1,1,TRUE,1,1
EQCTravelStaytion,1036804,134312112,TravelStaytionAMER,Sleeps 10   Pickleball   Pool   Tiki Bar   Games,USA,OnboardingSucceeded,,,True,True,N/A,TRUE,6,60,N/A,,,,N/A,TRUE,TRUE,N/A,TRUE,TRUE,N/A,TRUE,TRUE,TRUE,TRUE,TRUE,TRUE,1,1,TRUE,1,1
EQCTravelStaytion,1036891,134311861,TravelStaytionAMER,Scottsdale Retreat   Pool  Pickleball   Spa,USA,OnboardingSucceeded,,,True,True,TRUE,TRUE,6,98,N/A,,,,N/A,TRUE,TRUE,N/A,TRUE,TRUE,N/A,TRUE,TRUE,TRUE,TRUE,TRUE,TRUE,1,1,TRUE,1,1
EQCTravelStaytion,1036934,134311933,TravelStaytionAMER,4 Themed Rooms   11 Min to Universal Kids,USA,OnboardingSucceeded,,,True,True,N/A,TRUE,6,53,N/A,,,,N/A,TRUE,TRUE,N/A,TRUE,TRUE,N/A,TRUE,TRUE,TRUE,TRUE,TRUE,TRUE,1,1,TRUE,1,1
EQCTravelStaytion,1036593,134311788,TravelStaytionAMER,Fun-Filled Oasis     Pool  Pickleball  Games Galore,USA,OnboardingSucceeded,,,True,True,TRUE,TRUE,6,95,N/A,,,,N/A,TRUE,TRUE,N/A,TRUE,TRUE,N/A,TRUE,TRUE,TRUE,TRUE,TRUE,TRUE,1,1,TRUE,1,1
EQCTravelStaytion,1036608,134312183,TravelStaytionAMER,Private Pool   Patio   Games   BBQ   Family Fun,USA,OnboardingSucceeded,,,True,True,N/A,TRUE,6,38,N/A,,,,N/A,TRUE,TRUE,N/A,TRUE,TRUE,N/A,TRUE,TRUE,TRUE,TRUE,TRUE,TRUE,1,1,TRUE,1,1
EQCTravelStaytion,1036560,134312097,TravelStaytionAMER,7 Br Sleeps 20 Sport Court Pool Hot Tub Playground,USA,OnboardingSucceeded,,,True,True,TRUE,TRUE,6,64,N/A,,,,N/A,TRUE,TRUE,N/A,TRUE,TRUE,N/A,TRUE,TRUE,TRUE,TRUE,TRUE,TRUE,1,1,TRUE,1,1
EQCTravelStaytion,1036604,134312149,TravelStaytionAMER,Cozy Cabin in Mountains   Firepit   Views   Games,USA,OnboardingSucceeded,,,True,True,N/A,TRUE,6,47,N/A,,,,N/A,TRUE,TRUE,N/A,TRUE,TRUE,N/A,TRUE,TRUE,TRUE,TRUE,TRUE,TRUE,1,1,TRUE,1,1
EQCTravelStaytion,1036595,134312106,TravelStaytionAMER,Water Slide   Pool     Basketball Court     Sleeps 16,USA,OnboardingSucceeded,,,True,True,TRUE,TRUE,6,62,N/A,,,,N/A,TRUE,TRUE,N/A,TRUE,TRUE,N/A,TRUE,TRUE,TRUE,TRUE,TRUE,TRUE,1,1,TRUE,1,1
EQCTravelStaytion,1036584,134312250,TravelStaytionAMER,Coastal 1BR Escape   Spa   Walkable   Waterfront,USA,OnboardingSucceeded,,,False,False,FALSE,TRUE,6,42,N/A,,,,N/A,TRUE,TRUE,N/A,TRUE,TRUE,N/A,TRUE,TRUE,TRUE,TRUE,TRUE,TRUE,1,1,TRUE,1,1
EQCTravelStaytion,1036570,134311801,TravelStaytionAMER,Outdoor Movie Theatre     Pool     Putt Putt     Hot Tub,USA,OnboardingSucceeded,,,True,True,N/A,TRUE,6,66,N/A,,,,N/A,TRUE,TRUE,N/A,TRUE,TRUE,N/A,TRUE,TRUE,TRUE,TRUE,TRUE,TRUE,1,1,TRUE,1,1
EQCTravelStaytion,1036540,134312178,TravelStaytionAMER,The Vista  Sleeps 14  Hot Tub   Arcade   Views,USA,OnboardingSucceeded,,,True,True,N/A,TRUE,6,47,N/A,,,,N/A,TRUE,TRUE,N/A,TRUE,TRUE,N/A,TRUE,TRUE,TRUE,TRUE,TRUE,TRUE,1,1,TRUE,1,1
EQCTravelStaytion,1036532,134311780,TravelStaytionAMER,Epic Home Sleeps 20-Basketball Court-Hot Tub-Sauna,USA,OnboardingSucceeded,,,True,True,TRUE,TRUE,6,68,N/A,,,,N/A,TRUE,TRUE,N/A,TRUE,TRUE,N/A,TRUE,TRUE,TRUE,TRUE,TRUE,TRUE,1,1,TRUE,1,1
EQCTravelStaytion,1036585,134312205,TravelStaytionAMER,The Haven  Private 3BR   Pools   Courts   Firepit,USA,OnboardingSucceeded,,,True,True,TRUE,TRUE,6,44,N/A,,,,N/A,TRUE,TRUE,N/A,TRUE,TRUE,N/A,TRUE,TRUE,TRUE,TRUE,TRUE,TRUE,1,1,TRUE,1,135
EQCTravelStaytion,1036590,134312191,TravelStaytionAMER,Modern 3BR Retreat  Sauna Hot Tub   Walk to Dining,USA,OnboardingSucceeded,,,False,False,FALSE,TRUE,6,59,N/A,,,,N/A,TRUE,TRUE,N/A,TRUE,TRUE,N/A,TRUE,TRUE,TRUE,TRUE,TRUE,TRUE,1,1,TRUE,1,322
EQCTravelStaytion,1036573,134312053,TravelStaytionAMER,Lake Retreat   Kayaks   Theatre   Hot Tub   Sauna,USA,OnboardingSucceeded,,,True,True,N/A,TRUE,6,62,N/A,,,,N/A,TRUE,TRUE,N/A,TRUE,TRUE,N/A,TRUE,TRUE,TRUE,TRUE,TRUE,TRUE,1,1,TRUE,1,1
EQCTravelStaytion,1036515,134312055,TravelStaytionAMER,Cozy Mountain Escape  Hot Tub   Fire Pit   Views,USA,OnboardingSucceeded,,,True,True,N/A,TRUE,6,46,N/A,,,,N/A,TRUE,TRUE,N/A,TRUE,TRUE,N/A,TRUE,TRUE,TRUE,TRUE,TRUE,TRUE,1,1,TRUE,1,1
EQCTravelStaytion,1036501,134311895,TravelStaytionAMER,34 Acre Escape Games Hiking Pool Table Bicycles,USA,OnboardingSucceeded,,,True,True,N/A,TRUE,6,69,N/A,,,,N/A,TRUE,TRUE,N/A,TRUE,TRUE,N/A,TRUE,TRUE,TRUE,TRUE,TRUE,TRUE,1,1,TRUE,1,1
EQCTravelStaytion,1036494,134311944,TravelStaytionAMER,4 Br Sleeps 8 - Kayaks - Fire Pit - Dog Friendly,USA,OnboardingSucceeded,,,True,True,N/A,TRUE,6,63,N/A,,,,N/A,TRUE,TRUE,N/A,TRUE,TRUE,N/A,TRUE,TRUE,TRUE,TRUE,TRUE,TRUE,1,1,TRUE,1,1
EQCTravelStaytion,1036488,134312174,TravelStaytionAMER,Sleeps 20 Heated Pool Pickleball Hot Tub Fire Pit,USA,OnboardingSucceeded,,,True,True,N/A,TRUE,6,58,N/A,,,,N/A,TRUE,TRUE,N/A,TRUE,TRUE,N/A,TRUE,TRUE,TRUE,TRUE,TRUE,TRUE,1,1,TRUE,1,1
EQCTravelStaytion,1036508,134311759,TravelStaytionAMER,Mountain Views   Hot Tub   Fire Pit   Dog Friendly,USA,OnboardingSucceeded,,,True,True,N/A,TRUE,6,47,N/A,,,,N/A,TRUE,TRUE,N/A,TRUE,TRUE,N/A,TRUE,TRUE,TRUE,TRUE,TRUE,TRUE,1,1,TRUE,1,1
EQCTravelStaytion,1036457,134311769,TravelStaytionAMER,Island Star 5 Br Home Private Pool Boardwalk,USA,OnboardingSucceeded,,,True,True,N/A,TRUE,6,59,N/A,,,,N/A,TRUE,TRUE,N/A,TRUE,TRUE,N/A,TRUE,TRUE,TRUE,TRUE,TRUE,TRUE,1,1,TRUE,1,1
EQCTravelStaytion,1036491,134311770,TravelStaytionAMER,The Timberline  Hot Tub   Bocce Ball   Cozy Vibes,USA,OnboardingSucceeded,,,True,True,TRUE,TRUE,6,66,N/A,,,,N/A,TRUE,TRUE,N/A,TRUE,TRUE,N/A,TRUE,TRUE,TRUE,TRUE,TRUE,TRUE,1,1,TRUE,1,178
EQCTravelStaytion,1036513,134311963,TravelStaytionAMER,Waterfront Getaway with Pier Access,USA,OnboardingSucceeded,,,True,True,N/A,TRUE,6,37,N/A,,,,N/A,TRUE,TRUE,N/A,TRUE,TRUE,N/A,TRUE,TRUE,TRUE,TRUE,TRUE,TRUE,1,1,TRUE,1,1
EQCTravelStaytion,1036458,134312313,TravelStaytionAMER,Beach Please Walk to Beach Dog Friendly,USA,OnboardingSucceeded,,,True,True,N/A,TRUE,6,31,N/A,,,,N/A,TRUE,TRUE,N/A,TRUE,TRUE,N/A,TRUE,TRUE,TRUE,TRUE,TRUE,TRUE,1,1,TRUE,1,181
EQCTravelStaytion,1036463,134311677,TravelStaytionAMER,5 Min to Beach   Heated Pool    Golf   Sleeps 12,USA,OnboardingSucceeded,,,True,True,N/A,TRUE,6,54,N/A,,,,N/A,TRUE,TRUE,N/A,TRUE,TRUE,N/A,TRUE,TRUE,TRUE,TRUE,TRUE,TRUE,1,1,TRUE,1,1
EQCTravelStaytion,1036440,134311734,TravelStaytionAMER,The Desert Emerald  Pool  Hot Tub  Games   More,USA,OnboardingSucceeded,,,True,True,TRUE,TRUE,6,74,N/A,,,,N/A,TRUE,TRUE,N/A,TRUE,TRUE,N/A,TRUE,TRUE,TRUE,TRUE,TRUE,TRUE,1,1,TRUE,1,1
EQCTravelStaytion,1036495,134311827,TravelStaytionAMER,Sleeps 24  FREE Heated Pool  Pickleball  Theater,USA,OnboardingSucceeded,,,True,True,TRUE,TRUE,6,82,N/A,,,,N/A,TRUE,TRUE,N/A,TRUE,TRUE,N/A,TRUE,TRUE,TRUE,TRUE,TRUE,TRUE,1,1,TRUE,1,1
EQCTravelStaytion,1036482,134311810,TravelStaytionAMER,The Lazy Palm  Private Lazy River   Pickleball,USA,OnboardingSucceeded,,,True,True,TRUE,TRUE,6,90,N/A,,,,N/A,TRUE,TRUE,N/A,TRUE,TRUE,N/A,TRUE,TRUE,TRUE,TRUE,TRUE,TRUE,1,1,TRUE,1,1
EQCTravelStaytion,1036471,134312069,TravelStaytionAMER,Pool   Fire Pit Retreat     Sleeps 14 - BBQ Grill,USA,OnboardingSucceeded,,,True,True,N/A,TRUE,6,70,N/A,,,,N/A,TRUE,TRUE,N/A,TRUE,TRUE,N/A,TRUE,TRUE,TRUE,TRUE,TRUE,TRUE,1,1,TRUE,1,1
EQCTravelStaytion,1036455,134311714,TravelStaytionAMER,Luxe PV Retreat - Pickleball - Heated Pool - Sauna,USA,OnboardingSucceeded,,,False,False,FALSE,TRUE,6,102,N/A,,,,N/A,TRUE,TRUE,N/A,TRUE,TRUE,N/A,TRUE,TRUE,TRUE,TRUE,TRUE,TRUE,1,1,TRUE,1,1
EQCTravelStaytion,1036446,134312079,TravelStaytionAMER,Sunny Citrus Escape  Min to Midtown   Dog-Friendly,USA,OnboardingSucceeded,,,True,True,N/A,TRUE,6,39,N/A,,,,N/A,TRUE,TRUE,N/A,TRUE,TRUE,N/A,TRUE,TRUE,TRUE,TRUE,TRUE,TRUE,1,1,TRUE,1,1
EQCTravelStaytion,1036441,134311739,TravelStaytionAMER,4 Br Tempe Retreat  Pool   Putt Putt   Pool Table,USA,OnboardingSucceeded,,,True,True,TRUE,TRUE,6,58,N/A,,,,N/A,TRUE,TRUE,N/A,TRUE,TRUE,N/A,TRUE,TRUE,TRUE,TRUE,TRUE,TRUE,1,1,TRUE,1,1
EQCTravelStaytion,1036403,134311872,TravelStaytionAMER,Sedona Haven   7BR     Sleeps 24     Sauna     Hot Tubs,USA,OnboardingSucceeded,,,True,True,TRUE,TRUE,6,116,N/A,,,,N/A,TRUE,TRUE,N/A,TRUE,TRUE,N/A,TRUE,TRUE,TRUE,TRUE,TRUE,TRUE,1,1,TRUE,1,1
EQCTravelStaytion,1036423,134311712,TravelStaytionAMER,Your Beach Getaway  Putt Putt Bikes  Game Room BBQ,USA,OnboardingSucceeded,,,True,True,N/A,TRUE,6,69,N/A,,,,N/A,TRUE,TRUE,N/A,TRUE,TRUE,N/A,TRUE,TRUE,TRUE,TRUE,TRUE,TRUE,1,1,TRUE,1,1
EQCTravelStaytion,1036436,134311997,TravelStaytionAMER,Min to Hatley Pointe  Views-Hot Tub-Sauna-Games,USA,OnboardingSucceeded,,,True,True,TRUE,TRUE,6,35,N/A,,,,N/A,TRUE,TRUE,N/A,TRUE,TRUE,N/A,TRUE,TRUE,TRUE,TRUE,TRUE,TRUE,1,1,TRUE,1,1
EQCTravelStaytion,1036427,134311791,TravelStaytionAMER,Gorgeous Lakefront Home w  Private Beach   Views,USA,OnboardingSucceeded,,,True,True,N/A,TRUE,6,31,N/A,,,,N/A,TRUE,TRUE,N/A,TRUE,TRUE,N/A,TRUE,TRUE,TRUE,TRUE,TRUE,TRUE,1,1,TRUE,1,1
EQCTravelStaytion,1036437,134311682,TravelStaytionAMER,Oceanfront Dock Escape   Kayaks   Paddleboards,USA,OnboardingSucceeded,,,False,False,FALSE,TRUE,6,49,N/A,,,,N/A,TRUE,TRUE,N/A,TRUE,TRUE,N/A,TRUE,TRUE,TRUE,TRUE,TRUE,TRUE,1,1,TRUE,1,1
EQCTravelStaytion,1036391,134311743,TravelStaytionAMER,Sojourners Rest  Old Rag Views  Hot Tub  Fire Pit,USA,OnboardingSucceeded,,,True,True,N/A,TRUE,6,48,N/A,,,,N/A,TRUE,TRUE,N/A,TRUE,TRUE,N/A,TRUE,TRUE,TRUE,TRUE,TRUE,TRUE,1,1,TRUE,1,1
EQCTravelStaytion,1036383,134311732,TravelStaytionAMER,Hot Tub   Sportscourt   Game Room   5 min to Beach,USA,OnboardingSucceeded,,,True,True,N/A,TRUE,6,53,N/A,,,,N/A,TRUE,TRUE,N/A,TRUE,TRUE,N/A,TRUE,TRUE,TRUE,TRUE,TRUE,TRUE,1,1,TRUE,1,1
EQCTravelStaytion,1036418,134311808,TravelStaytionAMER,Sand Volleyball  Pool   Hot Tub    4BR Seminole FL,USA,OnboardingSucceeded,,,True,True,N/A,TRUE,6,55,N/A,,,,N/A,TRUE,TRUE,N/A,TRUE,TRUE,N/A,TRUE,TRUE,TRUE,TRUE,TRUE,TRUE,1,1,TRUE,1,1
EQCTravelStaytion,1036393,134312002,TravelStaytionAMER,The Sunkiss  Pickleball   Heated Pool   Hot Tub,USA,OnboardingSucceeded,,,True,True,TRUE,TRUE,6,101,N/A,,,,N/A,TRUE,TRUE,N/A,TRUE,TRUE,N/A,TRUE,TRUE,TRUE,TRUE,TRUE,TRUE,1,1,TRUE,1,1
EQCTravelStaytion,1036361,134311779,TravelStaytionAMER,Family Fun  Sleeps 12   Pool   Fire Pit   PuttPutt,USA,OnboardingSucceeded,,,True,True,TRUE,TRUE,6,61,N/A,,,,N/A,TRUE,TRUE,N/A,TRUE,TRUE,N/A,TRUE,TRUE,TRUE,TRUE,TRUE,TRUE,1,1,TRUE,1,1
EQCTravelStaytion,1036382,134311778,TravelStaytionAMER,5 Min to Hatley Pointe  Apr  s Ski HotTub FirePit,USA,OnboardingSucceeded,,,True,True,TRUE,TRUE,6,90,N/A,,,,N/A,TRUE,TRUE,N/A,TRUE,TRUE,N/A,TRUE,TRUE,TRUE,TRUE,TRUE,TRUE,1,1,TRUE,1,1
EQCTravelStaytion,1036364,134311755,TravelStaytionAMER,7k sq ft Mountain Estate -The Most Epic Experience,USA,OnboardingSucceeded,,,True,True,TRUE,TRUE,6,141,N/A,,,,N/A,TRUE,TRUE,N/A,TRUE,TRUE,N/A,TRUE,TRUE,TRUE,TRUE,TRUE,TRUE,1,1,TRUE,1,1
EQCTravelStaytion,1036369,134311691,TravelStaytionAMER,Minutes to Anna Maria Island   Pool   Mini Golf,USA,OnboardingSucceeded,,,True,True,N/A,TRUE,6,56,N/A,,,,N/A,TRUE,TRUE,N/A,TRUE,TRUE,N/A,TRUE,TRUE,TRUE,TRUE,TRUE,TRUE,1,1,TRUE,1,1
EQCTravelStaytion,1036389,134311850,TravelStaytionAMER,Steps to Beach-Hilton Head Condo-Pet Friendly,USA,OnboardingSucceeded,,,True,True,N/A,TRUE,6,32,N/A,,,,N/A,TRUE,TRUE,N/A,TRUE,TRUE,N/A,TRUE,TRUE,TRUE,TRUE,TRUE,TRUE,1,1,TRUE,1,1
EQCTravelStaytion,1036367,134311695,TravelStaytionAMER,15 mins to DT Asheville Pool Hot Tub Game Room,USA,OnboardingSucceeded,,,True,True,TRUE,TRUE,6,64,N/A,,,,N/A,TRUE,TRUE,N/A,TRUE,TRUE,N/A,TRUE,TRUE,TRUE,TRUE,TRUE,TRUE,1,1,TRUE,1,1
EQCTravelStaytion,1036374,134311758,TravelStaytionAMER,Green Roof A-Frame  Endless Views   Modern Cabin,USA,OnboardingSucceeded,,,True,True,TRUE,TRUE,6,81,N/A,,,,N/A,TRUE,TRUE,N/A,TRUE,TRUE,N/A,TRUE,TRUE,TRUE,TRUE,TRUE,TRUE,1,1,TRUE,1,1
EQCTravelStaytion,1036376,134311741,TravelStaytionAMER,Private Getaway on 1 Acre   Hiking   Fire Pit,USA,OnboardingSucceeded,,,True,True,N/A,TRUE,6,30,N/A,,,,N/A,TRUE,TRUE,N/A,TRUE,TRUE,N/A,TRUE,TRUE,TRUE,TRUE,TRUE,TRUE,1,1,TRUE,1,1
EQCTravelStaytion,1036357,134311684,TravelStaytionAMER,25 Min to Asheville   Game Room  Fire Pit  Hot Tub,USA,OnboardingSucceeded,,,True,True,TRUE,TRUE,6,52,N/A,,,,N/A,TRUE,TRUE,N/A,TRUE,TRUE,N/A,TRUE,TRUE,TRUE,TRUE,TRUE,TRUE,1,1,TRUE,1,1
EQCTravelStaytion,1036368,134311881,TravelStaytionAMER,Stunning Mtn Views  HotTub Movie Theater Game Room,USA,OnboardingSucceeded,,,True,True,TRUE,TRUE,6,62,N/A,,,,N/A,TRUE,TRUE,N/A,TRUE,TRUE,N/A,TRUE,TRUE,TRUE,TRUE,TRUE,TRUE,1,1,TRUE,1,1
EQCTravelStaytion,1036343,134311765,TravelStaytionAMER,Borracho Beach- Waterslide    Pet Friendly,USA,OnboardingSucceeded,,,True,True,N/A,TRUE,6,27,N/A,,,,N/A,TRUE,TRUE,N/A,TRUE,TRUE,N/A,TRUE,TRUE,TRUE,TRUE,TRUE,TRUE,1,1,TRUE,1,1
EQCTravelStaytion,1036335,134311658,TravelStaytionAMER,La Sirena   Pet Friendly   Community Pool,USA,OnboardingSucceeded,,,True,True,N/A,TRUE,6,32,N/A,,,,N/A,TRUE,TRUE,N/A,TRUE,TRUE,N/A,TRUE,TRUE,TRUE,TRUE,TRUE,TRUE,1,1,TRUE,1,1
EQCTravelStaytion,1036362,134311846,TravelStaytionAMER,Heated Pool     Game Room     Putt Putt     Pet Friendly,USA,OnboardingSucceeded,,,True,True,N/A,TRUE,6,45,N/A,,,,N/A,TRUE,TRUE,N/A,TRUE,TRUE,N/A,TRUE,TRUE,TRUE,TRUE,TRUE,TRUE,1,1,TRUE,1,1
EQCTravelStaytion,1036354,134311711,TravelStaytionAMER,Private Pickleball Court  Movie Room    Hot Tub,USA,OnboardingSucceeded,,,True,True,TRUE,TRUE,6,65,N/A,,,,N/A,TRUE,TRUE,N/A,TRUE,TRUE,N/A,TRUE,TRUE,TRUE,TRUE,TRUE,TRUE,1,1,TRUE,1,1
EQCTravelStaytion,1036313,134311659,TravelStaytionAMER,Happy While Community Pool Boardwalk Access,USA,OnboardingSucceeded,,,True,True,N/A,TRUE,6,33,N/A,,,,N/A,TRUE,TRUE,N/A,TRUE,TRUE,N/A,TRUE,TRUE,TRUE,TRUE,TRUE,TRUE,1,1,TRUE,1,1
EQCTravelStaytion,1036329,134311657,TravelStaytionAMER,Maui East- Pet Friendly   3 Blocks to Beach,USA,OnboardingSucceeded,,,True,True,N/A,TRUE,6,19,N/A,,,,N/A,TRUE,TRUE,N/A,TRUE,TRUE,N/A,TRUE,TRUE,TRUE,TRUE,TRUE,TRUE,1,1,TRUE,1,1
EQCTravelStaytion,1036311,134311652,TravelStaytionAMER,Kona Cottage Dog Friendly In Town Location,USA,OnboardingSucceeded,,,True,True,N/A,TRUE,6,27,N/A,,,,N/A,TRUE,TRUE,N/A,TRUE,TRUE,N/A,TRUE,TRUE,TRUE,TRUE,TRUE,TRUE,1,1,TRUE,1,1
EQCTravelStaytion,1036340,134311943,TravelStaytionAMER,Nauti Paradise- Private Pool   Game Room,USA,OnboardingSucceeded,,,True,True,N/A,TRUE,6,47,N/A,,,,N/A,TRUE,TRUE,N/A,TRUE,TRUE,N/A,TRUE,TRUE,TRUE,TRUE,TRUE,TRUE,1,1,TRUE,1,1
EQCTravelStaytion,1036300,134311689,TravelStaytionAMER,Crane s Landing WINTER TEXANS WELCOME Ground Level,USA,OnboardingSucceeded,,,True,True,N/A,TRUE,6,35,N/A,,,,N/A,TRUE,TRUE,N/A,TRUE,TRUE,N/A,TRUE,TRUE,TRUE,TRUE,TRUE,TRUE,1,1,TRUE,1,1
EQCTravelStaytion,1036332,134311666,TravelStaytionAMER,Pompano- 2 Min Drive to Beach    Sleeps 4,USA,OnboardingSucceeded,,,True,True,N/A,TRUE,6,20,N/A,,,,N/A,TRUE,TRUE,N/A,TRUE,TRUE,N/A,TRUE,TRUE,TRUE,TRUE,TRUE,TRUE,1,1,TRUE,1,1
EQCTravelStaytion,1036322,134311715,TravelStaytionAMER,Ocean Views Boardwalk Access Large Community Pool,USA,OnboardingSucceeded,,,True,True,N/A,TRUE,6,43,N/A,,,,N/A,TRUE,TRUE,N/A,TRUE,TRUE,N/A,TRUE,TRUE,TRUE,TRUE,TRUE,TRUE,1,1,TRUE,1,1
EQCTravelStaytion,1036312,134311671,TravelStaytionAMER,Siesta Villa Private Patio Dog Friendly Cottage,USA,OnboardingSucceeded,,,True,True,N/A,TRUE,6,13,N/A,,,,N/A,TRUE,TRUE,N/A,TRUE,TRUE,N/A,TRUE,TRUE,TRUE,TRUE,TRUE,TRUE,1,1,TRUE,1,1
EQCTravelStaytion,1036317,134311679,TravelStaytionAMER,Private Cabana   5 Min to Beach   Picnic Table,USA,OnboardingSucceeded,,,True,True,N/A,TRUE,6,22,N/A,,,,N/A,TRUE,TRUE,N/A,TRUE,TRUE,N/A,TRUE,TRUE,TRUE,TRUE,TRUE,TRUE,1,1,TRUE,1,1
EQCTravelStaytion,1036324,134311723,TravelStaytionAMER,Sea Clusion- Golf Cart Friendly   Pet Friendly,USA,OnboardingSucceeded,,,True,True,N/A,TRUE,6,33,N/A,,,,N/A,TRUE,TRUE,N/A,TRUE,TRUE,N/A,TRUE,TRUE,TRUE,TRUE,TRUE,TRUE,1,1,TRUE,1,1
EQCTravelStaytion,1036318,134311675,TravelStaytionAMER,Island Gem- 4 BR    Golf Cart Accessible Boardwalk,USA,OnboardingSucceeded,,,True,True,N/A,TRUE,6,45,N/A,,,,N/A,TRUE,TRUE,N/A,TRUE,TRUE,N/A,TRUE,TRUE,TRUE,TRUE,TRUE,TRUE,1,1,TRUE,1,1
EQCTravelStaytion,1036303,134311676,TravelStaytionAMER,La Puerta Rosada Private Pool Prime Location,USA,OnboardingSucceeded,,,True,True,N/A,TRUE,6,39,N/A,,,,N/A,TRUE,TRUE,N/A,TRUE,TRUE,N/A,TRUE,TRUE,TRUE,TRUE,TRUE,TRUE,1,1,TRUE,1,1
EQCTravelStaytion,1036276,134311725,TravelStaytionAMER,Sunset views for miles  Gameroom HotTub - Fire Pit,USA,OnboardingSucceeded,,,True,True,TRUE,TRUE,6,75,N/A,,,,N/A,TRUE,TRUE,N/A,TRUE,TRUE,N/A,TRUE,TRUE,TRUE,TRUE,TRUE,TRUE,1,1,TRUE,1,1
EQCTravelStaytion,1036282,134311640,TravelStaytionAMER,The Ridge House  Golf  Skiing  and Hiking,USA,OnboardingSucceeded,,,True,True,N/A,TRUE,6,38,N/A,,,,N/A,TRUE,TRUE,N/A,TRUE,TRUE,N/A,TRUE,TRUE,TRUE,TRUE,TRUE,TRUE,1,1,TRUE,1,1
EQCTravelStaytion,1052449,134306910,EQCTravelStaytion,Host   Stay   Colquitt Street,GBR,OnboardingSucceeded,,,True,True,TRUE,TRUE,6,24,N/A,,,,N/A,TRUE,TRUE,N/A,TRUE,TRUE,N/A,TRUE,TRUE,TRUE,TRUE,TRUE,TRUE,1,1,TRUE,1,1
EQCTravelStaytion,1052462,134308027,EQCTravelStaytion,Villa des amandiers - Premi  re conciergerie,FRA,OnboardingSucceeded,,,False,False,FALSE,TRUE,6,20,N/A,,,,N/A,TRUE,TRUE,N/A,TRUE,TRUE,N/A,TRUE,TRUE,TRUE,TRUE,TRUE,TRUE,1,1,TRUE,1,1
EQCTravelStaytion,1052273,134292010,TravelStaytionAMER,Grand Burnaby 5BR Retreat   Movie Room   Sauna,CAN,OnboardingSucceeded,,,False,False,FALSE,TRUE,6,67,N/A,,,,N/A,TRUE,TRUE,N/A,TRUE,TRUE,N/A,TRUE,TRUE,TRUE,TRUE,TRUE,TRUE,1,1,TRUE,1,1
EQCTravelStaytion,1030156,134301359,EQCTravelStaytion,3BR House w  Parking   Family-Friendly   Sleeps 8,GBR,OnboardingSucceeded,,,False,False,FALSE,TRUE,6,54,N/A,,,,N/A,TRUE,TRUE,N/A,TRUE,TRUE,N/A,TRUE,TRUE,TRUE,TRUE,TRUE,TRUE,1,1,FALSE,1,0
EQCTravelStaytion,1052298,134301284,EQCTravelStaytion,Cisano Holiday Apartment,ITA,OnboardingSucceeded,,,True,True,TRUE,TRUE,6,53,N/A,,,,N/A,TRUE,TRUE,N/A,TRUE,TRUE,N/A,TRUE,TRUE,TRUE,TRUE,TRUE,TRUE,1,1,TRUE,1,1
EQCTravelStaytion,1046677,134217283,TravelStaytionAMER,Luxury in Little Italy  2 Bedroom - Private Balcony,USA,OnboardingSucceeded,,,False,False,FALSE,TRUE,6,15,N/A,,,,N/A,TRUE,TRUE,N/A,TRUE,TRUE,N/A,TRUE,TRUE,TRUE,TRUE,TRUE,TRUE,1,1,TRUE,1,1
EQCTravelStaytion,1052171,134262218,EQCTravelStaytion,Balcony Suite  The Valour in De Waterkant,ZAF,OnboardingSucceeded,,,True,True,N/A,TRUE,6,23,N/A,,,,N/A,TRUE,TRUE,N/A,TRUE,TRUE,N/A,TRUE,TRUE,TRUE,TRUE,TRUE,TRUE,1,1,TRUE,1,1
EQCTravelStaytion,1046676,134217285,TravelStaytionAMER,LES is MORE stunning views,USA,OnboardingSucceeded,,,False,False,FALSE,TRUE,6,16,N/A,,,,N/A,TRUE,TRUE,N/A,TRUE,TRUE,N/A,TRUE,TRUE,TRUE,TRUE,TRUE,TRUE,1,1,TRUE,1,1
EQCTravelStaytion,1051985,134250002,EQCTravelStaytion,las Torres 215 in Chiclana de la Frontera,ESP,OnboardingSucceeded,,,True,True,TRUE,TRUE,6,25,N/A,,,,N/A,TRUE,TRUE,N/A,TRUE,TRUE,N/A,TRUE,TRUE,TRUE,TRUE,TRUE,TRUE,1,1,TRUE,1,136
EQCTravelStaytion,1046418,134217284,TravelStaytionAMER,Chill in the Village,USA,OnboardingSucceeded,,,False,False,FALSE,TRUE,6,16,N/A,,,,N/A,TRUE,TRUE,N/A,TRUE,TRUE,N/A,TRUE,TRUE,TRUE,TRUE,TRUE,TRUE,1,1,TRUE,1,1
EQCTravelStaytion,1051502,134215323,EQCTravelStaytion,2BR Rooftop Terrace in Rotterdam City Centre,NLD,OnboardingSucceeded,,,False,False,FALSE,TRUE,6,64,N/A,,,,N/A,TRUE,TRUE,N/A,TRUE,TRUE,N/A,TRUE,TRUE,TRUE,TRUE,TRUE,TRUE,1,1,TRUE,1,1
EQCTravelStaytion,1051541,134215335,EQCTravelStaytion,Raffa Holiday in Raffa,ITA,OnboardingSucceeded,,,True,True,TRUE,TRUE,6,33,N/A,,,,N/A,TRUE,TRUE,N/A,TRUE,TRUE,N/A,TRUE,TRUE,TRUE,TRUE,TRUE,TRUE,1,1,TRUE,1,1
EQCTravelStaytion,1051506,134215325,EQCTravelStaytion,2BR Penthouse Rotterdam City Centre,NLD,OnboardingSucceeded,,,False,False,FALSE,TRUE,6,43,N/A,,,,N/A,TRUE,TRUE,N/A,TRUE,TRUE,N/A,TRUE,TRUE,TRUE,TRUE,TRUE,TRUE,1,1,TRUE,1,1
EQCTravelStaytion,1051469,134215311,TravelStaytionAMER,Modern 4 bedroom villa with tropical vibes in Baru,COL,OnboardingSucceeded,,,True,True,TRUE,TRUE,6,47,N/A,,,,N/A,TRUE,TRUE,N/A,TRUE,TRUE,N/A,TRUE,TRUE,TRUE,TRUE,TRUE,TRUE,1,1,TRUE,1,1
EQCTravelStaytion,1051461,134215312,TravelStaytionAMER,w    Enjoyable 2BR Stay w  Balcony in Miraflores,PER,OnboardingSucceeded,,,True,True,N/A,TRUE,6,31,N/A,,,,N/A,TRUE,TRUE,N/A,TRUE,TRUE,N/A,TRUE,TRUE,TRUE,TRUE,TRUE,TRUE,1,1,TRUE,1,185
EQCTravelStaytion,1051468,134215308,EQCTravelStaytion,Perfect Booking   Bright 2 Bed Maisonette in Bath,GBR,OnboardingSucceeded,,,True,True,TRUE,TRUE,6,28,N/A,,,,N/A,TRUE,TRUE,N/A,TRUE,TRUE,N/A,TRUE,TRUE,TRUE,TRUE,TRUE,TRUE,1,1,TRUE,1,1
EQCTravelStaytion,1051353,134215305,EQCTravelStaytion,San Francesco Ripa 4 - Lorenza 3BR Group   Family Home,ITA,OnboardingSucceeded,,,True,True,TRUE,TRUE,6,52,N/A,,,,N/A,TRUE,TRUE,N/A,TRUE,TRUE,N/A,TRUE,TRUE,TRUE,TRUE,TRUE,TRUE,1,1,TRUE,1,1
EQCTravelStaytion,1050999,134215293,EQCTravelStaytion,2-Bed   1 Bath   Sleeps 4   Putney Near Thames,GBR,OnboardingSucceeded,,,False,False,FALSE,TRUE,6,67,N/A,,,,N/A,TRUE,TRUE,N/A,TRUE,TRUE,N/A,TRUE,TRUE,TRUE,TRUE,TRUE,TRUE,1,1,TRUE,1,1
EQCTravelStaytion,1046712,134482129,EQCTravelStaytion,Modern 3-Bed Garden  Pool   Gym by CTHA,ZAF,OnboardingSucceeded,,,False,False,N/A,FALSE,6,0,N/A,,,,N/A,TRUE,TRUE,TRUE,TRUE,TRUE,N/A,TRUE,TRUE,TRUE,TRUE,TRUE,FALSE,1,0,FALSE,1,0
EQCTravelStaytion,1053752,134476339,EQCTravelStaytion,Old Town Bayview T1 w  Pool - 350m to beach,PRT,OnboardingSucceeded,,,False,False,FALSE,FALSE,6,0,N/A,,,,N/A,TRUE,TRUE,TRUE,TRUE,TRUE,N/A,TRUE,TRUE,TRUE,TRUE,TRUE,FALSE,1,0,FALSE,1,0
EQCTravelStaytion,1046362,134482130,EQCTravelStaytion,Blue Elina - Amami Viaggi Collection,ITA,OnboardingSucceeded,,,False,False,FALSE,FALSE,6,0,N/A,,,,N/A,TRUE,TRUE,TRUE,TRUE,TRUE,N/A,TRUE,TRUE,TRUE,TRUE,TRUE,FALSE,1,0,FALSE,1,0
EQCTravelStaytion,305916,134482917,EQCTravelStaytion,Campidoglio F in Firenze,ITA,OnboardingSucceeded,,,False,False,FALSE,FALSE,6,0,N/A,,,,N/A,TRUE,TRUE,TRUE,TRUE,TRUE,N/A,TRUE,TRUE,TRUE,TRUE,TRUE,FALSE,1,0,FALSE,1,0
EQCTravelStaytion,1046361,134482128,EQCTravelStaytion,Donna Maria - Marialuce,ITA,OnboardingSucceeded,,,False,False,FALSE,FALSE,6,0,N/A,,,,N/A,TRUE,TRUE,TRUE,TRUE,TRUE,N/A,TRUE,TRUE,TRUE,TRUE,TRUE,FALSE,1,0,FALSE,1,0
EQCTravelStaytion,1053750,134476331,EQCTravelStaytion,Central Town 2-Bedroom Classy Apartment Albufeira,PRT,OnboardingSucceeded,,,False,False,FALSE,FALSE,6,0,N/A,,,,N/A,TRUE,TRUE,TRUE,TRUE,TRUE,N/A,TRUE,TRUE,TRUE,TRUE,TRUE,FALSE,1,0,FALSE,1,0
EQCTravelStaytion,1053756,134474378,EQCTravelStaytion,Metawise 2BR Apt     Brightest in Brighton,AUS,OnboardingSucceeded,,,False,False,FALSE,FALSE,6,0,N/A,,,,N/A,TRUE,TRUE,TRUE,TRUE,TRUE,N/A,TRUE,TRUE,TRUE,TRUE,TRUE,FALSE,1,0,FALSE,1,0
EQCTravelStaytion,1046360,134482126,EQCTravelStaytion,Apartament in Minori,ITA,OnboardingSucceeded,,,False,False,FALSE,FALSE,6,0,N/A,,,,N/A,TRUE,TRUE,TRUE,TRUE,TRUE,N/A,TRUE,TRUE,TRUE,TRUE,TRUE,FALSE,1,0,FALSE,1,0
EQCTravelStaytion,305917,134482918,EQCTravelStaytion,Campidoglio T in Firenze,ITA,OnboardingSucceeded,,,False,False,FALSE,FALSE,6,0,N/A,,,,N/A,TRUE,TRUE,FALSE,FALSE,TRUE,N/A,TRUE,TRUE,TRUE,TRUE,TRUE,FALSE,1,0,FALSE,1,0
EQCTravelStaytion,1053459,134482173,EQCTravelStaytion,Genteel Home Padre Marchena 13 101,ESP,OnboardingSucceeded,,,False,False,FALSE,FALSE,6,0,N/A,,,,N/A,TRUE,TRUE,TRUE,TRUE,TRUE,N/A,TRUE,TRUE,TRUE,TRUE,TRUE,FALSE,1,0,FALSE,1,0
EQCTravelStaytion,1053748,134476329,EQCTravelStaytion,Apartamento T1 VistaMar Centro Hist  rico Albufeira,PRT,OnboardingSucceeded,,,False,False,FALSE,FALSE,6,0,N/A,,,,N/A,TRUE,TRUE,TRUE,TRUE,TRUE,N/A,TRUE,TRUE,TRUE,TRUE,TRUE,FALSE,1,0,FALSE,1,0
EQCTravelStaytion,1053751,134476328,EQCTravelStaytion,Casa da Bica T2  250m Old Town Beach,PRT,OnboardingSucceeded,,,False,False,FALSE,FALSE,6,0,N/A,,,,N/A,TRUE,TRUE,TRUE,TRUE,TRUE,N/A,TRUE,TRUE,TRUE,TRUE,TRUE,FALSE,1,0,TRUE,1,1
EQCTravelStaytion,1048562,134481348,TravelStaytionAMER,Waikiki Monthly 2BR w  Parking  Pool   Lanai,USA,OnboardingSucceeded,,,False,False,FALSE,FALSE,6,0,N/A,,,,N/A,TRUE,TRUE,TRUE,TRUE,TRUE,N/A,TRUE,TRUE,TRUE,TRUE,TRUE,FALSE,1,0,FALSE,1,0
EQCTravelStaytion,1053461,134482170,EQCTravelStaytion,Genteel Home Padre Marchena 13 201,ESP,OnboardingSucceeded,,,False,False,FALSE,FALSE,6,0,N/A,,,,N/A,TRUE,TRUE,TRUE,TRUE,TRUE,N/A,TRUE,TRUE,TRUE,TRUE,TRUE,FALSE,1,0,FALSE,1,0
EQCTravelStaytion,708850,134487226,EQCTravelStaytion,22 Relais du Lac Elite - Italian Homing,ITA,OnboardingSucceeded,,,False,False,FALSE,FALSE,6,0,N/A,,,,N/A,TRUE,TRUE,FALSE,TRUE,TRUE,N/A,TRUE,TRUE,TRUE,TRUE,TRUE,FALSE,1,0,FALSE,1,0
EQCTravelStaytion,1053464,134442684,EQCTravelStaytion,Nomad s Family - 3BDR The Home Base Porto,PRT,OnboardingSucceeded,,,False,False,FALSE,FALSE,6,0,N/A,,,,N/A,TRUE,TRUE,TRUE,TRUE,TRUE,N/A,TRUE,TRUE,TRUE,TRUE,TRUE,FALSE,1,0,TRUE,1,1
EQCTravelStaytion,700439,134480654,EQCTravelStaytion,Italianway Easy -  Venezia 33 - A,ITA,OnboardingSucceeded,,,False,False,FALSE,FALSE,6,0,N/A,,,,N/A,TRUE,TRUE,FALSE,TRUE,TRUE,N/A,TRUE,TRUE,TRUE,TRUE,TRUE,FALSE,1,0,TRUE,1,1
EQCTravelStaytion,1053782,134475753,EQCTravelStaytion,ESTRELA RIVERSIDE STUDIOS II by Homing,PRT,OnboardingSucceeded,,,False,False,FALSE,FALSE,6,0,N/A,,,,N/A,TRUE,TRUE,TRUE,TRUE,TRUE,N/A,TRUE,TRUE,TRUE,TRUE,TRUE,FALSE,1,0,TRUE,1,1
EQCTravelStaytion,1053568,134468482,TravelStaytionGRC,Villa Idola Dassia,GRC,OnboardingSucceeded,,,False,False,TRUE,FALSE,6,0,N/A,,,,N/A,TRUE,TRUE,N/A,TRUE,TRUE,N/A,TRUE,TRUE,TRUE,TRUE,TRUE,TRUE,1,1,FALSE,1,0
EQCTravelStaytion,1052475,134482163,EQCTravelStaytion,Genteel Home San Anton 103,ESP,OnboardingSucceeded,,,False,False,FALSE,FALSE,6,0,N/A,,,,N/A,TRUE,TRUE,TRUE,TRUE,TRUE,N/A,TRUE,TRUE,TRUE,TRUE,TRUE,FALSE,1,0,FALSE,1,0
EQCTravelStaytion,1036961,134312226,TravelStaytionAMER,Wellsprings Retreat   Smoky Mtn Views   Sleeps 12,USA,OnboardingSucceeded,,,True,True,N/A,TRUE,6,64,N/A,,,,N/A,TRUE,TRUE,N/A,TRUE,TRUE,N/A,TRUE,TRUE,TRUE,TRUE,TRUE,TRUE,1,1,TRUE,1,1
EQCTravelStaytion,694106,134487137,EQCTravelStaytion,Ronchetto - Appartamento Rudere,ITA,OnboardingSucceeded,,,False,False,FALSE,FALSE,6,0,N/A,,,,N/A,TRUE,TRUE,TRUE,TRUE,TRUE,N/A,TRUE,TRUE,TRUE,TRUE,TRUE,FALSE,1,0,FALSE,1,0
EQCTravelStaytion,1053432,134448447,EQCTravelStaytion,Osprey Annex family suite at Kinclune Estate  Angus,GBR,OnboardingSucceeded,,,False,False,N/A,FALSE,6,0,N/A,,,,N/A,TRUE,TRUE,TRUE,TRUE,TRUE,N/A,TRUE,TRUE,TRUE,TRUE,TRUE,FALSE,1,0,TRUE,1,1
EQCTravelStaytion,1053475,134449536,TravelStaytionAMER,Coastal 4BR Retreat  Hot tub   Water Views  Deck  Pet-friendly,USA,OnboardingSucceeded,,,False,False,FALSE,FALSE,6,0,N/A,,,,N/A,TRUE,TRUE,TRUE,TRUE,TRUE,N/A,TRUE,TRUE,TRUE,TRUE,TRUE,FALSE,1,0,TRUE,1,1
EQCTravelStaytion,1053983,134479587,TravelStaytionAMER,Designer Disney Escape with Themed Rooms,USA,OnboardingSucceeded,,,False,False,N/A,FALSE,6,0,N/A,,,,N/A,TRUE,TRUE,TRUE,TRUE,FALSE,N/A,TRUE,TRUE,TRUE,TRUE,TRUE,FALSE,1,0,FALSE,1,0
EQCTravelStaytion,1053562,134460732,EQCTravelStaytion,CHL Casa tradicional Basilisa Capote  La Palma,ESP,OnboardingSucceeded,,,False,False,FALSE,FALSE,6,0,N/A,,,,N/A,TRUE,TRUE,TRUE,TRUE,TRUE,N/A,TRUE,TRUE,TRUE,TRUE,TRUE,FALSE,1,0,TRUE,1,1
EQCTravelStaytion,694059,134474707,EQCTravelStaytion,Proconsolo 9D in Firenze,ITA,OnboardingSucceeded,,,False,False,FALSE,FALSE,6,0,N/A,,,,N/A,TRUE,TRUE,TRUE,TRUE,TRUE,N/A,TRUE,TRUE,TRUE,TRUE,TRUE,FALSE,1,0,FALSE,1,0
EQCTravelStaytion,1053479,134449531,TravelStaytionAMER,Cabin  Outdoor Space   Views  Gym  Game room,USA,OnboardingSucceeded,,,False,False,N/A,FALSE,6,0,N/A,,,,N/A,TRUE,TRUE,TRUE,TRUE,TRUE,N/A,TRUE,TRUE,TRUE,TRUE,TRUE,FALSE,1,0,TRUE,1,1
EQCTravelStaytion,1036959,134312326,TravelStaytionAMER,Modern Cabin     Movie Theater     Hot Tub     Game Room,USA,OnboardingSucceeded,,,True,True,N/A,TRUE,6,37,N/A,,,,N/A,TRUE,TRUE,N/A,TRUE,TRUE,N/A,TRUE,TRUE,TRUE,TRUE,TRUE,TRUE,1,1,TRUE,1,1
EQCTravelStaytion,1053498,134457163,EQCTravelStaytion,Alpine Cabin   Bog   Nature Retreat,ALB,OnboardingSucceeded,,,False,False,N/A,FALSE,6,0,N/A,,,,N/A,TRUE,TRUE,TRUE,TRUE,TRUE,N/A,TRUE,TRUE,TRUE,TRUE,TRUE,FALSE,1,0,TRUE,1,1
EQCTravelStaytion,1052713,134345720,EQCTravelStaytion,Villetta La Terrazza di Piero,ITA,OnboardingSucceeded,,,False,False,FALSE,FALSE,6,0,N/A,,,,N/A,TRUE,TRUE,N/A,TRUE,TRUE,N/A,TRUE,TRUE,FALSE,TRUE,TRUE,FALSE,1,0,FALSE,1,0
EQCTravelStaytion,1053284,134428037,TravelStaytionAMER,Fun In the Sun Oasis   Pool   Hot Tub   Near Beach,USA,OnboardingSucceeded,,,False,False,FALSE,TRUE,6,60,N/A,,,,N/A,TRUE,TRUE,N/A,TRUE,TRUE,N/A,TRUE,TRUE,TRUE,TRUE,TRUE,TRUE,1,1,TRUE,1,1
EQCTravelStaytion,1053473,134449532,TravelStaytionAMER,Modern Retreat   Hot Tub   Bar   Patio   HPU,USA,OnboardingSucceeded,,,False,False,FALSE,FALSE,6,0,N/A,,,,N/A,TRUE,TRUE,TRUE,TRUE,TRUE,N/A,TRUE,TRUE,TRUE,TRUE,TRUE,FALSE,1,0,TRUE,1,1
EQCTravelStaytion,1053448,134440307,EQCTravelStaytion,2 BR Apartment in Center w Free Parking,NLD,OnboardingSucceeded,,,False,False,FALSE,FALSE,6,0,N/A,,,,N/A,TRUE,TRUE,TRUE,TRUE,TRUE,N/A,TRUE,TRUE,TRUE,TRUE,TRUE,FALSE,1,0,TRUE,1,1
EQCTravelStaytion,1048145,134479592,TravelStaytionAMER,Orlando Most Incredible Themed 10BR Villa,USA,OnboardingSucceeded,,,False,False,N/A,FALSE,6,0,N/A,,,,N/A,TRUE,TRUE,TRUE,TRUE,FALSE,N/A,TRUE,TRUE,TRUE,TRUE,TRUE,FALSE,1,0,FALSE,1,0
EQCTravelStaytion,1052837,134382786,EQCTravelStaytion,Cromar Cottage in Aberdeenshire,GBR,OnboardingSucceeded,,,True,True,N/A,TRUE,6,37,N/A,,,,N/A,TRUE,TRUE,N/A,TRUE,TRUE,N/A,TRUE,TRUE,TRUE,TRUE,TRUE,TRUE,1,1,TRUE,1,1
EQCTravelStaytion,1053767,134474693,EQCTravelStaytion,Free housekeeping visits during your stay - StayShort - Peaceful 1-Bedroom  in Dubai Creek Harbour - Sleeps 4,ARE,OnboardingSucceeded,,,False,False,FALSE,FALSE,6,0,N/A,,,,N/A,TRUE,TRUE,TRUE,TRUE,TRUE,N/A,TRUE,TRUE,TRUE,TRUE,TRUE,FALSE,1,0,FALSE,1,0
EQCTravelStaytion,1053260,134427924,TravelStaytionAMER,w    Amazing 1BR in Prime Polanco,MEX,OnboardingSucceeded,,,True,True,N/A,TRUE,6,13,N/A,,,,N/A,TRUE,TRUE,N/A,TRUE,TRUE,N/A,TRUE,TRUE,TRUE,TRUE,TRUE,TRUE,1,1,TRUE,1,1
EQCTravelStaytion,299651,134455883,EQCTravelStaytion,Five Boutique Rooms - Camera 5,ITA,OnboardingSucceeded,,,False,False,FALSE,FALSE,6,0,N/A,,,,N/A,TRUE,TRUE,TRUE,TRUE,TRUE,N/A,TRUE,TRUE,TRUE,TRUE,TRUE,FALSE,1,0,TRUE,1,1
EQCTravelStaytion,1053441,134448927,TravelStaytionGRC,Studio Tepes - Niki Samos Sea View Balcony Suite,GRC,OnboardingSucceeded,,,False,False,FALSE,FALSE,6,0,N/A,,,,N/A,TRUE,TRUE,FALSE,TRUE,TRUE,N/A,TRUE,TRUE,TRUE,TRUE,TRUE,FALSE,1,0,TRUE,1,1
EQCTravelStaytion,1053254,134427923,TravelStaytionAMER,w    Upscale 1BR w  AC in Vibrant Obarrio,PAN,OnboardingSucceeded,,,True,True,N/A,TRUE,6,36,N/A,,,,N/A,TRUE,TRUE,N/A,TRUE,TRUE,N/A,TRUE,TRUE,TRUE,TRUE,TRUE,TRUE,1,1,TRUE,1,1
EQCTravelStaytion,1053496,134455368,EQCTravelStaytion,Villa Brava Sunset by Homie,PRT,OnboardingSucceeded,,,False,False,FALSE,FALSE,6,0,N/A,,,,N/A,TRUE,TRUE,TRUE,TRUE,TRUE,N/A,TRUE,TRUE,TRUE,TRUE,TRUE,FALSE,1,0,FALSE,1,0
EQCTravelStaytion,1036945,134312258,TravelStaytionAMER,Downtown Kimmswick Studio-Renovated-Prime Location,USA,OnboardingSucceeded,,,True,True,N/A,TRUE,6,12,N/A,,,,N/A,TRUE,TRUE,N/A,TRUE,TRUE,N/A,TRUE,TRUE,TRUE,TRUE,TRUE,TRUE,1,1,TRUE,1,1
EQCTravelStaytion,1053492,134453908,EQCTravelStaytion,Seaside Haven in Brighton,GBR,OnboardingSucceeded,,,False,False,FALSE,FALSE,6,0,N/A,,,,N/A,TRUE,TRUE,TRUE,TRUE,TRUE,N/A,TRUE,TRUE,FALSE,TRUE,TRUE,FALSE,1,0,TRUE,1,1
EQCTravelStaytion,1048862,134398504,TravelStaytionAMER,Epic Villa By Disney Theater Game Room Pool   Spa,USA,OnboardingSucceeded,,,True,True,N/A,TRUE,6,62,N/A,,,,N/A,TRUE,TRUE,N/A,TRUE,TRUE,N/A,TRUE,TRUE,TRUE,TRUE,TRUE,TRUE,1,1,TRUE,1,1
EQCTravelStaytion,1053444,134448928,TravelStaytionGRC,Studio Tepes - Samos Sea View Balcony Suites,GRC,OnboardingSucceeded,,,False,False,FALSE,FALSE,6,0,N/A,,,,N/A,TRUE,TRUE,FALSE,TRUE,TRUE,N/A,TRUE,TRUE,TRUE,TRUE,TRUE,FALSE,1,0,TRUE,1,1
EQCTravelStaytion,1036944,134312086,TravelStaytionAMER,Strause Haus   Near Shanty Creek   Torch Lake,USA,OnboardingSucceeded,,,True,True,N/A,TRUE,6,43,N/A,,,,N/A,TRUE,TRUE,N/A,TRUE,TRUE,N/A,TRUE,TRUE,TRUE,TRUE,TRUE,TRUE,1,1,TRUE,1,1
EQCTravelStaytion,1036957,134312316,TravelStaytionAMER,Walk To Broadway Charming Modern Historic Townhome,USA,OnboardingSucceeded,,,True,True,N/A,TRUE,6,50,N/A,,,,N/A,TRUE,TRUE,N/A,TRUE,TRUE,N/A,TRUE,TRUE,TRUE,TRUE,TRUE,TRUE,1,1,TRUE,1,1
EQCTravelStaytion,1053300,134436424,EQCTravelStaytion,Vera Holiday Home by Wonderful Italy,ITA,OnboardingSucceeded,,,False,False,FALSE,FALSE,6,0,N/A,,,,N/A,TRUE,TRUE,TRUE,TRUE,TRUE,N/A,TRUE,TRUE,TRUE,TRUE,TRUE,FALSE,1,0,TRUE,1,1
EQCTravelStaytion,1052009,134435184,TravelStaytionGRC,Dioni Tinos  sea view elegant villa,GRC,OnboardingSucceeded,,,False,False,TRUE,FALSE,6,0,N/A,,,,N/A,TRUE,TRUE,N/A,TRUE,TRUE,N/A,TRUE,TRUE,TRUE,TRUE,TRUE,TRUE,1,1,TRUE,1,1
EQCTravelStaytion,1053276,134428020,EQCTravelStaytion,Resort Apartment - 9 Pools   Gym Access,AUS,OnboardingSucceeded,,,True,True,N/A,TRUE,6,55,N/A,,,,N/A,TRUE,TRUE,N/A,TRUE,TRUE,N/A,TRUE,TRUE,TRUE,TRUE,TRUE,TRUE,1,1,TRUE,1,1
EQCTravelStaytion,1053253,134427921,TravelStaytionAMER,w    Charming   Cozy 1BR in Prime Polanco,MEX,OnboardingSucceeded,,,True,True,N/A,TRUE,6,10,N/A,,,,N/A,TRUE,TRUE,N/A,TRUE,TRUE,N/A,TRUE,TRUE,TRUE,TRUE,TRUE,TRUE,1,1,TRUE,1,1
EQCTravelStaytion,1053440,134448922,TravelStaytionGRC,Studio Tepes - Natassa Samos SeaView Balcony Suite,GRC,OnboardingSucceeded,,,False,False,FALSE,FALSE,6,0,N/A,,,,N/A,TRUE,TRUE,FALSE,TRUE,TRUE,N/A,TRUE,TRUE,TRUE,TRUE,TRUE,FALSE,1,0,TRUE,1,1
EQCTravelStaytion,1052746,134354411,EQCTravelStaytion,Aldeia S  o Rafael T2 82B,PRT,OnboardingSucceeded,,,True,True,TRUE,TRUE,6,40,N/A,,,,N/A,TRUE,TRUE,N/A,TRUE,TRUE,N/A,TRUE,TRUE,TRUE,TRUE,TRUE,TRUE,1,1,TRUE,1,1
EQCTravelStaytion,980021,134323570,EQCTravelStaytion,Tropical-Inspired 5BR Modern Seafront Villa   Infinity Pool   Direct Sea Access,JAM,OnboardingSucceeded,,,True,False,N/A,TRUE,6,44,N/A,,,,N/A,TRUE,TRUE,N/A,TRUE,TRUE,N/A,TRUE,TRUE,TRUE,TRUE,TRUE,TRUE,1,1,FALSE,1,0
EQCTravelStaytion,1036920,134312232,TravelStaytionAMER,Ultimate Getaway     Pool     Game Room     Sleeps 12,USA,OnboardingSucceeded,,,False,False,FALSE,TRUE,6,45,N/A,,,,N/A,TRUE,TRUE,N/A,TRUE,TRUE,N/A,TRUE,TRUE,TRUE,TRUE,TRUE,TRUE,1,1,TRUE,1,1
EQCTravelStaytion,1036953,134312259,TravelStaytionAMER,Mountain Views   Hot Tub  Arcade Game   Firepit,USA,OnboardingSucceeded,,,True,True,N/A,TRUE,6,55,N/A,,,,N/A,TRUE,TRUE,N/A,TRUE,TRUE,N/A,TRUE,TRUE,TRUE,TRUE,TRUE,TRUE,1,1,TRUE,1,1
EQCTravelStaytion,1049296,134321344,TravelStaytionAMER,Villa Jaguar     Nuak   Jungle,CRI,OnboardingSucceeded,,,True,True,N/A,TRUE,6,29,N/A,,,,N/A,TRUE,TRUE,N/A,TRUE,TRUE,N/A,TRUE,TRUE,TRUE,TRUE,TRUE,TRUE,1,1,TRUE,1,1
EQCTravelStaytion,1053274,134428019,EQCTravelStaytion,Rainforest Meets Luxury - Infinity Pool  Views,AUS,OnboardingSucceeded,,,True,True,N/A,TRUE,6,23,N/A,,,,N/A,TRUE,TRUE,N/A,TRUE,TRUE,N/A,TRUE,TRUE,TRUE,TRUE,TRUE,TRUE,1,1,TRUE,1,1
EQCTravelStaytion,1052715,134346407,EQCTravelStaytion,Host   Stay   Ocean Tao,GBR,OnboardingSucceeded,,,True,True,TRUE,TRUE,6,19,N/A,,,,N/A,TRUE,TRUE,N/A,TRUE,TRUE,N/A,TRUE,TRUE,TRUE,TRUE,TRUE,TRUE,1,1,TRUE,1,1
EQCTravelStaytion,1036914,134312155,TravelStaytionAMER,Harbor Villa   Waterfront Pool  Spa   Firepit,USA,OnboardingSucceeded,,,True,True,N/A,TRUE,6,54,N/A,,,,N/A,TRUE,TRUE,N/A,TRUE,TRUE,N/A,TRUE,TRUE,TRUE,TRUE,TRUE,TRUE,1,1,TRUE,1,1
EQCTravelStaytion,1036926,134312304,TravelStaytionAMER,The Sunburst  Sleeps 18  Basketball   Heated Pool,USA,OnboardingSucceeded,,,True,True,TRUE,TRUE,6,42,N/A,,,,N/A,TRUE,TRUE,N/A,TRUE,TRUE,N/A,TRUE,TRUE,TRUE,TRUE,TRUE,TRUE,1,1,TRUE,1,1
EQCTravelStaytion,1036810,134312096,TravelStaytionAMER,Sleeps 10 - Pool - Hot Tub - Fire Pit - Playground,USA,OnboardingSucceeded,,,True,True,TRUE,TRUE,6,59,N/A,,,,N/A,TRUE,TRUE,N/A,TRUE,TRUE,N/A,TRUE,TRUE,TRUE,TRUE,TRUE,TRUE,1,1,TRUE,1,1
EQCTravelStaytion,1036879,134312135,TravelStaytionAMER,Rooftop Nights in Nashville - 3BR - Office,USA,OnboardingSucceeded,,,True,True,N/A,TRUE,6,31,N/A,,,,N/A,TRUE,TRUE,N/A,TRUE,TRUE,N/A,TRUE,TRUE,TRUE,TRUE,TRUE,TRUE,1,1,TRUE,1,1
EQCTravelStaytion,1052840,134382697,EQCTravelStaytion,The Green Room - Portmellon,GBR,OnboardingSucceeded,,,True,True,TRUE,TRUE,6,11,N/A,,,,N/A,TRUE,TRUE,N/A,TRUE,TRUE,N/A,TRUE,TRUE,TRUE,TRUE,TRUE,TRUE,1,1,TRUE,1,1
EQCTravelStaytion,1036861,134312193,TravelStaytionAMER,Bradenton Beachfront   Pool   Game Room,USA,OnboardingSucceeded,,,True,True,N/A,TRUE,6,93,N/A,,,,N/A,TRUE,TRUE,N/A,TRUE,TRUE,N/A,TRUE,TRUE,TRUE,TRUE,TRUE,TRUE,1,1,TRUE,1,1
EQCTravelStaytion,1036932,134312223,TravelStaytionAMER,Cowboy Ridge     4BR Spacious Retreat     Sleeps 13,USA,OnboardingSucceeded,,,True,True,TRUE,TRUE,6,74,N/A,,,,N/A,TRUE,TRUE,N/A,TRUE,TRUE,N/A,TRUE,TRUE,TRUE,TRUE,TRUE,TRUE,1,1,TRUE,1,1
EQCTravelStaytion,1036811,134311998,TravelStaytionAMER,Resort Style Backyard     Arcade Games     Hot Tub,USA,OnboardingSucceeded,,,True,True,TRUE,TRUE,6,71,N/A,,,,N/A,TRUE,TRUE,N/A,TRUE,TRUE,N/A,TRUE,TRUE,TRUE,TRUE,TRUE,TRUE,1,1,TRUE,1,1
EQCTravelStaytion,1036894,134312268,TravelStaytionAMER,Mins to Hatley Pointe     Hot Tub     Views     Sauna,USA,OnboardingSucceeded,,,True,True,TRUE,TRUE,6,60,N/A,,,,N/A,TRUE,TRUE,N/A,TRUE,TRUE,N/A,TRUE,TRUE,TRUE,TRUE,TRUE,TRUE,1,1,TRUE,1,1
EQCTravelStaytion,1036871,134312076,TravelStaytionAMER,Gloucester Waterfront   Dock   Kayaks,USA,OnboardingSucceeded,,,False,False,FALSE,TRUE,6,49,N/A,,,,N/A,TRUE,TRUE,N/A,TRUE,TRUE,N/A,TRUE,TRUE,TRUE,TRUE,TRUE,TRUE,1,1,TRUE,1,1
EQCTravelStaytion,1036863,134312252,TravelStaytionAMER,Indian Rocks Waterfront   Pool   Dock,USA,OnboardingSucceeded,,,True,True,N/A,TRUE,6,73,N/A,,,,N/A,TRUE,TRUE,N/A,TRUE,TRUE,N/A,TRUE,TRUE,TRUE,TRUE,TRUE,TRUE,1,1,TRUE,1,1
EQCTravelStaytion,1036824,134312251,TravelStaytionAMER,Sleeps 10     Outdoor Oasis     Heated Pool     Grill,USA,OnboardingSucceeded,,,True,True,N/A,TRUE,6,59,N/A,,,,N/A,TRUE,TRUE,N/A,TRUE,TRUE,N/A,TRUE,TRUE,TRUE,TRUE,TRUE,TRUE,1,1,TRUE,1,107
EQCTravelStaytion,1036793,134312305,TravelStaytionAMER,Cedar Creek Lake Escape     Lakefront   Private Dock,USA,OnboardingSucceeded,,,True,True,N/A,TRUE,6,50,N/A,,,,N/A,TRUE,TRUE,N/A,TRUE,TRUE,N/A,TRUE,TRUE,TRUE,TRUE,TRUE,TRUE,1,1,TRUE,1,184
EQCTravelStaytion,1036905,134312329,TravelStaytionAMER,Heated Pool Hot Tub Sleeps 16 Putting Green,USA,OnboardingSucceeded,,,True,True,N/A,TRUE,6,60,N/A,,,,N/A,TRUE,TRUE,N/A,TRUE,TRUE,N/A,TRUE,TRUE,TRUE,TRUE,TRUE,TRUE,1,1,TRUE,1,1
EQCTravelStaytion,1036844,134312292,TravelStaytionAMER,Near Forest Park   Central West End - Sleeps 6,USA,OnboardingSucceeded,,,True,True,TRUE,TRUE,6,56,N/A,,,,N/A,TRUE,TRUE,N/A,TRUE,TRUE,N/A,TRUE,TRUE,TRUE,TRUE,TRUE,TRUE,1,1,TRUE,1,1
EQCTravelStaytion,1036862,134312199,TravelStaytionAMER,Marco Island Escape   Pool   Game Room,USA,OnboardingSucceeded,,,True,True,TRUE,TRUE,6,84,N/A,,,,N/A,TRUE,TRUE,N/A,TRUE,TRUE,N/A,TRUE,TRUE,TRUE,TRUE,TRUE,TRUE,1,1,TRUE,1,1
EQCTravelStaytion,1036741,134311858,TravelStaytionAMER,Government Camp   Two Homes  Sauna  Spa,USA,OnboardingSucceeded,,,True,True,N/A,TRUE,6,103,N/A,,,,N/A,TRUE,TRUE,N/A,TRUE,TRUE,N/A,TRUE,TRUE,TRUE,TRUE,TRUE,TRUE,1,1,TRUE,1,1
EQCTravelStaytion,1036806,134312190,TravelStaytionAMER,Lone Star Luxe  Pool  Indoor Slide   Sport Court,USA,OnboardingSucceeded,,,False,False,FALSE,TRUE,6,56,N/A,,,,N/A,TRUE,TRUE,N/A,TRUE,TRUE,N/A,TRUE,TRUE,TRUE,TRUE,TRUE,TRUE,1,1,TRUE,1,1
EQCTravelStaytion,1036808,134312272,TravelStaytionAMER,Luxury 8BR Mountain Lodge   Hot Tub   Fire Pit,USA,OnboardingSucceeded,,,True,True,N/A,TRUE,6,68,N/A,,,,N/A,TRUE,TRUE,N/A,TRUE,TRUE,N/A,TRUE,TRUE,TRUE,TRUE,TRUE,TRUE,1,1,TRUE,1,1
EQCTravelStaytion,1036874,134312254,TravelStaytionAMER,5 mins to DT  Gameroom  Balcony  Karaoke Sleeps 10,USA,OnboardingSucceeded,,,True,True,N/A,TRUE,6,39,N/A,,,,N/A,TRUE,TRUE,N/A,TRUE,TRUE,N/A,TRUE,TRUE,TRUE,TRUE,TRUE,TRUE,1,1,TRUE,1,1
EQCTravelStaytion,1036737,134311935,TravelStaytionAMER,Mtn Views   Stargazing Dome   Hot Tub   Sleeps 20,USA,OnboardingSucceeded,,,True,True,TRUE,TRUE,6,83,N/A,,,,N/A,TRUE,TRUE,N/A,TRUE,TRUE,N/A,TRUE,TRUE,TRUE,TRUE,TRUE,TRUE,1,1,TRUE,1,1
EQCTravelStaytion,1036908,134311866,TravelStaytionAMER,Pool  Games  Pickleball   Putt Putt Fun,USA,OnboardingSucceeded,,,True,True,TRUE,TRUE,6,89,N/A,,,,N/A,TRUE,TRUE,N/A,TRUE,TRUE,N/A,TRUE,TRUE,TRUE,TRUE,TRUE,TRUE,1,1,TRUE,1,1
EQCTravelStaytion,1036786,134312287,TravelStaytionAMER,Giddy Up Getaway  Pool  Hot Tub   Family Fun,USA,OnboardingSucceeded,,,True,True,TRUE,TRUE,6,70,N/A,,,,N/A,TRUE,TRUE,N/A,TRUE,TRUE,N/A,TRUE,TRUE,TRUE,TRUE,TRUE,TRUE,1,1,TRUE,1,1
EQCTravelStaytion,1036889,134311915,TravelStaytionAMER,Old Town Estate   Pool     Theater     Game Room,USA,OnboardingSucceeded,,,True,True,TRUE,TRUE,6,81,N/A,,,,N/A,TRUE,TRUE,N/A,TRUE,TRUE,N/A,TRUE,TRUE,TRUE,TRUE,TRUE,TRUE,1,1,TRUE,1,1
EQCTravelStaytion,1036821,134312131,TravelStaytionAMER,Austin Encore   Pool  Hot Tub   Putt-Putt,USA,OnboardingSucceeded,,,True,True,N/A,TRUE,6,70,N/A,,,,N/A,TRUE,TRUE,N/A,TRUE,TRUE,N/A,TRUE,TRUE,TRUE,TRUE,TRUE,TRUE,1,1,TRUE,1,1
EQCTravelStaytion,1036768,134312124,TravelStaytionAMER,The Ultimate Stay   Play Retreat     4BR     Sleeps 13,USA,OnboardingSucceeded,,,True,True,TRUE,TRUE,6,95,N/A,,,,N/A,TRUE,TRUE,N/A,TRUE,TRUE,N/A,TRUE,TRUE,TRUE,TRUE,TRUE,TRUE,1,1,TRUE,1,1
EQCTravelStaytion,1036723,134312134,TravelStaytionAMER,The Dive House   Panama City Beach Coastal Escape,USA,OnboardingSucceeded,,,True,True,N/A,TRUE,6,37,N/A,,,,N/A,TRUE,TRUE,N/A,TRUE,TRUE,N/A,TRUE,TRUE,TRUE,TRUE,TRUE,TRUE,1,1,TRUE,1,180
EQCTravelStaytion,1036736,134311918,TravelStaytionAMER,The Desert Reserve   Pool     Sport Court     7BR,USA,OnboardingSucceeded,,,True,True,TRUE,TRUE,6,108,N/A,,,,N/A,TRUE,TRUE,N/A,TRUE,TRUE,N/A,TRUE,TRUE,TRUE,TRUE,TRUE,TRUE,1,1,TRUE,1,1
EQCTravelStaytion,1036853,134312140,TravelStaytionAMER,Epic Mountain Views   Deck  Firepit   Amenities,USA,OnboardingSucceeded,,,True,True,TRUE,TRUE,6,56,N/A,,,,N/A,TRUE,TRUE,N/A,TRUE,TRUE,N/A,TRUE,TRUE,TRUE,TRUE,TRUE,TRUE,1,1,TRUE,1,1
EQCTravelStaytion,1036854,134312090,TravelStaytionAMER,San Antonio Compound   Sports Court   Spa,USA,OnboardingSucceeded,,,False,False,FALSE,TRUE,6,57,N/A,,,,N/A,TRUE,TRUE,N/A,TRUE,TRUE,N/A,TRUE,TRUE,TRUE,TRUE,TRUE,TRUE,1,1,TRUE,1,1
EQCTravelStaytion,1036801,134312302,TravelStaytionAMER,The Tucson Bungalow   Designer Sam Hughes Retreat,USA,OnboardingSucceeded,,,True,True,TRUE,TRUE,6,48,N/A,,,,N/A,TRUE,TRUE,N/A,TRUE,TRUE,N/A,TRUE,TRUE,TRUE,TRUE,TRUE,TRUE,1,1,TRUE,1,1
EQCTravelStaytion,1036865,134311856,TravelStaytionAMER,Private Mtn Views Movie Theater Hot Tub Pool Table,USA,OnboardingSucceeded,,,True,True,N/A,TRUE,6,87,N/A,,,,N/A,TRUE,TRUE,N/A,TRUE,TRUE,N/A,TRUE,TRUE,TRUE,TRUE,TRUE,TRUE,1,1,TRUE,1,1
EQCTravelStaytion,1036887,134312142,TravelStaytionAMER,6BR Home   Private Pool   Spa   Games   Gazebo,USA,OnboardingSucceeded,,,True,True,N/A,TRUE,6,41,N/A,,,,N/A,TRUE,TRUE,N/A,TRUE,TRUE,N/A,TRUE,TRUE,TRUE,TRUE,TRUE,TRUE,1,1,TRUE,1,1
EQCTravelStaytion,1036885,134312111,TravelStaytionAMER,Luxury Wellness Retreat - Gym  Cold Plunge  Sauna,USA,OnboardingSucceeded,,,True,True,N/A,TRUE,6,69,N/A,,,,N/A,TRUE,TRUE,N/A,TRUE,TRUE,N/A,TRUE,TRUE,TRUE,TRUE,TRUE,TRUE,1,1,TRUE,1,1
EQCTravelStaytion,1036730,134311892,TravelStaytionAMER,Pocono Retreat     Spacious Deck     Fire Pit     Games,USA,OnboardingSucceeded,,,True,True,N/A,TRUE,6,50,N/A,,,,N/A,TRUE,TRUE,N/A,TRUE,TRUE,N/A,TRUE,TRUE,TRUE,TRUE,TRUE,TRUE,1,1,TRUE,1,1
EQCTravelStaytion,1036779,134312147,TravelStaytionAMER,Sunrise Beach Villa  Beach Views Private Elevator,USA,OnboardingSucceeded,,,True,True,N/A,TRUE,6,46,N/A,,,,N/A,TRUE,TRUE,N/A,TRUE,TRUE,N/A,TRUE,TRUE,TRUE,TRUE,TRUE,TRUE,1,1,TRUE,1,1
EQCTravelStaytion,1036866,134312198,TravelStaytionAMER,Prime Location   Walk to Liberty Stadium,USA,OnboardingSucceeded,,,True,True,N/A,TRUE,6,28,N/A,,,,N/A,TRUE,TRUE,N/A,TRUE,TRUE,N/A,TRUE,TRUE,TRUE,TRUE,TRUE,TRUE,1,1,TRUE,1,1
EQCTravelStaytion,1036897,134312300,TravelStaytionAMER,Cowboy Luxe Retreat   Pool  Putt Putt  Pickleball,USA,OnboardingSucceeded,,,True,True,TRUE,TRUE,6,70,N/A,,,,N/A,TRUE,TRUE,N/A,TRUE,TRUE,N/A,TRUE,TRUE,TRUE,TRUE,TRUE,TRUE,1,1,TRUE,1,1
EQCTravelStaytion,1036743,134312242,TravelStaytionAMER,Austin Compound   Pickleball  Pool   Sauna,USA,OnboardingSucceeded,,,True,True,N/A,TRUE,6,99,N/A,,,,N/A,TRUE,TRUE,N/A,TRUE,TRUE,N/A,TRUE,TRUE,TRUE,TRUE,TRUE,TRUE,1,1,TRUE,1,1
EQCTravelStaytion,1036838,134312102,TravelStaytionAMER,Sleeps 6 Sauna Hot Tub Putt Putt Dogs Welcome,USA,OnboardingSucceeded,,,True,True,N/A,TRUE,6,60,N/A,,,,N/A,TRUE,TRUE,N/A,TRUE,TRUE,N/A,TRUE,TRUE,TRUE,TRUE,TRUE,TRUE,1,1,TRUE,1,1
EQCTravelStaytion,1036732,134312186,TravelStaytionAMER,Award-winning Private Beach   Breathtaking Sunsets,USA,OnboardingSucceeded,,,False,False,N/A,TRUE,6,96,N/A,,,,N/A,TRUE,TRUE,N/A,FALSE,TRUE,N/A,TRUE,TRUE,TRUE,TRUE,TRUE,TRUE,1,1,TRUE,1,1
EQCTravelStaytion,1036714,134312218,TravelStaytionAMER,Outdoor Games     Hot Tub     Firepit     Grill     Sauna,USA,OnboardingSucceeded,,,True,True,TRUE,TRUE,6,61,N/A,,,,N/A,TRUE,TRUE,N/A,TRUE,TRUE,N/A,TRUE,TRUE,TRUE,TRUE,TRUE,TRUE,1,1,TRUE,1,1
EQCTravelStaytion,1036802,134312275,TravelStaytionAMER,Luxury Mtn Retreat  Hot Tub  Sleeps 18  Game Room,USA,OnboardingSucceeded,,,True,True,TRUE,TRUE,6,61,N/A,,,,N/A,TRUE,TRUE,N/A,TRUE,TRUE,N/A,TRUE,TRUE,TRUE,TRUE,TRUE,TRUE,1,1,TRUE,1,1
EQCTravelStaytion,1036763,134312271,TravelStaytionAMER,Lake Winnipesaukee Retreat   Private Dock   Views,USA,OnboardingSucceeded,,,True,True,N/A,TRUE,6,46,N/A,,,,N/A,TRUE,TRUE,N/A,TRUE,TRUE,N/A,TRUE,TRUE,TRUE,TRUE,TRUE,TRUE,1,1,TRUE,1,1
EQCTravelStaytion,1036816,134312120,TravelStaytionAMER,The Lone Star Luxe - Pool - Hot Tub - Sport Court,USA,OnboardingSucceeded,,,False,False,FALSE,TRUE,6,73,N/A,,,,N/A,TRUE,TRUE,N/A,TRUE,TRUE,N/A,TRUE,TRUE,TRUE,TRUE,TRUE,TRUE,1,1,TRUE,1,1
EQCTravelStaytion,1036830,134312098,TravelStaytionAMER,Rocky Mount Retreat   Hot Tub   Firepit   Gameroom,USA,OnboardingSucceeded,,,True,True,TRUE,TRUE,6,77,N/A,,,,N/A,TRUE,TRUE,N/A,TRUE,TRUE,N/A,TRUE,TRUE,TRUE,TRUE,TRUE,TRUE,1,1,TRUE,1,1
EQCTravelStaytion,1036864,134312255,TravelStaytionAMER,Atlanta Beltline House   City Center,USA,OnboardingSucceeded,,,True,True,N/A,TRUE,6,47,N/A,,,,N/A,TRUE,TRUE,N/A,TRUE,TRUE,N/A,TRUE,TRUE,TRUE,TRUE,TRUE,TRUE,1,1,TRUE,1,1
EQCTravelStaytion,1036836,134311910,TravelStaytionAMER,Panoramic Views  Bear Butte  10 Mins to Downtown,USA,OnboardingSucceeded,,,True,True,N/A,TRUE,6,31,N/A,,,,N/A,TRUE,TRUE,N/A,TRUE,TRUE,N/A,TRUE,TRUE,TRUE,TRUE,TRUE,TRUE,1,1,TRUE,1,1
EQCTravelStaytion,1036778,134312173,TravelStaytionAMER,Austin Luxe Retreat  Pool   Spa   Game Room   Fire Pit,USA,OnboardingSucceeded,,,True,True,N/A,TRUE,6,53,N/A,,,,N/A,TRUE,TRUE,N/A,TRUE,TRUE,N/A,TRUE,TRUE,TRUE,TRUE,TRUE,TRUE,1,1,TRUE,1,1
EQCTravelStaytion,1036745,134312020,TravelStaytionAMER,Sleeps 20   Sport Court   Game Room   Sauna   Spa,USA,OnboardingSucceeded,,,True,True,TRUE,TRUE,6,64,N/A,,,,N/A,TRUE,TRUE,N/A,TRUE,TRUE,N/A,TRUE,TRUE,TRUE,TRUE,TRUE,TRUE,1,1,TRUE,1,163
EQCTravelStaytion,1036829,134312176,TravelStaytionAMER,Victory Lane Villa   Game Room - Hot Tub - Firepit,USA,OnboardingSucceeded,,,True,True,N/A,TRUE,6,74,N/A,,,,N/A,TRUE,TRUE,N/A,TRUE,TRUE,N/A,TRUE,TRUE,TRUE,TRUE,TRUE,TRUE,1,1,TRUE,1,1
EQCTravelStaytion,1036775,134312061,TravelStaytionAMER,3 Story Haven  Fire Pit kayaks updated 360 Views,USA,OnboardingSucceeded,,,True,True,N/A,TRUE,6,64,N/A,,,,N/A,TRUE,TRUE,N/A,TRUE,TRUE,N/A,TRUE,TRUE,TRUE,TRUE,TRUE,TRUE,1,1,TRUE,1,1
EQCTravelStaytion,1036689,134312099,TravelStaytionAMER,Lakefront Luxury - Boat Slip - Kayaks - Game Room,USA,OnboardingSucceeded,,,True,True,N/A,TRUE,6,47,N/A,,,,N/A,TRUE,TRUE,N/A,TRUE,TRUE,N/A,TRUE,TRUE,TRUE,TRUE,TRUE,TRUE,1,1,TRUE,1,1
EQCTravelStaytion,1036653,134311972,TravelStaytionAMER,Mins from Beach     Outdoor Patio   Games     Sleeps 9,USA,OnboardingSucceeded,,,True,True,TRUE,TRUE,6,62,N/A,,,,N/A,TRUE,TRUE,N/A,TRUE,TRUE,N/A,TRUE,TRUE,TRUE,TRUE,TRUE,TRUE,1,1,TRUE,1,1
EQCTravelStaytion,1036675,134311875,TravelStaytionAMER,Magic Moments Villa      Private Pool     Spa     Games,USA,OnboardingSucceeded,,,True,True,N/A,TRUE,6,72,N/A,,,,N/A,TRUE,TRUE,N/A,TRUE,TRUE,N/A,TRUE,TRUE,TRUE,TRUE,TRUE,TRUE,1,1,TRUE,1,1
EQCTravelStaytion,1036757,134311923,TravelStaytionAMER,Mtn Cabin w Sauna   Hot Tub  Outdoor Fun,USA,OnboardingSucceeded,,,True,True,TRUE,TRUE,6,54,N/A,,,,N/A,TRUE,TRUE,N/A,TRUE,TRUE,N/A,TRUE,TRUE,TRUE,TRUE,TRUE,TRUE,1,1,TRUE,1,1
EQCTravelStaytion,1036641,134312266,TravelStaytionAMER,Peaks   Palms Oasis - Heated Pool - Games,USA,OnboardingSucceeded,,,True,True,TRUE,TRUE,6,58,N/A,,,,N/A,TRUE,TRUE,N/A,TRUE,TRUE,N/A,TRUE,TRUE,TRUE,TRUE,TRUE,TRUE,1,1,TRUE,1,1
EQCTravelStaytion,1036627,134311957,TravelStaytionAMER,Backyard Oasis - Outdoor Theatre - Pool - Hot Tub,USA,OnboardingSucceeded,,,True,True,N/A,TRUE,6,59,N/A,,,,N/A,TRUE,TRUE,N/A,TRUE,TRUE,N/A,TRUE,TRUE,TRUE,TRUE,TRUE,TRUE,1,1,TRUE,1,1
EQCTravelStaytion,1036583,134311973,TravelStaytionAMER,Resort Access     Pool     Sleeps 10     Themed Rooms,USA,OnboardingSucceeded,,,True,True,N/A,TRUE,6,106,N/A,,,,N/A,TRUE,TRUE,N/A,TRUE,TRUE,N/A,TRUE,TRUE,TRUE,TRUE,TRUE,TRUE,1,1,TRUE,1,1
EQCTravelStaytion,1036571,134311837,TravelStaytionAMER,Backyard Oasis     Heated Pool     Tiki Bar     Hot Tub,USA,OnboardingSucceeded,,,True,True,N/A,TRUE,6,50,N/A,,,,N/A,TRUE,TRUE,N/A,TRUE,TRUE,N/A,TRUE,TRUE,TRUE,TRUE,TRUE,TRUE,1,1,TRUE,1,1
EQCTravelStaytion,1036635,134312208,TravelStaytionAMER,Pickleball   Heated Pool   Spa   Sleeps 16,USA,OnboardingSucceeded,,,True,True,TRUE,TRUE,6,78,N/A,,,,N/A,TRUE,TRUE,N/A,TRUE,TRUE,N/A,TRUE,TRUE,TRUE,TRUE,TRUE,TRUE,1,1,TRUE,1,1
EQCTravelStaytion,1036618,134311941,TravelStaytionAMER,Basketball   Pickleball   Pool   Movie   Game Room,USA,OnboardingSucceeded,,,True,True,N/A,TRUE,6,75,N/A,,,,N/A,TRUE,TRUE,N/A,TRUE,TRUE,N/A,TRUE,TRUE,TRUE,TRUE,TRUE,TRUE,1,1,TRUE,1,1
EQCTravelStaytion,1052281,134295227,EQCTravelStaytion,Quinta da Gomeira Apartamento T2 com piscina,PRT,OnboardingFailed,InvalidProperty,"Step FinanceSetup failed for EQCTravelStaytion Property Id: 1052281, Expedia Property Id: 134295227, Correlation Id: 2ca16147-45e8-44b1-a041-27493a6e49b3 because of property missing Supplier Finance contract details. ErrorCode: POA-WS-GRE02, Message 45739225 - ~Field PHY_POSTAL_CODE contains character(s) other than user defined  and has propertyEventReasonCode InvalidProperty, Address or Postal code is configured with characters that are not accepted. Please refer to the list of accepted characters.",,,,,,,,,,,,,,,,,,,,,,,,,,,,
EQCTravelStaytion,1036622,134312008,TravelStaytionAMER,Golf Sim  Theater  Games  Walk to Beach  Sleeps 28,USA,OnboardingSucceeded,,,True,True,N/A,TRUE,6,115,N/A,,,,N/A,TRUE,TRUE,N/A,TRUE,TRUE,N/A,TRUE,TRUE,TRUE,TRUE,TRUE,TRUE,1,1,TRUE,1,1
EQCTravelStaytion,1036620,134311946,TravelStaytionAMER,Pool  Games   More   Fun for Everyone,USA,OnboardingSucceeded,,,True,True,N/A,TRUE,6,49,N/A,,,,N/A,TRUE,TRUE,N/A,TRUE,TRUE,N/A,TRUE,TRUE,TRUE,TRUE,TRUE,TRUE,1,1,TRUE,1,1
EQCTravelStaytion,1036610,134311854,TravelStaytionAMER,Bradenton Beach Club - Poolside   Estate Bunkroom,USA,OnboardingSucceeded,,,True,True,N/A,TRUE,6,98,N/A,,,,N/A,TRUE,TRUE,N/A,TRUE,TRUE,N/A,TRUE,TRUE,TRUE,TRUE,TRUE,TRUE,1,1,TRUE,1,1
EQCTravelStaytion,1036555,134311981,TravelStaytionAMER,Rainbow Falls Cabin   Sauna   Hot Tub   Foosball,USA,OnboardingSucceeded,,,True,True,TRUE,TRUE,6,59,N/A,,,,N/A,TRUE,TRUE,N/A,TRUE,TRUE,N/A,TRUE,TRUE,TRUE,TRUE,TRUE,TRUE,1,1,TRUE,1,1
EQCTravelStaytion,1036569,134311807,TravelStaytionAMER,Cajun Shrimp   Heated Resort Pool w  Slide,USA,OnboardingSucceeded,,,True,True,N/A,TRUE,6,40,N/A,,,,N/A,TRUE,TRUE,N/A,TRUE,TRUE,N/A,TRUE,TRUE,TRUE,TRUE,TRUE,TRUE,1,1,TRUE,1,1
EQCTravelStaytion,1036539,134312013,TravelStaytionAMER,2 Cabins on Private Pond     Sleeps 30   Sauna   Hot Tub,USA,OnboardingSucceeded,,,True,True,TRUE,TRUE,6,127,N/A,,,,N/A,TRUE,TRUE,N/A,TRUE,TRUE,N/A,TRUE,TRUE,TRUE,TRUE,TRUE,TRUE,1,1,TRUE,1,1
EQCTravelStaytion,1036581,134312026,TravelStaytionAMER,Walks on the Shores     Private Beach Front Access,USA,OnboardingSucceeded,,,True,True,N/A,TRUE,6,70,N/A,,,,N/A,TRUE,TRUE,N/A,TRUE,TRUE,N/A,TRUE,TRUE,TRUE,TRUE,TRUE,TRUE,1,1,TRUE,1,1
EQCTravelStaytion,1036542,134311904,TravelStaytionAMER,The Cabana Cove  Cabana Bar  Pool   Game Room,USA,OnboardingSucceeded,,,True,True,TRUE,TRUE,6,46,N/A,,,,N/A,TRUE,TRUE,N/A,TRUE,TRUE,N/A,TRUE,TRUE,TRUE,TRUE,TRUE,TRUE,1,1,TRUE,1,1
EQCTravelStaytion,1036528,134311823,TravelStaytionAMER,10 Mins to Mercedes-Benz Stadium   Dog Friendly,USA,OnboardingSucceeded,,,True,True,N/A,TRUE,6,47,N/A,,,,N/A,TRUE,TRUE,N/A,TRUE,TRUE,N/A,TRUE,TRUE,TRUE,TRUE,TRUE,TRUE,1,1,TRUE,1,1
EQCTravelStaytion,1036538,134311860,TravelStaytionAMER,Shore Thing  Waterfront Dock   Family Fun,USA,OnboardingSucceeded,,,True,True,N/A,TRUE,6,39,N/A,,,,N/A,TRUE,TRUE,N/A,TRUE,TRUE,N/A,TRUE,TRUE,TRUE,TRUE,TRUE,TRUE,1,1,TRUE,1,1
EQCTravelStaytion,1036548,134311882,TravelStaytionAMER,Coastin Close Family Fun HTD Pool Outdoor Games,USA,OnboardingSucceeded,,,True,True,N/A,TRUE,6,45,N/A,,,,N/A,TRUE,TRUE,N/A,TRUE,TRUE,N/A,TRUE,TRUE,TRUE,TRUE,TRUE,TRUE,1,1,TRUE,1,1
EQCTravelStaytion,1036475,134311959,TravelStaytionAMER,Bradenton Retreat-Pool  Stunning Views   More,USA,OnboardingSucceeded,,,True,True,N/A,TRUE,6,40,N/A,,,,N/A,TRUE,TRUE,N/A,TRUE,TRUE,N/A,TRUE,TRUE,TRUE,TRUE,TRUE,TRUE,1,1,TRUE,1,1
EQCTravelStaytion,1036485,134312059,TravelStaytionAMER,6 Br Cabin Hot Tub Fire Pit Min to Hatley Pointe,USA,OnboardingSucceeded,,,True,True,TRUE,TRUE,6,76,N/A,,,,N/A,TRUE,TRUE,N/A,TRUE,TRUE,N/A,TRUE,TRUE,TRUE,TRUE,TRUE,TRUE,1,1,TRUE,1,1
EQCTravelStaytion,1036556,134312107,TravelStaytionAMER,Family Retreat   Pool   Putt Putt   Playground,USA,OnboardingSucceeded,,,True,True,N/A,TRUE,6,64,N/A,,,,N/A,TRUE,TRUE,N/A,TRUE,TRUE,N/A,TRUE,TRUE,TRUE,TRUE,TRUE,TRUE,1,1,TRUE,1,1
EQCTravelStaytion,1036512,134311706,TravelStaytionAMER,6 Br Sleeps 16 - Game Room - Hot Tub - Firepit,USA,OnboardingSucceeded,,,True,True,TRUE,TRUE,6,43,N/A,,,,N/A,TRUE,TRUE,N/A,TRUE,TRUE,N/A,TRUE,TRUE,TRUE,TRUE,TRUE,TRUE,1,1,TRUE,1,1
EQCTravelStaytion,1036496,134311899,TravelStaytionAMER,Resort Style Backyard  Pickleball   Pool   Putt Putt,USA,OnboardingSucceeded,,,True,True,N/A,TRUE,6,61,N/A,,,,N/A,TRUE,TRUE,N/A,TRUE,TRUE,N/A,TRUE,TRUE,TRUE,TRUE,TRUE,TRUE,1,1,TRUE,1,1
EQCTravelStaytion,1036527,134312290,TravelStaytionAMER,14k sq ft Mountaintop Estate - Private Golf Course,USA,OnboardingSucceeded,,,True,True,TRUE,TRUE,6,129,N/A,,,,N/A,TRUE,TRUE,N/A,TRUE,TRUE,N/A,TRUE,TRUE,TRUE,TRUE,TRUE,TRUE,1,1,TRUE,1,135
EQCTravelStaytion,1036493,134311762,TravelStaytionAMER,Sleeps 20   Games   Basketball   Pool   Movie Room,USA,OnboardingSucceeded,,,True,True,N/A,TRUE,6,97,N/A,,,,N/A,TRUE,TRUE,N/A,TRUE,TRUE,N/A,TRUE,TRUE,TRUE,TRUE,TRUE,TRUE,1,1,TRUE,1,1
EQCTravelStaytion,1036519,134312073,TravelStaytionAMER,Stunning Mtn Views  Sleeps 10 Hot Tub Game Room,USA,OnboardingSucceeded,,,True,True,N/A,TRUE,6,56,N/A,,,,N/A,TRUE,TRUE,N/A,TRUE,TRUE,N/A,TRUE,TRUE,TRUE,TRUE,TRUE,TRUE,1,1,TRUE,1,1
EQCTravelStaytion,1036500,134311772,TravelStaytionAMER,Mtn View   Fire Pit   HotTub   Family Pet Friendly,USA,OnboardingSucceeded,,,True,True,N/A,TRUE,6,59,N/A,,,,N/A,TRUE,TRUE,N/A,TRUE,TRUE,N/A,TRUE,TRUE,TRUE,TRUE,TRUE,TRUE,1,1,TRUE,1,1
EQCTravelStaytion,1036432,134311708,TravelStaytionAMER,7BR Scottsdale Resort   Pool     Sport Court     Spa,USA,OnboardingSucceeded,,,True,True,TRUE,TRUE,6,108,N/A,,,,N/A,TRUE,TRUE,N/A,TRUE,TRUE,N/A,TRUE,TRUE,TRUE,TRUE,TRUE,TRUE,1,1,TRUE,1,1
EQCTravelStaytion,1036461,134311718,TravelStaytionAMER,30A     Golf Cart     Arcade     Resort-Style Pool,USA,OnboardingSucceeded,,,True,True,N/A,TRUE,6,51,N/A,,,,N/A,TRUE,TRUE,N/A,TRUE,TRUE,N/A,TRUE,TRUE,TRUE,TRUE,TRUE,TRUE,1,1,TRUE,1,1
EQCTravelStaytion,1036443,134311829,TravelStaytionAMER,Luxury Lakefront 5 Br Home Hot Tub Arcade,USA,OnboardingSucceeded,,,True,True,TRUE,TRUE,6,98,N/A,,,,N/A,TRUE,TRUE,N/A,TRUE,TRUE,N/A,TRUE,TRUE,TRUE,TRUE,TRUE,TRUE,1,1,TRUE,1,1
EQCTravelStaytion,1036407,134311948,TravelStaytionAMER,Epic Indoor Slide  Pool Hot Tub Mini Golf Fire Pit,USA,OnboardingSucceeded,,,True,True,N/A,TRUE,6,50,N/A,,,,N/A,TRUE,TRUE,N/A,TRUE,TRUE,N/A,TRUE,TRUE,TRUE,TRUE,TRUE,TRUE,1,1,TRUE,1,1
EQCTravelStaytion,1036478,134312066,TravelStaytionAMER,Sleeps 10   Sport Court   Pool   Putt Putt,USA,OnboardingSucceeded,,,True,True,N/A,TRUE,6,80,N/A,,,,N/A,TRUE,TRUE,N/A,TRUE,TRUE,N/A,TRUE,TRUE,TRUE,TRUE,TRUE,TRUE,1,1,TRUE,1,1
EQCTravelStaytion,1036503,134312084,TravelStaytionAMER,Poconos Waterfront Retreat     Kayaks     Hot Tub,USA,OnboardingSucceeded,,,True,True,N/A,TRUE,6,68,N/A,,,,N/A,TRUE,TRUE,N/A,TRUE,TRUE,N/A,TRUE,TRUE,TRUE,TRUE,TRUE,TRUE,1,1,TRUE,1,1
EQCTravelStaytion,1036401,134311929,TravelStaytionAMER,Close to DT Tampa Newly Designed Town Home,USA,OnboardingSucceeded,,,True,True,N/A,TRUE,6,51,N/A,,,,N/A,TRUE,TRUE,N/A,TRUE,TRUE,N/A,TRUE,TRUE,TRUE,TRUE,TRUE,TRUE,1,1,TRUE,1,1
EQCTravelStaytion,1036417,134311797,TravelStaytionAMER,Heated Pool  Hot Tub  Game Room   Sport Court,USA,OnboardingSucceeded,,,True,True,TRUE,TRUE,6,53,N/A,,,,N/A,TRUE,TRUE,N/A,TRUE,TRUE,N/A,TRUE,TRUE,TRUE,TRUE,TRUE,TRUE,1,1,TRUE,1,1
EQCTravelStaytion,1036400,134311716,TravelStaytionAMER,Wild Wild West   Walk To Old Town   3 Shared Pools,USA,OnboardingSucceeded,,,True,True,TRUE,TRUE,6,39,N/A,,,,N/A,TRUE,TRUE,N/A,TRUE,TRUE,N/A,TRUE,TRUE,TRUE,TRUE,TRUE,TRUE,1,1,TRUE,1,108
EQCTravelStaytion,1036454,134311984,TravelStaytionAMER,NEW Heated Pool   Outdoor Fun  HotTub Games   More,USA,OnboardingSucceeded,,,True,True,TRUE,TRUE,6,77,N/A,,,,N/A,TRUE,TRUE,N/A,TRUE,TRUE,N/A,TRUE,TRUE,TRUE,TRUE,TRUE,TRUE,1,1,TRUE,1,1
EQCTravelStaytion,1036411,134312238,TravelStaytionAMER,The Palms Cabana   Pool  Hot Tub  Bocce   PuttPutt,USA,OnboardingSucceeded,,,True,True,TRUE,TRUE,6,52,N/A,,,,N/A,TRUE,TRUE,N/A,TRUE,TRUE,N/A,TRUE,TRUE,TRUE,TRUE,TRUE,TRUE,1,1,TRUE,1,1
EQCTravelStaytion,1036398,134311803,TravelStaytionAMER,Mountain Views  Hot Tub Pool Table  FirePit  Games,USA,OnboardingSucceeded,,,True,True,N/A,TRUE,6,46,N/A,,,,N/A,TRUE,TRUE,N/A,TRUE,TRUE,N/A,TRUE,TRUE,TRUE,TRUE,TRUE,TRUE,1,1,TRUE,1,1
EQCTravelStaytion,1036416,134312235,TravelStaytionAMER,Brand New Tampa Townhouse Prime Location,USA,OnboardingSucceeded,,,True,True,N/A,TRUE,6,38,N/A,,,,N/A,TRUE,TRUE,N/A,TRUE,TRUE,N/A,TRUE,TRUE,TRUE,TRUE,TRUE,TRUE,1,1,TRUE,1,1
EQCTravelStaytion,1036405,134311811,TravelStaytionAMER,Chandler Charm  Heated Pool Spa Gameroom PuttPutt,USA,OnboardingSucceeded,,,True,True,TRUE,TRUE,6,53,N/A,,,,N/A,TRUE,TRUE,N/A,TRUE,TRUE,N/A,TRUE,TRUE,TRUE,TRUE,TRUE,TRUE,1,1,TRUE,1,1
EQCTravelStaytion,1036444,134312024,TravelStaytionAMER,Luxury Waterfront 4Br Private Heated Pool Hot Tub,USA,OnboardingSucceeded,,,True,True,N/A,TRUE,6,62,N/A,,,,N/A,TRUE,TRUE,N/A,TRUE,TRUE,N/A,TRUE,TRUE,TRUE,TRUE,TRUE,TRUE,1,1,TRUE,1,1
EQCTravelStaytion,1036409,134311750,TravelStaytionAMER,3BR Home w  Outdoor Fun  Lake Fire Pit Games Grill,USA,OnboardingSucceeded,,,True,True,N/A,TRUE,6,56,N/A,,,,N/A,TRUE,TRUE,N/A,TRUE,TRUE,N/A,TRUE,TRUE,TRUE,TRUE,TRUE,TRUE,1,1,TRUE,1,1
EQCTravelStaytion,1036394,134311710,TravelStaytionAMER,Scottsdale Magic Pool  Spa  Pool Table    Arcade,USA,OnboardingSucceeded,,,True,True,TRUE,TRUE,6,80,N/A,,,,N/A,TRUE,TRUE,N/A,TRUE,TRUE,N/A,TRUE,TRUE,TRUE,TRUE,TRUE,TRUE,1,1,TRUE,1,1
EQCTravelStaytion,1036404,134311729,TravelStaytionAMER,Waterfront Home Pool Golf Cart Dock Sleeps 16,USA,OnboardingSucceeded,,,True,True,N/A,TRUE,6,76,N/A,,,,N/A,TRUE,TRUE,N/A,TRUE,TRUE,N/A,TRUE,TRUE,TRUE,TRUE,TRUE,TRUE,1,1,TRUE,1,1
EQCTravelStaytion,1036422,134311727,TravelStaytionAMER,Cozy Canal Retreat Pool  Fishing    Close to Beach,USA,OnboardingSucceeded,,,True,True,N/A,TRUE,6,18,N/A,,,,N/A,TRUE,TRUE,N/A,TRUE,TRUE,N/A,TRUE,TRUE,TRUE,TRUE,TRUE,TRUE,1,1,TRUE,1,186
EQCTravelStaytion,1036406,134311719,TravelStaytionAMER,Seaside Retreat   Sleeps 5   Family Friendly,USA,OnboardingSucceeded,,,True,True,N/A,TRUE,6,14,N/A,,,,N/A,TRUE,TRUE,N/A,TRUE,TRUE,N/A,TRUE,TRUE,TRUE,TRUE,TRUE,TRUE,1,1,TRUE,1,178
EQCTravelStaytion,1036349,134311672,TravelStaytionAMER,Seabatical- Hot Tub    Community Pool   Pet Friendly,USA,OnboardingSucceeded,,,True,True,N/A,TRUE,6,36,N/A,,,,N/A,TRUE,TRUE,N/A,TRUE,TRUE,N/A,TRUE,TRUE,TRUE,TRUE,TRUE,TRUE,1,1,TRUE,1,1
EQCTravelStaytion,1036371,134311816,TravelStaytionAMER,2 miles to Beach  Pool  Cabana  Pool Table,USA,OnboardingSucceeded,,,True,True,N/A,TRUE,6,26,N/A,,,,N/A,TRUE,TRUE,N/A,TRUE,TRUE,N/A,TRUE,TRUE,TRUE,TRUE,TRUE,TRUE,1,1,TRUE,1,88
EQCTravelStaytion,1036321,134311717,TravelStaytionAMER,One Click Away Private Pool EV Charger Beach Toys,USA,OnboardingSucceeded,,,True,True,N/A,TRUE,6,44,N/A,,,,N/A,TRUE,TRUE,N/A,TRUE,TRUE,N/A,TRUE,TRUE,TRUE,TRUE,TRUE,TRUE,1,1,TRUE,1,1
EQCTravelStaytion,1036302,134311660,TravelStaytionAMER,Blue Wave Community Pool Family Friendly Sleeps 10,USA,OnboardingSucceeded,,,True,True,N/A,TRUE,6,31,N/A,,,,N/A,TRUE,TRUE,N/A,TRUE,TRUE,N/A,TRUE,TRUE,TRUE,TRUE,TRUE,TRUE,1,1,TRUE,1,1
EQCTravelStaytion,1036325,134311701,TravelStaytionAMER,A Sunny Day at the Beach   WINTER TEXANS WELCOME,USA,OnboardingSucceeded,,,True,True,N/A,TRUE,6,44,N/A,,,,N/A,TRUE,TRUE,N/A,TRUE,TRUE,N/A,TRUE,TRUE,TRUE,TRUE,TRUE,TRUE,1,1,TRUE,1,1
EQCTravelStaytion,1051478,134215318,EQCTravelStaytion,Oceanea Apartment by Homie,PRT,OnboardingSucceeded,,,True,True,TRUE,TRUE,6,31,N/A,,,,N/A,TRUE,TRUE,N/A,TRUE,TRUE,N/A,TRUE,TRUE,TRUE,TRUE,TRUE,TRUE,1,1,TRUE,1,1
EQCTravelStaytion,1051505,134215324,EQCTravelStaytion,City Center Penthouse w  Free Parking   City Views,NLD,OnboardingSucceeded,,,False,False,FALSE,TRUE,6,52,N/A,,,,N/A,TRUE,TRUE,N/A,TRUE,TRUE,N/A,TRUE,TRUE,TRUE,TRUE,TRUE,TRUE,1,1,TRUE,1,1
EQCTravelStaytion,1051351,134215304,EQCTravelStaytion,San Francesco Ripa 3 - Trilussa 3BR Group   Family Home,ITA,OnboardingSucceeded,,,True,True,TRUE,TRUE,6,35,N/A,,,,N/A,TRUE,TRUE,N/A,TRUE,TRUE,N/A,TRUE,TRUE,TRUE,TRUE,TRUE,TRUE,1,1,TRUE,1,308
EQCTravelStaytion,1050998,134215297,TravelStaytionAMER,Beachfront Luxury at Tizate   Pool   Concierge,MEX,OnboardingSucceeded,,,True,True,N/A,TRUE,6,44,N/A,,,,N/A,TRUE,TRUE,N/A,TRUE,TRUE,N/A,TRUE,TRUE,TRUE,TRUE,TRUE,TRUE,1,1,TRUE,1,1
EQCTravelStaytion,1052008,134482156,EQCTravelStaytion,Genteel Home Bartolom   de Medina,ESP,OnboardingSucceeded,,,False,False,FALSE,FALSE,6,0,N/A,,,,N/A,TRUE,TRUE,TRUE,TRUE,TRUE,N/A,TRUE,TRUE,TRUE,TRUE,TRUE,FALSE,1,0,FALSE,1,0
EQCTravelStaytion,1050316,134482147,TravelStaytionAMER,Go  37 - WINDSOR ISLAND,USA,OnboardingSucceeded,,,False,False,N/A,FALSE,6,0,N/A,,,,N/A,TRUE,TRUE,TRUE,TRUE,FALSE,N/A,TRUE,TRUE,TRUE,TRUE,TRUE,FALSE,1,0,FALSE,1,0
EQCTravelStaytion,1049857,134482146,EQCTravelStaytion,Genteel Home Plaza San Francisco Malaga,ESP,OnboardingSucceeded,,,False,False,FALSE,FALSE,6,0,N/A,,,,N/A,TRUE,TRUE,TRUE,TRUE,TRUE,N/A,TRUE,TRUE,TRUE,TRUE,TRUE,FALSE,1,0,FALSE,1,0
EQCTravelStaytion,1053766,134484998,EQCTravelStaytion,Free housekeeping visits during your stay - StayShort - Luxury 2BR Retreat Overlooking Dubai Marina,ARE,OnboardingSucceeded,,,False,False,FALSE,FALSE,6,0,N/A,,,,N/A,TRUE,TRUE,TRUE,FALSE,TRUE,N/A,TRUE,TRUE,TRUE,TRUE,TRUE,FALSE,1,0,TRUE,1,1
EQCTravelStaytion,1053989,134484306,EQCTravelStaytion,Agua Plaza T2 with Pool   AC,PRT,OnboardingSucceeded,,,False,False,FALSE,FALSE,6,0,N/A,,,,N/A,TRUE,TRUE,TRUE,TRUE,TRUE,N/A,TRUE,TRUE,TRUE,TRUE,TRUE,FALSE,1,0,TRUE,1,1
EQCTravelStaytion,700265,134483327,EQCTravelStaytion,103 Relais du Lac Village - Italian Homing,ITA,OnboardingSucceeded,,,False,False,FALSE,FALSE,6,0,N/A,,,,N/A,TRUE,TRUE,TRUE,TRUE,TRUE,N/A,TRUE,TRUE,TRUE,TRUE,TRUE,FALSE,1,0,FALSE,1,0
EQCTravelStaytion,305915,134482919,EQCTravelStaytion,Campidoglio E in Firenze,ITA,OnboardingSucceeded,,,False,False,FALSE,FALSE,6,0,N/A,,,,N/A,TRUE,TRUE,TRUE,FALSE,TRUE,N/A,TRUE,TRUE,TRUE,TRUE,TRUE,FALSE,1,0,FALSE,1,0
EQCTravelStaytion,1047855,134482135,EQCTravelStaytion,Dar Meryem Djerba  Houch avec piscine,TUN,OnboardingSucceeded,,,False,False,N/A,FALSE,6,0,N/A,,,,N/A,TRUE,TRUE,TRUE,TRUE,TRUE,N/A,TRUE,TRUE,TRUE,TRUE,TRUE,FALSE,1,0,FALSE,1,0
EQCTravelStaytion,694108,134487136,EQCTravelStaytion,Ronchetto - Appartamento Farmacia,ITA,OnboardingSucceeded,,,False,False,FALSE,FALSE,6,0,N/A,,,,N/A,TRUE,TRUE,FALSE,TRUE,TRUE,N/A,TRUE,TRUE,TRUE,TRUE,TRUE,FALSE,1,0,FALSE,1,0
EQCTravelStaytion,1053299,134482165,EQCTravelStaytion,Genteel Home Reina Sof  a IV,ESP,OnboardingSucceeded,,,False,False,FALSE,FALSE,6,0,N/A,,,,N/A,TRUE,TRUE,TRUE,TRUE,TRUE,N/A,TRUE,TRUE,TRUE,TRUE,TRUE,FALSE,1,0,FALSE,1,0
EQCTravelStaytion,1049954,134480524,EQCTravelStaytion,Frescoed apartment in the heart of Florence,ITA,OnboardingSucceeded,,,False,False,FALSE,FALSE,6,0,N/A,,,,N/A,TRUE,TRUE,TRUE,TRUE,TRUE,N/A,TRUE,TRUE,TRUE,TRUE,TRUE,FALSE,1,0,TRUE,1,1
EQCTravelStaytion,701978,134474764,EQCTravelStaytion,Servi 7C in Firenze with 2 bathrooms,ITA,OnboardingSucceeded,,,False,False,FALSE,FALSE,6,0,N/A,,,,N/A,TRUE,TRUE,TRUE,TRUE,TRUE,N/A,TRUE,TRUE,TRUE,TRUE,TRUE,FALSE,1,0,FALSE,1,0
EQCTravelStaytion,1036962,134312094,TravelStaytionAMER,House at the Refuge - Relax   Take in Nature,USA,OnboardingSucceeded,,,True,True,N/A,TRUE,6,54,N/A,,,,N/A,TRUE,TRUE,N/A,TRUE,TRUE,N/A,TRUE,TRUE,TRUE,TRUE,TRUE,TRUE,1,1,TRUE,1,1
EQCTravelStaytion,1053456,134440866,EQCTravelStaytion,Relaxed Studio in Upside w  Burj View,ARE,OnboardingSucceeded,,,False,False,FALSE,FALSE,6,0,N/A,,,,N/A,TRUE,TRUE,FALSE,TRUE,TRUE,N/A,TRUE,TRUE,TRUE,TRUE,TRUE,FALSE,1,0,TRUE,1,1
EQCTravelStaytion,1053984,134479595,TravelStaytionAMER,Stylish 4 Ensuite Home Near Disney  free BBQ grill,USA,OnboardingSucceeded,,,False,False,N/A,FALSE,6,0,N/A,,,,N/A,TRUE,TRUE,TRUE,TRUE,TRUE,N/A,TRUE,TRUE,TRUE,TRUE,TRUE,FALSE,1,0,TRUE,1,1
EQCTravelStaytion,B19668,134440438,EQCTravelStaytion,Spacious 2BR in heart of schiedam,NLD,OnboardingSucceeded,,,False,False,N/A,FALSE,6,1,N/A,,,,N/A,TRUE,TRUE,FALSE,FALSE,TRUE,N/A,TRUE,TRUE,TRUE,TRUE,TRUE,FALSE,1,0,TRUE,1,2
EQCTravelStaytion,1047705,134482132,EQCTravelStaytion,Hove Hideout   By My Getaways,GBR,OnboardingSucceeded,,,False,False,FALSE,FALSE,6,0,N/A,,,,N/A,TRUE,TRUE,TRUE,TRUE,TRUE,N/A,TRUE,TRUE,FALSE,TRUE,TRUE,FALSE,1,0,FALSE,1,0
EQCTravelStaytion,B19667,134440435,EQCTravelStaytion,Modern Apt in City Centre 2 with Free Parking,NLD,OnboardingSucceeded,,,False,False,FALSE,FALSE,6,1,N/A,,,,N/A,TRUE,TRUE,FALSE,FALSE,TRUE,N/A,TRUE,TRUE,TRUE,TRUE,TRUE,FALSE,1,0,TRUE,1,7
EQCTravelStaytion,1052712,134345717,EQCTravelStaytion,Villa Narisi con magnifica vista mare,ITA,OnboardingSucceeded,,,False,False,FALSE,FALSE,6,0,N/A,,,,N/A,TRUE,TRUE,N/A,TRUE,TRUE,N/A,TRUE,TRUE,TRUE,TRUE,TRUE,FALSE,1,0,FALSE,1,0
EQCTravelStaytion,1052839,134382655,TravelStaytionAMER,Condo Ensue  o 3BD - Tau Punta Mita,MEX,OnboardingSucceeded,,,True,True,N/A,TRUE,6,66,N/A,,,,N/A,TRUE,TRUE,N/A,TRUE,TRUE,N/A,TRUE,TRUE,TRUE,TRUE,TRUE,TRUE,1,1,TRUE,1,1
EQCTravelStaytion,1036946,134312280,TravelStaytionAMER,Waterfront FirePit GolfCart Mins to Casino   Beach,USA,OnboardingSucceeded,,,True,True,N/A,TRUE,6,42,N/A,,,,N/A,TRUE,TRUE,N/A,TRUE,TRUE,N/A,TRUE,TRUE,TRUE,TRUE,TRUE,TRUE,1,1,TRUE,1,1
EQCTravelStaytion,1052494,134332717,EQCTravelStaytion,Olive House   Modern Escape,ALB,OnboardingSucceeded,,,True,True,N/A,TRUE,6,30,N/A,,,,N/A,TRUE,TRUE,N/A,TRUE,TRUE,N/A,TRUE,TRUE,TRUE,TRUE,TRUE,TRUE,1,1,TRUE,1,1
EQCTravelStaytion,1036952,134312119,TravelStaytionAMER,The Sinclair House     Private Lake Retreat,USA,OnboardingSucceeded,,,True,True,N/A,TRUE,6,93,N/A,,,,N/A,TRUE,TRUE,N/A,TRUE,TRUE,N/A,TRUE,TRUE,TRUE,TRUE,TRUE,TRUE,1,1,TRUE,1,175
EQCTravelStaytion,1036956,134312243,TravelStaytionAMER,Mountain View - Rooftop Patio - Theater - Games,USA,OnboardingSucceeded,,,True,True,N/A,TRUE,6,74,N/A,,,,N/A,TRUE,TRUE,N/A,TRUE,TRUE,N/A,TRUE,TRUE,TRUE,TRUE,TRUE,TRUE,1,1,TRUE,1,1
EQCTravelStaytion,1048861,134398505,TravelStaytionAMER,Rolling Skies Poolside Cinema   Free BBQ   Near Disney,USA,OnboardingSucceeded,,,True,True,N/A,TRUE,6,73,N/A,,,,N/A,TRUE,TRUE,N/A,TRUE,TRUE,N/A,TRUE,TRUE,TRUE,TRUE,TRUE,TRUE,1,1,TRUE,1,1
EQCTravelStaytion,1053278,134428022,TravelStaytionGRC,Light   Kozy Apartment - Central Patra Luxury Stay,GRC,OnboardingSucceeded,,,True,True,TRUE,TRUE,6,34,N/A,,,,N/A,TRUE,TRUE,N/A,TRUE,TRUE,N/A,TRUE,TRUE,TRUE,TRUE,TRUE,TRUE,1,1,TRUE,1,1
EQCTravelStaytion,B19670,134453901,EQCTravelStaytion,Kings Residence Apartments,GBR,OnboardingSucceeded,,,False,False,FALSE,FALSE,6,0,N/A,,,,N/A,TRUE,TRUE,FALSE,TRUE,TRUE,N/A,TRUE,TRUE,TRUE,TRUE,TRUE,FALSE,1,0,TRUE,1,1
EQCTravelStaytion,1053439,134448482,EQCTravelStaytion,Kinclune House Luxury Estate Mansion  Angus Glens,GBR,OnboardingSucceeded,,,False,False,N/A,FALSE,6,0,N/A,,,,N/A,TRUE,TRUE,FALSE,FALSE,TRUE,N/A,TRUE,TRUE,TRUE,TRUE,TRUE,FALSE,1,0,TRUE,1,1
EQCTravelStaytion,1021364,134447233,EQCTravelStaytion,Modern 3 Bedroom Stay  Patio  East Croydon,GBR,OnboardingSucceeded,,,False,False,FALSE,FALSE,6,0,N/A,,,,N/A,TRUE,TRUE,TRUE,TRUE,TRUE,N/A,TRUE,TRUE,TRUE,TRUE,TRUE,FALSE,1,0,TRUE,1,1
EQCTravelStaytion,1036916,134312270,TravelStaytionAMER,Starcrest 4 Br Haven Pool Hot Tub Putt Putt Arcade,USA,OnboardingSucceeded,,,True,True,TRUE,TRUE,6,40,N/A,,,,N/A,TRUE,TRUE,N/A,TRUE,TRUE,N/A,TRUE,TRUE,TRUE,TRUE,TRUE,TRUE,1,1,TRUE,1,1
EQCTravelStaytion,1053297,134433648,EQCTravelStaytion,6th-Floor High-Rise Studio   Panoramic Ocean Views   Walk to Town,JAM,OnboardingSucceeded,,,True,True,N/A,TRUE,6,15,N/A,,,,N/A,TRUE,TRUE,N/A,TRUE,TRUE,N/A,TRUE,TRUE,TRUE,TRUE,TRUE,TRUE,1,1,TRUE,1,1
EQCTravelStaytion,1052744,134352484,TravelStaytionAMER,Apto c  3 quartos e Garagem a 260 m da Praia,BRA,OnboardingSucceeded,,,True,True,TRUE,TRUE,6,26,N/A,,,,N/A,TRUE,TRUE,N/A,TRUE,TRUE,N/A,TRUE,TRUE,TRUE,TRUE,TRUE,TRUE,1,1,TRUE,1,1
EQCTravelStaytion,1053043,134396967,EQCTravelStaytion,Mas Les Cigales in Saint-R  my-de-Provence,FRA,OnboardingSucceeded,,,True,True,TRUE,TRUE,6,46,N/A,,,,N/A,TRUE,TRUE,N/A,TRUE,TRUE,N/A,TRUE,TRUE,TRUE,TRUE,TRUE,TRUE,1,1,TRUE,1,1
EQCTravelStaytion,1053250,134425216,TravelStaytionAMER,Modern Condo in Flamingos - Pool   Gym   Concierge,MEX,OnboardingSucceeded,,,True,True,N/A,TRUE,6,52,N/A,,,,N/A,TRUE,TRUE,N/A,TRUE,TRUE,N/A,TRUE,TRUE,TRUE,TRUE,TRUE,TRUE,1,1,TRUE,1,1
EQCTravelStaytion,1036915,134312125,TravelStaytionAMER,Texas Tranquility  Hot Tub  Pool  Putt Putt   More,USA,OnboardingSucceeded,,,True,True,TRUE,TRUE,6,50,N/A,,,,N/A,TRUE,TRUE,N/A,TRUE,TRUE,N/A,TRUE,TRUE,TRUE,TRUE,TRUE,TRUE,1,1,TRUE,1,1
EQCTravelStaytion,1053037,134396966,EQCTravelStaytion,Host   Stay   The Hidden House,GBR,OnboardingSucceeded,,,True,True,TRUE,TRUE,6,20,N/A,,,,N/A,TRUE,TRUE,N/A,TRUE,TRUE,N/A,TRUE,TRUE,TRUE,TRUE,TRUE,TRUE,1,1,TRUE,1,1
EQCTravelStaytion,1036940,134312320,TravelStaytionAMER,Bella Vacanza     Minutes to Beach     Community Pool,USA,OnboardingSucceeded,,,True,True,N/A,TRUE,6,40,N/A,,,,N/A,TRUE,TRUE,N/A,TRUE,TRUE,N/A,TRUE,TRUE,TRUE,TRUE,TRUE,TRUE,1,1,TRUE,1,1
EQCTravelStaytion,1049295,134321345,TravelStaytionAMER,Villa Tuc  n - Nuak   Jungle,CRI,OnboardingSucceeded,,,True,True,N/A,TRUE,6,37,N/A,,,,N/A,TRUE,TRUE,N/A,TRUE,TRUE,N/A,TRUE,TRUE,TRUE,TRUE,TRUE,TRUE,1,1,TRUE,1,360
EQCTravelStaytion,1053465,134443457,EQCTravelStaytion,Sky Domes in Delbta with 1 bedrooms and 1 bathrooms,LBN,OnboardingSucceeded,,,False,False,N/A,FALSE,6,0,N/A,,,,N/A,TRUE,TRUE,TRUE,TRUE,TRUE,N/A,TRUE,TRUE,TRUE,TRUE,TRUE,FALSE,1,0,TRUE,1,1
EQCTravelStaytion,1052841,134382762,EQCTravelStaytion,The Blue Room - Portmellon,GBR,OnboardingSucceeded,,,True,True,TRUE,TRUE,6,12,N/A,,,,N/A,TRUE,TRUE,N/A,TRUE,TRUE,N/A,TRUE,TRUE,TRUE,TRUE,TRUE,TRUE,1,1,TRUE,1,1
EQCTravelStaytion,1036950,134312278,TravelStaytionAMER,Smoky Mtn Retreat   Sauna   Hot Tub   Game Room,USA,OnboardingSucceeded,,,True,True,N/A,TRUE,6,102,N/A,,,,N/A,TRUE,TRUE,N/A,TRUE,TRUE,N/A,TRUE,TRUE,TRUE,TRUE,TRUE,TRUE,1,1,TRUE,1,1
EQCTravelStaytion,1053275,134427937,EQCTravelStaytion,Esplanade Views in Cairns North,AUS,OnboardingSucceeded,,,True,True,N/A,TRUE,6,21,N/A,,,,N/A,TRUE,TRUE,N/A,TRUE,TRUE,N/A,TRUE,TRUE,TRUE,TRUE,TRUE,TRUE,1,1,TRUE,1,1
EQCTravelStaytion,1036882,134312056,TravelStaytionAMER,Sedona Wellness Haven   Sauna     Gym     Casita,USA,OnboardingSucceeded,,,True,True,TRUE,TRUE,6,116,N/A,,,,N/A,TRUE,TRUE,N/A,TRUE,TRUE,N/A,TRUE,TRUE,TRUE,TRUE,TRUE,TRUE,1,1,TRUE,1,1
EQCTravelStaytion,1036858,134312301,TravelStaytionAMER,Sunrise Beach   Private Dock   Pool,USA,OnboardingSucceeded,,,True,True,N/A,TRUE,6,76,N/A,,,,N/A,TRUE,TRUE,N/A,TRUE,TRUE,N/A,TRUE,TRUE,TRUE,TRUE,TRUE,TRUE,1,1,TRUE,1,1
EQCTravelStaytion,1052482,134316150,EQCTravelStaytion,SANTANA COSY by Homing,PRT,OnboardingSucceeded,,,True,True,TRUE,TRUE,6,20,N/A,,,,N/A,TRUE,TRUE,N/A,TRUE,TRUE,N/A,TRUE,TRUE,TRUE,TRUE,TRUE,TRUE,1,1,TRUE,1,1
EQCTravelStaytion,1036935,134312265,TravelStaytionAMER,Mins to DT Gatlinburg   Hot Tub   Community Pool,USA,OnboardingSucceeded,,,True,True,N/A,TRUE,6,30,N/A,,,,N/A,TRUE,TRUE,N/A,TRUE,TRUE,N/A,TRUE,TRUE,TRUE,TRUE,TRUE,TRUE,1,1,TRUE,1,1
EQCTravelStaytion,1036948,134311942,TravelStaytionAMER,Kimmswick Porch Haven  Hot Tub    Yard,USA,OnboardingSucceeded,,,True,True,N/A,TRUE,6,90,N/A,,,,N/A,TRUE,TRUE,N/A,TRUE,TRUE,N/A,TRUE,TRUE,TRUE,TRUE,TRUE,TRUE,1,1,TRUE,1,1
EQCTravelStaytion,1052714,134346048,EQCTravelStaytion,Near Monaco   Top Floor Sea View   Terrace,FRA,OnboardingSucceeded,,,True,True,TRUE,TRUE,6,25,N/A,,,,N/A,TRUE,TRUE,N/A,TRUE,TRUE,N/A,TRUE,TRUE,TRUE,TRUE,TRUE,TRUE,1,1,TRUE,1,1
EQCTravelStaytion,1036925,134311932,TravelStaytionAMER,Canyon Lake Escape  Pool  Balcony  Pet Friendly,USA,OnboardingSucceeded,,,True,True,N/A,TRUE,6,24,N/A,,,,N/A,TRUE,TRUE,N/A,TRUE,TRUE,N/A,TRUE,TRUE,TRUE,TRUE,TRUE,TRUE,1,1,TRUE,1,180
EQCTravelStaytion,1036876,134312310,TravelStaytionAMER,Sedona Retreat   Pool     Hot Tub     Mtn Views,USA,OnboardingSucceeded,,,True,True,TRUE,TRUE,6,77,N/A,,,,N/A,TRUE,TRUE,N/A,TRUE,TRUE,N/A,TRUE,TRUE,TRUE,TRUE,TRUE,TRUE,1,1,TRUE,1,1
EQCTravelStaytion,1036773,134311905,TravelStaytionAMER,Burkes Beach Reserve   Golf Sim   Pickleball   Sleeps 24,USA,OnboardingSucceeded,,,True,True,N/A,TRUE,6,103,N/A,,,,N/A,TRUE,TRUE,N/A,TRUE,TRUE,N/A,TRUE,TRUE,TRUE,TRUE,TRUE,TRUE,1,1,TRUE,1,1
EQCTravelStaytion,1036825,134312220,TravelStaytionAMER,Cozy Studio in the Heart of Downtown Kimmswick,USA,OnboardingSucceeded,,,True,True,N/A,TRUE,6,18,N/A,,,,N/A,TRUE,TRUE,N/A,TRUE,TRUE,N/A,TRUE,TRUE,TRUE,TRUE,TRUE,TRUE,1,1,TRUE,1,162
EQCTravelStaytion,1036904,134312074,TravelStaytionAMER,Island Star   Private Pool  5BR   Beach Access,USA,OnboardingSucceeded,,,True,True,N/A,TRUE,6,59,N/A,,,,N/A,TRUE,TRUE,N/A,TRUE,TRUE,N/A,TRUE,TRUE,TRUE,TRUE,TRUE,TRUE,1,1,TRUE,1,1
EQCTravelStaytion,1036754,134311983,TravelStaytionAMER,Ellijay Mountain House   Hot Tub   Views,USA,OnboardingSucceeded,,,True,True,N/A,TRUE,6,62,N/A,,,,N/A,TRUE,TRUE,N/A,TRUE,TRUE,N/A,TRUE,TRUE,TRUE,TRUE,TRUE,TRUE,1,1,TRUE,1,1
EQCTravelStaytion,1036851,134312306,TravelStaytionAMER,Sleeps 18 - Hot Tub - Playground - Games - Firepit,USA,OnboardingSucceeded,,,True,True,N/A,TRUE,6,48,N/A,,,,N/A,TRUE,TRUE,N/A,TRUE,TRUE,N/A,TRUE,TRUE,TRUE,TRUE,TRUE,TRUE,1,1,TRUE,1,163
EQCTravelStaytion,1036872,134312240,TravelStaytionAMER,The Overlook   Wolf Laurel Hot Tub   Views,USA,OnboardingSucceeded,,,True,True,TRUE,TRUE,6,60,N/A,,,,N/A,TRUE,TRUE,N/A,TRUE,TRUE,N/A,TRUE,TRUE,TRUE,TRUE,TRUE,TRUE,1,1,TRUE,1,1
EQCTravelStaytion,1036892,134312115,TravelStaytionAMER,The Glass Cabin   Hot Tub   Sauna,USA,OnboardingSucceeded,,,True,True,N/A,TRUE,6,108,N/A,,,,N/A,TRUE,TRUE,N/A,TRUE,TRUE,N/A,TRUE,TRUE,TRUE,TRUE,TRUE,TRUE,1,1,TRUE,1,1
EQCTravelStaytion,1036859,134312294,TravelStaytionAMER,The Treehouse Cabin   Sauna   Hot Tub,USA,OnboardingSucceeded,,,True,True,N/A,TRUE,6,69,N/A,,,,N/A,TRUE,TRUE,N/A,TRUE,TRUE,N/A,TRUE,TRUE,TRUE,TRUE,TRUE,TRUE,1,1,TRUE,1,1
EQCTravelStaytion,1036785,134312293,TravelStaytionAMER,Bear Butte Luxury Retreat  Hot Tub  10 Mins to DT,USA,OnboardingSucceeded,,,True,True,N/A,TRUE,6,46,N/A,,,,N/A,TRUE,TRUE,N/A,TRUE,TRUE,N/A,TRUE,TRUE,TRUE,TRUE,TRUE,TRUE,1,1,TRUE,1,1
EQCTravelStaytion,1036870,134312245,TravelStaytionAMER,Modern Memphis Retreat - Sleeps 7 - Fireplace,USA,OnboardingSucceeded,,,True,True,N/A,TRUE,6,42,N/A,,,,N/A,TRUE,TRUE,N/A,TRUE,TRUE,N/A,TRUE,TRUE,TRUE,TRUE,TRUE,TRUE,1,1,TRUE,1,1
EQCTravelStaytion,1036901,134311996,TravelStaytionAMER,Casa de Oro   Saguaro Views  Pool   Hot Tub,USA,OnboardingSucceeded,,,True,True,TRUE,TRUE,6,85,N/A,,,,N/A,TRUE,TRUE,N/A,TRUE,TRUE,N/A,TRUE,TRUE,TRUE,TRUE,TRUE,TRUE,1,1,TRUE,1,1
EQCTravelStaytion,1036765,134312113,TravelStaytionAMER,Refreshing Pool     Hot Tub     Game Room     Sleeps 8,USA,OnboardingSucceeded,,,True,True,TRUE,TRUE,6,76,N/A,,,,N/A,TRUE,TRUE,N/A,TRUE,TRUE,N/A,TRUE,TRUE,TRUE,TRUE,TRUE,TRUE,1,1,TRUE,1,1
EQCTravelStaytion,1036818,134312114,TravelStaytionAMER,The Rosewood Retreat  6BR s   HotTub   DogFriendly,USA,OnboardingSucceeded,,,True,True,N/A,TRUE,6,68,N/A,,,,N/A,TRUE,TRUE,N/A,TRUE,TRUE,N/A,TRUE,TRUE,TRUE,TRUE,TRUE,TRUE,1,1,TRUE,1,1
EQCTravelStaytion,1036764,134311843,TravelStaytionAMER,Greer Farmhouse Reserve   Saltwater Pool   Spa,USA,OnboardingSucceeded,,,True,True,N/A,TRUE,6,89,N/A,,,,N/A,TRUE,TRUE,N/A,TRUE,TRUE,N/A,TRUE,TRUE,TRUE,TRUE,TRUE,TRUE,1,1,TRUE,1,1
EQCTravelStaytion,1036883,134312118,TravelStaytionAMER,The Tucson Bungalow   Sam Hughes Pueblo,USA,OnboardingSucceeded,,,True,True,TRUE,TRUE,6,48,N/A,,,,N/A,TRUE,TRUE,N/A,TRUE,TRUE,N/A,TRUE,TRUE,TRUE,TRUE,TRUE,TRUE,1,1,TRUE,1,1
EQCTravelStaytion,1036846,134311991,TravelStaytionAMER,1 5  Miles to Mizzou    Spacious   Updated Home,USA,OnboardingSucceeded,,,True,True,N/A,TRUE,6,28,N/A,,,,N/A,TRUE,TRUE,N/A,TRUE,TRUE,N/A,TRUE,TRUE,TRUE,TRUE,TRUE,TRUE,1,1,TRUE,1,152
EQCTravelStaytion,1036803,134311986,TravelStaytionAMER,Mins away from Theme Parks     Resort Access     Pool,USA,OnboardingSucceeded,,,True,True,N/A,TRUE,6,66,N/A,,,,N/A,TRUE,TRUE,N/A,TRUE,TRUE,N/A,TRUE,TRUE,TRUE,TRUE,TRUE,TRUE,1,1,TRUE,1,1
EQCTravelStaytion,1036878,134312152,TravelStaytionAMER,Luxe Mountain Escape - Fire Pit - Hot Tub - Sauna,USA,OnboardingSucceeded,,,True,True,N/A,TRUE,6,41,N/A,,,,N/A,TRUE,TRUE,N/A,TRUE,TRUE,N/A,TRUE,TRUE,TRUE,TRUE,TRUE,TRUE,1,1,TRUE,1,1
EQCTravelStaytion,1036797,134311936,TravelStaytionAMER,Luxury Lake Escape   Dock  Basketball   Views,USA,OnboardingSucceeded,,,True,True,N/A,TRUE,6,45,N/A,,,,N/A,TRUE,TRUE,N/A,TRUE,TRUE,N/A,TRUE,TRUE,TRUE,TRUE,TRUE,TRUE,1,1,TRUE,1,1
EQCTravelStaytion,1036707,134311971,TravelStaytionAMER,Piece of Paradise     Pool  Games  Fire Pit  Hot tub,USA,OnboardingSucceeded,,,True,True,TRUE,TRUE,6,79,N/A,,,,N/A,TRUE,TRUE,N/A,TRUE,TRUE,N/A,TRUE,TRUE,TRUE,TRUE,TRUE,TRUE,1,1,TRUE,1,1
EQCTravelStaytion,1036762,134312004,TravelStaytionAMER,The Triple Timber   Ski-In  Hot Tubs x3,USA,OnboardingSucceeded,,,True,True,TRUE,TRUE,6,102,N/A,,,,N/A,TRUE,TRUE,N/A,TRUE,TRUE,N/A,TRUE,TRUE,TRUE,TRUE,TRUE,TRUE,1,1,TRUE,1,1
EQCTravelStaytion,1036828,134312030,TravelStaytionAMER,Waterfront Views - Walk to Beach - Heated Pool,USA,OnboardingSucceeded,,,True,True,N/A,TRUE,6,63,N/A,,,,N/A,TRUE,TRUE,N/A,TRUE,TRUE,N/A,TRUE,TRUE,TRUE,TRUE,TRUE,TRUE,1,1,TRUE,1,1
EQCTravelStaytion,1036666,134312210,TravelStaytionAMER,Royal Palms   Arcade   Free Beach Shuttle   Pool,USA,OnboardingSucceeded,,,True,True,N/A,TRUE,6,72,N/A,,,,N/A,TRUE,TRUE,N/A,TRUE,TRUE,N/A,TRUE,TRUE,TRUE,TRUE,TRUE,TRUE,1,1,TRUE,1,1
EQCTravelStaytion,1036817,134312065,TravelStaytionAMER,The Painted Paddle  Pool  HotTub  Pickleball Court,USA,OnboardingSucceeded,,,True,True,N/A,TRUE,6,75,N/A,,,,N/A,TRUE,TRUE,N/A,TRUE,TRUE,N/A,TRUE,TRUE,TRUE,TRUE,TRUE,TRUE,1,1,TRUE,1,1
EQCTravelStaytion,1036729,134311978,TravelStaytionAMER,Minutes to AMI   Pool   Game Room   Sleeps 11,USA,OnboardingSucceeded,,,True,True,N/A,TRUE,6,62,N/A,,,,N/A,TRUE,TRUE,N/A,TRUE,TRUE,N/A,TRUE,TRUE,TRUE,TRUE,TRUE,TRUE,1,1,TRUE,1,180
EQCTravelStaytion,1036756,134312227,TravelStaytionAMER,Mtn Views   Theater   Hot Tub   5 King Suites,USA,OnboardingSucceeded,,,True,True,N/A,TRUE,6,72,N/A,,,,N/A,TRUE,TRUE,N/A,TRUE,TRUE,N/A,TRUE,TRUE,TRUE,TRUE,TRUE,TRUE,1,1,TRUE,1,1
EQCTravelStaytion,1036727,134312253,TravelStaytionAMER,New  Stargazing Dome     Hot Tub     Sauna     Firepit,USA,OnboardingSucceeded,,,True,True,TRUE,TRUE,6,65,N/A,,,,N/A,TRUE,TRUE,N/A,TRUE,TRUE,N/A,TRUE,TRUE,TRUE,TRUE,TRUE,TRUE,1,1,TRUE,1,1
EQCTravelStaytion,1036712,134312188,TravelStaytionAMER,Mins to Beach     Backyard Oasis     Heated Pool   Spa,USA,OnboardingSucceeded,,,False,False,FALSE,TRUE,6,66,N/A,,,,N/A,TRUE,TRUE,N/A,TRUE,TRUE,N/A,TRUE,TRUE,TRUE,TRUE,TRUE,TRUE,1,1,TRUE,1,1
EQCTravelStaytion,1036776,134312256,TravelStaytionAMER,10 Minutes to Stadium    Spacious 3BR   Gameroom,USA,OnboardingSucceeded,,,True,True,N/A,TRUE,6,27,N/A,,,,N/A,TRUE,TRUE,N/A,TRUE,TRUE,N/A,TRUE,TRUE,TRUE,TRUE,TRUE,TRUE,1,1,TRUE,1,1
EQCTravelStaytion,1036725,134312161,TravelStaytionAMER,Sleeps 16   Hot Tub  Arcade   Resort Amenities,USA,OnboardingSucceeded,,,True,True,N/A,TRUE,6,56,N/A,,,,N/A,TRUE,TRUE,N/A,TRUE,TRUE,N/A,TRUE,TRUE,TRUE,TRUE,TRUE,TRUE,1,1,TRUE,1,1
EQCTravelStaytion,1036686,134311840,TravelStaytionAMER,Sleeps 14     Sport Court     Tiki Bar     Heated Pool,USA,OnboardingSucceeded,,,True,True,N/A,TRUE,6,76,N/A,,,,N/A,TRUE,TRUE,N/A,TRUE,TRUE,N/A,TRUE,TRUE,TRUE,TRUE,TRUE,TRUE,1,1,TRUE,1,1
EQCTravelStaytion,1036760,134312117,TravelStaytionAMER,St  Pete Waterfront Getaway   Dock   Pool,USA,OnboardingSucceeded,,,True,True,N/A,TRUE,6,63,N/A,,,,N/A,TRUE,TRUE,N/A,TRUE,TRUE,N/A,TRUE,TRUE,TRUE,TRUE,TRUE,TRUE,1,1,TRUE,1,1
EQCTravelStaytion,1036700,134311970,TravelStaytionAMER,Serene SC Getaway   Firepit   Sleeps 8,USA,OnboardingSucceeded,,,True,True,N/A,TRUE,6,42,N/A,,,,N/A,TRUE,TRUE,N/A,TRUE,TRUE,N/A,TRUE,TRUE,TRUE,TRUE,TRUE,TRUE,1,1,TRUE,1,1
EQCTravelStaytion,1036664,134312165,TravelStaytionAMER,Casa Mesa     Private Paradise w Pool  Putt    Games,USA,OnboardingSucceeded,,,True,True,TRUE,TRUE,6,59,N/A,,,,N/A,TRUE,TRUE,N/A,TRUE,TRUE,N/A,TRUE,TRUE,TRUE,TRUE,TRUE,TRUE,1,1,TRUE,1,1
EQCTravelStaytion,1036720,134312282,TravelStaytionAMER,Lobo Lodge - Movie Theatre - Games - Stunning View,USA,OnboardingSucceeded,,,True,True,TRUE,TRUE,6,48,N/A,,,,N/A,TRUE,TRUE,N/A,TRUE,TRUE,N/A,TRUE,TRUE,TRUE,TRUE,TRUE,TRUE,1,1,TRUE,1,1
EQCTravelStaytion,1036654,134311887,TravelStaytionAMER,Sports Court     Playground     Putt Putt     Spa     Pool,USA,OnboardingSucceeded,,,True,True,N/A,TRUE,6,72,N/A,,,,N/A,TRUE,TRUE,N/A,TRUE,TRUE,N/A,TRUE,TRUE,TRUE,TRUE,TRUE,TRUE,1,1,TRUE,1,1
EQCTravelStaytion,1036673,134312144,TravelStaytionAMER,Moon Mtn Manor      Sleeps 16      Karaoke      Hot Tub,USA,OnboardingSucceeded,,,True,True,N/A,TRUE,6,92,N/A,,,,N/A,TRUE,TRUE,N/A,TRUE,TRUE,N/A,TRUE,TRUE,TRUE,TRUE,TRUE,TRUE,1,1,TRUE,1,1
EQCTravelStaytion,1036680,134312217,TravelStaytionAMER,Pineapple Paradise - 13 min to Beach - Fire Pit,USA,OnboardingSucceeded,,,True,True,N/A,TRUE,6,73,N/A,,,,N/A,TRUE,TRUE,N/A,TRUE,TRUE,N/A,TRUE,TRUE,TRUE,TRUE,TRUE,TRUE,1,1,TRUE,1,1
EQCTravelStaytion,1036710,134311848,TravelStaytionAMER,Best of Blue Ridge   Hot Tub    Games   Pickleball,USA,OnboardingSucceeded,,,True,True,N/A,TRUE,6,57,N/A,,,,N/A,TRUE,TRUE,N/A,TRUE,TRUE,N/A,TRUE,TRUE,TRUE,TRUE,TRUE,TRUE,1,1,TRUE,1,1
EQCTravelStaytion,1036658,134312093,TravelStaytionAMER,Backyard Oasis     Pool      Hot Tub     Putt Putt     Bar,USA,OnboardingSucceeded,,,True,True,N/A,TRUE,6,62,N/A,,,,N/A,TRUE,TRUE,N/A,TRUE,TRUE,N/A,TRUE,TRUE,TRUE,TRUE,TRUE,TRUE,1,1,TRUE,1,1
EQCTravelStaytion,1036646,134311952,TravelStaytionAMER,Sleeps 14     Heated Pool     Spa     Arcade     Putt Putt,USA,OnboardingSucceeded,,,True,True,N/A,TRUE,6,91,N/A,,,,N/A,TRUE,TRUE,N/A,TRUE,TRUE,N/A,TRUE,TRUE,TRUE,TRUE,TRUE,TRUE,1,1,TRUE,1,1
EQCTravelStaytion,1036678,134312105,TravelStaytionAMER,Coastal Luxe Retreat - Heated Pool - Games - Games,USA,OnboardingSucceeded,,,True,True,N/A,TRUE,6,60,N/A,,,,N/A,TRUE,TRUE,N/A,TRUE,TRUE,N/A,TRUE,TRUE,TRUE,TRUE,TRUE,TRUE,1,1,TRUE,1,1
EQCTravelStaytion,1036694,,TravelStaytionAMER,EPA - Hillside 111 with 3 bedrooms and 2 bathrooms,USA,OnboardingFailed,NoValidAddresses,"Content Validation failed for EQCTravelStaytion Property Id: 1036694, Expedia Property Id: {unassigned}., No valid addresses found (line 1, city, and country code required)",,,,,,,,,,,,,,,,,,,,,,,,,,,,
EQCTravelStaytion,1036634,134312175,TravelStaytionAMER,Bradenton Vacation Haven   Pool  Hot Tub  Arcade,USA,OnboardingSucceeded,,,True,True,N/A,TRUE,6,63,N/A,,,,N/A,TRUE,TRUE,N/A,TRUE,TRUE,N/A,TRUE,TRUE,TRUE,TRUE,TRUE,TRUE,1,1,TRUE,1,1
EQCTravelStaytion,1036708,134312194,TravelStaytionAMER,Desert Daze     A Fun-Filled 5BR Retreat     Sleeps 12,USA,OnboardingSucceeded,,,True,True,TRUE,TRUE,6,89,N/A,,,,N/A,TRUE,TRUE,N/A,TRUE,TRUE,N/A,TRUE,TRUE,TRUE,TRUE,TRUE,TRUE,1,1,TRUE,1,1
EQCTravelStaytion,1036631,134311925,TravelStaytionAMER,Bradenton Bliss     Pool     Putt Putt     Arcade Games,USA,OnboardingSucceeded,,,True,True,N/A,TRUE,6,67,N/A,,,,N/A,TRUE,TRUE,N/A,TRUE,TRUE,N/A,TRUE,TRUE,TRUE,TRUE,TRUE,TRUE,1,1,TRUE,1,1
EQCTravelStaytion,1036615,134311813,TravelStaytionAMER,Forest Retreat  Hot Tub-Fire Pit-Pool Table,USA,OnboardingSucceeded,,,True,True,N/A,TRUE,6,54,N/A,,,,N/A,TRUE,TRUE,N/A,TRUE,TRUE,N/A,TRUE,TRUE,TRUE,TRUE,TRUE,TRUE,1,1,TRUE,1,1
EQCTravelStaytion,1036609,134312101,TravelStaytionAMER,Sleeps 13     Private Sauna     Hot Tub     Game Room,USA,OnboardingSucceeded,,,True,True,N/A,TRUE,6,82,N/A,,,,N/A,TRUE,TRUE,N/A,TRUE,TRUE,N/A,TRUE,TRUE,TRUE,TRUE,TRUE,TRUE,1,1,TRUE,1,1
EQCTravelStaytion,1036683,134312109,TravelStaytionAMER,6 mins to Disney     Game Themed Rooms     Pool   Spa,USA,OnboardingSucceeded,,,True,True,N/A,TRUE,6,92,N/A,,,,N/A,TRUE,TRUE,N/A,TRUE,TRUE,N/A,TRUE,TRUE,TRUE,TRUE,TRUE,TRUE,1,1,TRUE,1,1
EQCTravelStaytion,1036626,134312225,TravelStaytionAMER,Mountain Retreat  Hot Tub   Game Room   Basketball,USA,OnboardingSucceeded,,,True,True,N/A,TRUE,6,55,N/A,,,,N/A,TRUE,TRUE,N/A,TRUE,TRUE,N/A,TRUE,TRUE,TRUE,TRUE,TRUE,TRUE,1,1,TRUE,1,173
EQCTravelStaytion,1036624,134311894,TravelStaytionAMER,2-Level Deck - Stunning Views - Hot Tub - Fire Pit,USA,OnboardingSucceeded,,,True,True,N/A,TRUE,6,60,N/A,,,,N/A,TRUE,TRUE,N/A,TRUE,TRUE,N/A,TRUE,TRUE,TRUE,TRUE,TRUE,TRUE,1,1,TRUE,1,1
EQCTravelStaytion,1036606,134312028,TravelStaytionAMER,6 Br Sleeps 20 I Sauna   Theater   Putt Putt   Hot Tub,USA,OnboardingSucceeded,,,True,True,TRUE,TRUE,6,68,N/A,,,,N/A,TRUE,TRUE,N/A,TRUE,TRUE,N/A,TRUE,TRUE,TRUE,TRUE,TRUE,TRUE,1,1,TRUE,1,1
EQCTravelStaytion,1036643,134312012,TravelStaytionAMER,Sleeps 14     Hot Tub     Sauna     Game Room     Fire Pit,USA,OnboardingSucceeded,,,True,True,N/A,TRUE,6,57,N/A,,,,N/A,TRUE,TRUE,N/A,TRUE,TRUE,N/A,TRUE,TRUE,TRUE,TRUE,TRUE,TRUE,1,1,TRUE,1,1
EQCTravelStaytion,1036665,134312153,TravelStaytionAMER,Pastel Palms - Sport Court - Pool - Hot Tub - Bar,USA,OnboardingSucceeded,,,True,True,N/A,TRUE,6,76,N/A,,,,N/A,TRUE,TRUE,N/A,TRUE,TRUE,N/A,TRUE,TRUE,TRUE,TRUE,TRUE,TRUE,1,1,TRUE,1,1
EQCTravelStaytion,1036657,134311844,TravelStaytionAMER,River Lodge     Kayaks     Mins to Blue Ridge     River,USA,OnboardingSucceeded,,,True,True,N/A,TRUE,6,52,N/A,,,,N/A,TRUE,TRUE,N/A,TRUE,TRUE,N/A,TRUE,TRUE,TRUE,TRUE,TRUE,TRUE,1,1,TRUE,1,1
EQCTravelStaytion,1036597,134311831,TravelStaytionAMER,Desert Retreat   Pool   Fire Pit   Family Games,USA,OnboardingSucceeded,,,True,True,TRUE,TRUE,6,69,N/A,,,,N/A,TRUE,TRUE,N/A,TRUE,TRUE,N/A,TRUE,TRUE,TRUE,TRUE,TRUE,TRUE,1,1,TRUE,1,1
EQCTravelStaytion,1036649,134311967,TravelStaytionAMER,Sleeps 19     Pool     Sport Court     Putt Putt     Gym,USA,OnboardingSucceeded,,,True,True,TRUE,TRUE,6,111,N/A,,,,N/A,TRUE,TRUE,N/A,TRUE,TRUE,N/A,TRUE,TRUE,TRUE,TRUE,TRUE,TRUE,1,1,TRUE,1,1
EQCTravelStaytion,1036582,134312312,TravelStaytionAMER,Family-Friendly Home w  Hot Tub     Fire Pit    Games,USA,OnboardingSucceeded,,,True,True,N/A,TRUE,6,50,N/A,,,,N/A,TRUE,TRUE,N/A,TRUE,TRUE,N/A,TRUE,TRUE,TRUE,TRUE,TRUE,TRUE,1,1,TRUE,1,1
EQCTravelStaytion,1036621,134311842,TravelStaytionAMER,Private Retreat Buyout     Sleeps 16     Spa     4 Units,USA,OnboardingSucceeded,,,False,False,FALSE,TRUE,6,129,N/A,,,,N/A,TRUE,TRUE,N/A,TRUE,TRUE,N/A,TRUE,TRUE,TRUE,TRUE,TRUE,TRUE,1,1,TRUE,1,1
EQCTravelStaytion,1036591,134312246,TravelStaytionAMER,Coastal 1BR Retreat   Spa   Walk to Dining   Water,USA,OnboardingSucceeded,,,False,False,FALSE,TRUE,6,43,N/A,,,,N/A,TRUE,TRUE,N/A,TRUE,TRUE,N/A,TRUE,TRUE,TRUE,TRUE,TRUE,TRUE,1,1,TRUE,1,1
EQCTravelStaytion,1052283,134296877,EQCTravelStaytion,The Tuscan Serenade in Lucca,ITA,OnboardingSucceeded,,,True,True,TRUE,TRUE,6,70,N/A,,,,N/A,TRUE,TRUE,N/A,TRUE,TRUE,N/A,TRUE,TRUE,TRUE,TRUE,TRUE,TRUE,1,1,TRUE,1,1
EQCTravelStaytion,1036607,134311909,TravelStaytionAMER,Wildlife Views   Hot Tub   Fire Pit   Games,USA,OnboardingSucceeded,,,True,True,TRUE,TRUE,6,69,N/A,,,,N/A,TRUE,TRUE,N/A,TRUE,TRUE,N/A,TRUE,TRUE,TRUE,TRUE,TRUE,TRUE,1,1,TRUE,1,1
EQCTravelStaytion,1036640,134311937,TravelStaytionAMER,Sleeps 10 - Game Room - Putt Putt - Movie Theater,USA,OnboardingSucceeded,,,True,True,N/A,TRUE,6,74,N/A,,,,N/A,TRUE,TRUE,N/A,TRUE,TRUE,N/A,TRUE,TRUE,TRUE,TRUE,TRUE,TRUE,1,1,TRUE,1,1
EQCTravelStaytion,1036589,134311838,TravelStaytionAMER,Family Escape - Pool  Games   Dog-Friendly,USA,OnboardingSucceeded,,,True,True,N/A,TRUE,6,60,N/A,,,,N/A,TRUE,TRUE,N/A,TRUE,TRUE,N/A,TRUE,TRUE,TRUE,TRUE,TRUE,TRUE,1,1,TRUE,1,1
EQCTravelStaytion,1036580,134312110,TravelStaytionAMER,Private Pool Movie Theater Putting Playground,USA,OnboardingSucceeded,,,True,True,N/A,TRUE,6,66,N/A,,,,N/A,TRUE,TRUE,N/A,TRUE,TRUE,N/A,TRUE,TRUE,TRUE,TRUE,TRUE,TRUE,1,1,TRUE,1,1
EQCTravelStaytion,1036557,134312257,TravelStaytionAMER,EZ Come EZ Geaux - Stunning Mtn Views - Hot Tub,USA,OnboardingSucceeded,,,True,True,N/A,TRUE,6,58,N/A,,,,N/A,TRUE,TRUE,N/A,TRUE,TRUE,N/A,TRUE,TRUE,TRUE,TRUE,TRUE,TRUE,1,1,TRUE,1,1
EQCTravelStaytion,1036565,134311921,TravelStaytionAMER,MTN Views   Hot Tub   Games   Dog Friendly,USA,OnboardingSucceeded,,,True,True,N/A,TRUE,6,35,N/A,,,,N/A,TRUE,TRUE,N/A,TRUE,TRUE,N/A,TRUE,TRUE,TRUE,TRUE,TRUE,TRUE,1,1,TRUE,1,1
EQCTravelStaytion,1036599,134312029,TravelStaytionAMER,Pineapple Paradise  3     13 min to Beach     Fire Pit,USA,OnboardingSucceeded,,,True,True,N/A,TRUE,6,31,N/A,,,,N/A,TRUE,TRUE,N/A,TRUE,TRUE,N/A,TRUE,TRUE,TRUE,TRUE,TRUE,TRUE,1,1,TRUE,1,1
EQCTravelStaytion,1036596,134311953,TravelStaytionAMER,Spacious 4BR   Games   Workspace   Outdoor Fun,USA,OnboardingSucceeded,,,False,False,FALSE,TRUE,6,49,N/A,,,,N/A,TRUE,TRUE,N/A,TRUE,TRUE,N/A,TRUE,TRUE,TRUE,TRUE,TRUE,TRUE,1,1,TRUE,1,1
EQCTravelStaytion,1036605,134312088,TravelStaytionAMER,Cave Creek Luxe     5BR w  Casita     Pool   Views,USA,OnboardingSucceeded,,,True,True,TRUE,TRUE,6,82,N/A,,,,N/A,TRUE,TRUE,N/A,TRUE,TRUE,N/A,TRUE,TRUE,TRUE,TRUE,TRUE,TRUE,1,1,TRUE,1,1
EQCTravelStaytion,1036567,134311977,TravelStaytionAMER,Prime Sequoia Stay  Pool     Hot Tub     Sauna     Views,USA,OnboardingSucceeded,,,True,True,TRUE,TRUE,6,69,N/A,,,,N/A,TRUE,TRUE,N/A,TRUE,TRUE,N/A,TRUE,TRUE,TRUE,TRUE,TRUE,TRUE,1,1,TRUE,1,1
EQCTravelStaytion,1050605,134215276,TravelStaytionAMER,Ruby Ranch House in Indianapolis,USA,OnboardingSucceeded,,,False,False,N/A,FALSE,6,5,N/A,,,,N/A,TRUE,TRUE,N/A,TRUE,TRUE,N/A,TRUE,TRUE,TRUE,TRUE,TRUE,TRUE,1,1,TRUE,1,1
EQCTravelStaytion,1021367,134447234,EQCTravelStaytion,Modern 2 Bedroom Stay  Balcony  East Croydon,GBR,OnboardingSucceeded,,,False,False,FALSE,FALSE,6,0,N/A,,,,N/A,TRUE,TRUE,TRUE,TRUE,TRUE,N/A,TRUE,TRUE,TRUE,TRUE,TRUE,FALSE,1,0,TRUE,1,1
EQCTravelStaytion,1053281,134427989,EQCTravelStaytion,Modern 2BR Apt in Leeds Arena  Uni City Hub Stay,GBR,OnboardingSucceeded,,,True,True,TRUE,TRUE,6,31,N/A,,,,N/A,TRUE,TRUE,N/A,TRUE,TRUE,N/A,TRUE,TRUE,TRUE,TRUE,TRUE,TRUE,1,1,TRUE,1,1
EQCTravelStaytion,1036912,134312126,TravelStaytionAMER,Poconos Retreat   Hot Tub   Firepits   Sleeps 16,USA,OnboardingSucceeded,,,True,True,N/A,TRUE,6,43,N/A,,,,N/A,TRUE,TRUE,N/A,TRUE,TRUE,N/A,TRUE,TRUE,TRUE,TRUE,TRUE,TRUE,1,1,TRUE,1,1
EQCTravelStaytion,1053053,134396959,EQCTravelStaytion,Charming 2-Bed Home Away from Home in Nantwich,GBR,OnboardingSucceeded,,,True,True,TRUE,TRUE,6,27,N/A,,,,N/A,TRUE,TRUE,N/A,TRUE,TRUE,N/A,TRUE,TRUE,TRUE,TRUE,TRUE,TRUE,1,1,TRUE,1,1
EQCTravelStaytion,1036895,134312080,TravelStaytionAMER,The Cove  Heated Pool  Hot Tub  Lake Access,USA,OnboardingSucceeded,,,True,True,N/A,TRUE,6,95,N/A,,,,N/A,TRUE,TRUE,N/A,TRUE,TRUE,N/A,TRUE,TRUE,TRUE,TRUE,TRUE,TRUE,1,1,TRUE,1,135
EQCTravelStaytion,1036939,134312138,TravelStaytionAMER,Waterfront Retreat     Private Beach     Dock     Views,USA,OnboardingSucceeded,,,True,True,N/A,TRUE,6,61,N/A,,,,N/A,TRUE,TRUE,N/A,TRUE,TRUE,N/A,TRUE,TRUE,TRUE,TRUE,TRUE,TRUE,1,1,TRUE,1,1
EQCTravelStaytion,1053230,134419460,EQCTravelStaytion,Cozy 2BR Candolim Escape   Pool  Gym   Hill Views,IND,OnboardingSucceeded,,,False,False,FALSE,TRUE,6,42,N/A,,,,N/A,TRUE,TRUE,N/A,TRUE,TRUE,N/A,TRUE,TRUE,TRUE,TRUE,TRUE,TRUE,1,1,TRUE,1,1
EQCTravelStaytion,1049294,134321346,TravelStaytionAMER,Villa Colibr   - Nuak   Jungle,CRI,OnboardingSucceeded,,,True,True,N/A,TRUE,6,32,N/A,,,,N/A,TRUE,TRUE,N/A,TRUE,TRUE,N/A,TRUE,TRUE,TRUE,TRUE,TRUE,TRUE,1,1,TRUE,1,1
EQCTravelStaytion,1053259,134427971,TravelStaytionAMER,w    Charming 2BR w  Balcony   AC in San Francisco,PAN,OnboardingSucceeded,,,True,True,N/A,TRUE,6,53,N/A,,,,N/A,TRUE,TRUE,N/A,TRUE,TRUE,N/A,TRUE,TRUE,TRUE,TRUE,TRUE,TRUE,1,1,TRUE,1,1
EQCTravelStaytion,1036930,134312163,TravelStaytionAMER,Backyard Paradise - Pool - Tree House - Hot Tub,USA,OnboardingSucceeded,,,True,True,TRUE,TRUE,6,82,N/A,,,,N/A,TRUE,TRUE,N/A,TRUE,TRUE,N/A,TRUE,TRUE,TRUE,TRUE,TRUE,TRUE,1,1,TRUE,1,1
EQCTravelStaytion,1036949,134312128,TravelStaytionAMER,Lakefront Oasis     Private Dock   Pool     Sleeps 20,USA,OnboardingSucceeded,,,True,True,N/A,TRUE,6,77,N/A,,,,N/A,TRUE,TRUE,N/A,TRUE,TRUE,N/A,TRUE,TRUE,TRUE,TRUE,TRUE,TRUE,1,1,TRUE,1,1
EQCTravelStaytion,1036938,134312274,TravelStaytionAMER,Luxe Lake Martin Home  Pool Hot Tub  Boat Dock,USA,OnboardingSucceeded,,,True,True,N/A,TRUE,6,70,N/A,,,,N/A,TRUE,TRUE,N/A,TRUE,TRUE,N/A,TRUE,TRUE,TRUE,TRUE,TRUE,TRUE,1,1,TRUE,1,1
EQCTravelStaytion,1052716,134346416,EQCTravelStaytion,Host   Stay   Worthing Getaway,GBR,OnboardingSucceeded,,,True,True,TRUE,TRUE,6,20,N/A,,,,N/A,TRUE,TRUE,N/A,TRUE,TRUE,N/A,TRUE,TRUE,TRUE,TRUE,TRUE,TRUE,1,1,TRUE,1,1
EQCTravelStaytion,1036899,134311920,TravelStaytionAMER,Stillstone Ranch   A Wellness Retreat   Sleeps 32,USA,OnboardingSucceeded,,,True,True,N/A,TRUE,6,171,N/A,,,,N/A,TRUE,TRUE,N/A,TRUE,TRUE,N/A,TRUE,TRUE,TRUE,TRUE,TRUE,TRUE,1,1,TRUE,1,1
EQCTravelStaytion,1036937,134312216,TravelStaytionAMER,Poolside Pickleball     Heated Pool     Sleeps 20,USA,OnboardingSucceeded,,,True,True,TRUE,TRUE,6,64,N/A,,,,N/A,TRUE,TRUE,N/A,TRUE,TRUE,N/A,TRUE,TRUE,TRUE,TRUE,TRUE,TRUE,1,1,TRUE,1,1
EQCTravelStaytion,1036928,134312263,TravelStaytionAMER,Riverwalk Villa     Game Room     Grill     Heated Pool,USA,OnboardingSucceeded,,,True,True,TRUE,TRUE,6,74,N/A,,,,N/A,TRUE,TRUE,N/A,TRUE,TRUE,N/A,TRUE,TRUE,TRUE,TRUE,TRUE,TRUE,1,1,TRUE,1,1
EQCTravelStaytion,1036886,134312231,TravelStaytionAMER,Elevated Smoky Mountain Escape  Hot Tub   Views,USA,OnboardingSucceeded,,,True,True,N/A,TRUE,6,62,N/A,,,,N/A,TRUE,TRUE,N/A,TRUE,TRUE,N/A,TRUE,TRUE,TRUE,TRUE,TRUE,TRUE,1,1,TRUE,1,1
EQCTravelStaytion,1053207,134418816,EQCTravelStaytion,Host   Stay - 37 Regency Square,GBR,OnboardingSucceeded,,,True,True,TRUE,TRUE,6,28,N/A,,,,N/A,TRUE,TRUE,N/A,TRUE,TRUE,N/A,TRUE,TRUE,TRUE,TRUE,TRUE,TRUE,1,1,TRUE,1,1
EQCTravelStaytion,1036947,134312104,TravelStaytionAMER,4 Br Smoky Mtn Retreat-Game Room-Fire Pit-Hot Tub,USA,OnboardingSucceeded,,,True,True,N/A,TRUE,6,71,N/A,,,,N/A,TRUE,TRUE,N/A,TRUE,TRUE,N/A,TRUE,TRUE,TRUE,TRUE,TRUE,TRUE,1,1,TRUE,1,1
EQCTravelStaytion,1036850,134312237,TravelStaytionAMER,Nashville Hideaway - Rooftop Patio w City Views,USA,OnboardingSucceeded,,,True,True,N/A,TRUE,6,39,N/A,,,,N/A,TRUE,TRUE,N/A,TRUE,TRUE,N/A,TRUE,TRUE,TRUE,TRUE,TRUE,TRUE,1,1,TRUE,1,1
EQCTravelStaytion,1036875,134312089,TravelStaytionAMER,TOP Memphis BnB  The Soul House   Near Beale St,USA,OnboardingSucceeded,,,True,True,N/A,TRUE,6,25,N/A,,,,N/A,TRUE,TRUE,N/A,TRUE,TRUE,N/A,TRUE,TRUE,TRUE,TRUE,TRUE,TRUE,1,1,TRUE,1,1
EQCTravelStaytion,1036860,134312121,TravelStaytionAMER,Lake Bridgeport House   Dock   Basketball,USA,OnboardingSucceeded,,,True,True,N/A,TRUE,6,45,N/A,,,,N/A,TRUE,TRUE,N/A,TRUE,TRUE,N/A,TRUE,TRUE,TRUE,TRUE,TRUE,TRUE,1,1,TRUE,1,1
EQCTravelStaytion,1036744,134311987,TravelStaytionAMER,Waterfront Home Pool Golf Cart Dock Sleeps 16,USA,OnboardingSucceeded,,,True,True,N/A,TRUE,6,76,N/A,,,,N/A,TRUE,TRUE,N/A,TRUE,TRUE,N/A,TRUE,TRUE,TRUE,TRUE,TRUE,TRUE,1,1,TRUE,1,1
EQCTravelStaytion,1036823,134312016,TravelStaytionAMER,Sleeps 14     Outdoor Patio     Firepit     Game Room,USA,OnboardingSucceeded,,,True,True,N/A,TRUE,6,78,N/A,,,,N/A,TRUE,TRUE,N/A,TRUE,TRUE,N/A,TRUE,TRUE,TRUE,TRUE,TRUE,TRUE,1,1,TRUE,1,1
EQCTravelStaytion,1036792,134312283,TravelStaytionAMER,Charming   Cozy Northern AZ Base Camp     Sleeps 4,USA,OnboardingSucceeded,,,True,True,TRUE,TRUE,6,31,N/A,,,,N/A,TRUE,TRUE,N/A,TRUE,TRUE,N/A,TRUE,TRUE,TRUE,TRUE,TRUE,TRUE,1,1,TRUE,1,1
EQCTravelStaytion,1036722,134311847,TravelStaytionAMER,Sonoran Sunset Retreat   Pool   Games,USA,OnboardingSucceeded,,,True,True,TRUE,TRUE,6,46,N/A,,,,N/A,TRUE,TRUE,N/A,TRUE,TRUE,N/A,TRUE,TRUE,TRUE,TRUE,TRUE,TRUE,1,1,TRUE,1,1
EQCTravelStaytion,1036755,134312200,TravelStaytionAMER,Secluded Escape     Fire Pit     Gazebo     Dog Welcome,USA,OnboardingSucceeded,,,True,True,N/A,TRUE,6,49,N/A,,,,N/A,TRUE,TRUE,N/A,TRUE,TRUE,N/A,TRUE,TRUE,TRUE,TRUE,TRUE,TRUE,1,1,TRUE,1,1
EQCTravelStaytion,1036733,134312154,TravelStaytionAMER,Epic Mountain Views  Hot Tub  Games and Firepit,USA,OnboardingSucceeded,,,True,True,N/A,TRUE,6,53,N/A,,,,N/A,TRUE,TRUE,N/A,TRUE,TRUE,N/A,TRUE,TRUE,TRUE,TRUE,TRUE,TRUE,1,1,TRUE,1,1
EQCTravelStaytion,1036903,134312321,TravelStaytionAMER,Hill Country Hideaway   Modern Barndominium for 6,USA,OnboardingSucceeded,,,True,True,N/A,TRUE,6,45,N/A,,,,N/A,TRUE,TRUE,N/A,TRUE,TRUE,N/A,TRUE,TRUE,TRUE,TRUE,TRUE,TRUE,1,1,TRUE,1,1
EQCTravelStaytion,1036826,134311965,TravelStaytionAMER,Downtown Kimmswick  Studio  Newly Renovated,USA,OnboardingSucceeded,,,True,True,N/A,TRUE,6,18,N/A,,,,N/A,TRUE,TRUE,N/A,TRUE,TRUE,N/A,TRUE,TRUE,TRUE,TRUE,TRUE,TRUE,1,1,TRUE,1,1
EQCTravelStaytion,1036752,134312289,TravelStaytionAMER,Donner Lake Retreat   Hot Tub   Game Room,USA,OnboardingSucceeded,,,True,True,TRUE,TRUE,6,98,N/A,,,,N/A,TRUE,TRUE,N/A,TRUE,TRUE,N/A,TRUE,TRUE,TRUE,TRUE,TRUE,TRUE,1,1,TRUE,1,1
EQCTravelStaytion,1036719,134311999,TravelStaytionAMER,Expansive Deck  Sleeps 16  Hot Tub  Game Room,USA,OnboardingSucceeded,,,True,True,TRUE,TRUE,6,64,N/A,,,,N/A,TRUE,TRUE,N/A,TRUE,TRUE,N/A,TRUE,TRUE,TRUE,TRUE,TRUE,TRUE,1,1,TRUE,1,1
EQCTravelStaytion,1036845,134312000,TravelStaytionAMER,Downtown Kimmswick Studio Renovated Prime Location,USA,OnboardingSucceeded,,,True,True,N/A,TRUE,6,15,N/A,,,,N/A,TRUE,TRUE,N/A,TRUE,TRUE,N/A,TRUE,TRUE,TRUE,TRUE,TRUE,TRUE,1,1,TRUE,1,1
EQCTravelStaytion,1036771,134312233,TravelStaytionAMER,Stillstone Ranch   A Wellness Retreat   Sleeps 32,USA,OnboardingSucceeded,,,True,True,N/A,TRUE,6,171,N/A,,,,N/A,TRUE,TRUE,N/A,TRUE,TRUE,N/A,TRUE,TRUE,TRUE,TRUE,TRUE,TRUE,1,1,TRUE,1,1
EQCTravelStaytion,1036843,134311869,TravelStaytionAMER,Hoch-A-Frame   Sauna  Hot Tub   Broken Bow Pines,USA,OnboardingSucceeded,,,True,True,N/A,TRUE,6,73,N/A,,,,N/A,TRUE,TRUE,N/A,TRUE,TRUE,N/A,TRUE,TRUE,TRUE,TRUE,TRUE,TRUE,1,1,TRUE,1,1
EQCTravelStaytion,1036822,134312017,TravelStaytionAMER,Luxury Lakeview Estate w  Indoor Pool   Golf Sim,USA,OnboardingSucceeded,,,True,True,N/A,TRUE,6,149,N/A,,,,N/A,TRUE,TRUE,N/A,TRUE,TRUE,N/A,TRUE,TRUE,TRUE,TRUE,TRUE,TRUE,1,1,TRUE,1,1
EQCTravelStaytion,1036750,134311863,TravelStaytionAMER,Sleeps 16   Heated Pool   Arcade   Backyard Resort,USA,OnboardingSucceeded,,,True,True,TRUE,TRUE,6,78,N/A,,,,N/A,TRUE,TRUE,N/A,TRUE,TRUE,N/A,TRUE,TRUE,TRUE,TRUE,TRUE,TRUE,1,1,TRUE,1,1
EQCTravelStaytion,1036769,134312273,TravelStaytionAMER,Pineapple Paradise - 2 Units - 13 min to Beach,USA,OnboardingSucceeded,,,True,True,N/A,TRUE,6,55,N/A,,,,N/A,TRUE,TRUE,N/A,TRUE,TRUE,N/A,TRUE,TRUE,TRUE,TRUE,TRUE,TRUE,1,1,TRUE,1,182
EQCTravelStaytion,1036805,134312297,TravelStaytionAMER,Close 2 Dollywood Rustic Sleeps 6 Family Fun,USA,OnboardingSucceeded,,,True,True,N/A,TRUE,6,30,N/A,,,,N/A,TRUE,TRUE,N/A,TRUE,TRUE,N/A,TRUE,TRUE,TRUE,TRUE,TRUE,TRUE,1,1,TRUE,1,1
EQCTravelStaytion,1036856,134312035,TravelStaytionAMER,Lake Mathews Estate   Indoor Pool   Pickleball   Beach Volleyball,USA,OnboardingSucceeded,,,False,False,FALSE,TRUE,6,92,N/A,,,,N/A,TRUE,TRUE,N/A,TRUE,TRUE,N/A,TRUE,TRUE,TRUE,TRUE,TRUE,TRUE,1,1,TRUE,1,1
EQCTravelStaytion,1036841,134312082,TravelStaytionAMER,Modern Home     Sleeps 6     Near Downtown   Mizzou,USA,OnboardingSucceeded,,,True,True,N/A,TRUE,6,36,N/A,,,,N/A,TRUE,TRUE,N/A,TRUE,TRUE,N/A,TRUE,TRUE,TRUE,TRUE,TRUE,TRUE,1,1,TRUE,1,1
EQCTravelStaytion,1036751,134311862,TravelStaytionAMER,Blue Ridge Treehouse Escape   Views   Hot Tub,USA,OnboardingSucceeded,,,True,True,N/A,TRUE,6,92,N/A,,,,N/A,TRUE,TRUE,N/A,TRUE,TRUE,N/A,TRUE,TRUE,TRUE,TRUE,TRUE,TRUE,1,1,TRUE,1,171
EQCTravelStaytion,1036867,134312189,TravelStaytionAMER,5BR   Hot tub   Pool table   Mins to Beale,USA,OnboardingSucceeded,,,True,True,N/A,TRUE,6,44,N/A,,,,N/A,TRUE,TRUE,N/A,TRUE,TRUE,N/A,TRUE,TRUE,TRUE,TRUE,TRUE,TRUE,1,1,TRUE,1,1
EQCTravelStaytion,1036857,134312164,TravelStaytionAMER,Sequoia Getaway   Private Pool   Sauna,USA,OnboardingSucceeded,,,True,True,TRUE,TRUE,6,69,N/A,,,,N/A,TRUE,TRUE,N/A,TRUE,TRUE,N/A,TRUE,TRUE,TRUE,TRUE,TRUE,TRUE,1,1,TRUE,1,1
EQCTravelStaytion,1036788,134312182,TravelStaytionAMER,The Juniper  Pickleball   Private Pool,USA,OnboardingSucceeded,,,False,False,N/A,TRUE,6,43,N/A,,,,N/A,TRUE,TRUE,N/A,TRUE,TRUE,N/A,TRUE,TRUE,TRUE,TRUE,TRUE,TRUE,1,1,FALSE,1,0
EQCTravelStaytion,1036716,134312034,TravelStaytionAMER,The Ridge at Penn Estates   A 4BR Pocono Retreat,USA,OnboardingSucceeded,,,True,True,N/A,TRUE,6,78,N/A,,,,N/A,TRUE,TRUE,N/A,TRUE,TRUE,N/A,TRUE,TRUE,TRUE,TRUE,TRUE,TRUE,1,1,TRUE,1,1
EQCTravelStaytion,1036839,134312010,TravelStaytionAMER,Retro Retreat  Stargazing Dome  Sauna   Hot Tub,USA,OnboardingSucceeded,,,True,True,N/A,TRUE,6,49,N/A,,,,N/A,TRUE,TRUE,N/A,TRUE,TRUE,N/A,TRUE,TRUE,TRUE,TRUE,TRUE,TRUE,1,1,TRUE,1,1
EQCTravelStaytion,1036869,134312100,TravelStaytionAMER,Black Bear Escape     Mtn Views  Hot Tub  Game Room,USA,OnboardingSucceeded,,,True,True,N/A,TRUE,6,72,N/A,,,,N/A,TRUE,TRUE,N/A,TRUE,TRUE,N/A,TRUE,TRUE,TRUE,TRUE,TRUE,TRUE,1,1,TRUE,1,1
EQCTravelStaytion,1036833,134312177,TravelStaytionAMER,Paradise Valley Estate   Pickleball   Sauna,USA,OnboardingSucceeded,,,False,False,FALSE,TRUE,6,102,N/A,,,,N/A,TRUE,TRUE,N/A,TRUE,TRUE,N/A,TRUE,TRUE,TRUE,TRUE,TRUE,TRUE,1,1,TRUE,1,1
EQCTravelStaytion,1036715,134311914,TravelStaytionAMER,Sleeps 14     Pool Spa     Fire Pit     Billiards     EV Plug,USA,OnboardingSucceeded,,,True,True,TRUE,TRUE,6,81,N/A,,,,N/A,TRUE,TRUE,N/A,TRUE,TRUE,N/A,TRUE,TRUE,TRUE,TRUE,TRUE,TRUE,1,1,TRUE,1,1
EQCTravelStaytion,1036834,134311873,TravelStaytionAMER,Mtn Cabin w  Hot Tub     Game Room     Grill     Views,USA,OnboardingSucceeded,,,True,True,N/A,TRUE,6,47,N/A,,,,N/A,TRUE,TRUE,N/A,TRUE,TRUE,N/A,TRUE,TRUE,TRUE,TRUE,TRUE,TRUE,1,1,TRUE,1,1
EQCTravelStaytion,1036717,134311966,TravelStaytionAMER,Resort Style Backyard  Pool  Hot Tub  Movie Room,USA,OnboardingSucceeded,,,True,True,N/A,TRUE,6,63,N/A,,,,N/A,TRUE,TRUE,N/A,TRUE,TRUE,N/A,TRUE,TRUE,TRUE,TRUE,TRUE,TRUE,1,1,TRUE,1,1
EQCTravelStaytion,1036847,134312230,TravelStaytionAMER,The Waterside Retreat  Hot Tub  Kayaks  EV Charger,USA,OnboardingSucceeded,,,True,True,N/A,TRUE,6,73,N/A,,,,N/A,TRUE,TRUE,N/A,TRUE,TRUE,N/A,TRUE,TRUE,TRUE,TRUE,TRUE,TRUE,1,1,TRUE,1,1
EQCTravelStaytion,1036815,134312324,TravelStaytionAMER,Pickleball Court Ev Power Cord Hot Tub Pool Table,USA,OnboardingSucceeded,,,True,True,N/A,TRUE,6,44,N/A,,,,N/A,TRUE,TRUE,N/A,TRUE,TRUE,N/A,TRUE,TRUE,TRUE,TRUE,TRUE,TRUE,1,1,TRUE,1,1
EQCTravelStaytion,1036748,134312276,TravelStaytionAMER,Htd Pool-Hot Tub-Fire Pit-Fenced Yard-Dogs Welcome,USA,OnboardingSucceeded,,,True,True,N/A,TRUE,6,86,N/A,,,,N/A,TRUE,TRUE,N/A,TRUE,TRUE,N/A,TRUE,TRUE,TRUE,TRUE,TRUE,TRUE,1,1,TRUE,1,1
EQCTravelStaytion,1036766,134312264,TravelStaytionAMER,Steps to the Sand     Sleeps 12     Hot Tub     Grill,USA,OnboardingSucceeded,,,True,True,TRUE,TRUE,6,53,N/A,,,,N/A,TRUE,TRUE,N/A,TRUE,TRUE,N/A,TRUE,TRUE,TRUE,TRUE,TRUE,TRUE,1,1,TRUE,1,1
EQCTravelStaytion,1036868,134312137,TravelStaytionAMER,The Modern Honkey  Rooftop Hot Tub   Sleeps 12,USA,OnboardingSucceeded,,,True,True,N/A,TRUE,6,65,N/A,,,,N/A,TRUE,TRUE,N/A,TRUE,TRUE,N/A,TRUE,TRUE,TRUE,TRUE,TRUE,TRUE,1,1,TRUE,1,1
EQCTravelStaytion,1036812,134312021,TravelStaytionAMER,The Lone Star Oasis     Pool  Karaoke    Game Room,USA,OnboardingSucceeded,,,True,True,N/A,TRUE,6,63,N/A,,,,N/A,TRUE,TRUE,N/A,TRUE,TRUE,N/A,TRUE,TRUE,TRUE,TRUE,TRUE,TRUE,1,1,TRUE,1,1
EQCTravelStaytion,1036749,134311939,TravelStaytionAMER,The Tamarack Near Flathead Lake   Glacier Park,USA,OnboardingSucceeded,,,True,True,N/A,TRUE,6,91,N/A,,,,N/A,TRUE,TRUE,N/A,TRUE,TRUE,N/A,TRUE,TRUE,TRUE,TRUE,TRUE,TRUE,1,1,TRUE,1,1
EQCTravelStaytion,1036777,134312049,TravelStaytionAMER,Soak  Sizzle   Score  Pool  Games   More,USA,OnboardingSucceeded,,,True,True,TRUE,TRUE,6,44,N/A,,,,N/A,TRUE,TRUE,N/A,TRUE,TRUE,N/A,TRUE,TRUE,TRUE,TRUE,TRUE,TRUE,1,1,TRUE,1,1
EQCTravelStaytion,1036790,134312239,TravelStaytionAMER,Luxury Ridge Cabin   Hot Tub     Fire Pit     Views,USA,OnboardingSucceeded,,,True,True,N/A,TRUE,6,89,N/A,,,,N/A,TRUE,TRUE,N/A,TRUE,TRUE,N/A,TRUE,TRUE,TRUE,TRUE,TRUE,TRUE,1,1,TRUE,1,1
EQCTravelStaytion,1036688,134312077,TravelStaytionAMER,Poolside Oasis     Sleeps 8     Game Room     Putt Putt,USA,OnboardingSucceeded,,,True,True,N/A,TRUE,6,82,N/A,,,,N/A,TRUE,TRUE,N/A,TRUE,TRUE,N/A,TRUE,TRUE,TRUE,TRUE,TRUE,TRUE,1,1,TRUE,1,1
EQCTravelStaytion,1036832,134312170,TravelStaytionAMER,Keys Escape   Oceanfront Resort Condo   Sleeps 6,USA,OnboardingSucceeded,,,True,True,N/A,TRUE,6,57,N/A,,,,N/A,TRUE,TRUE,N/A,TRUE,TRUE,N/A,TRUE,TRUE,TRUE,TRUE,TRUE,TRUE,1,1,TRUE,1,1
EQCTravelStaytion,1036699,134312130,TravelStaytionAMER,NEW  Movie Theater     Game Room     Amenity Access,USA,OnboardingSucceeded,,,True,True,N/A,TRUE,6,60,N/A,,,,N/A,TRUE,TRUE,N/A,TRUE,TRUE,N/A,TRUE,TRUE,TRUE,TRUE,TRUE,TRUE,1,1,TRUE,1,1
EQCTravelStaytion,1036814,134312060,TravelStaytionAMER,6k SqFt Estate -  Epic Amenities   Fun - Sleeps 22,USA,OnboardingSucceeded,,,False,False,FALSE,TRUE,6,57,N/A,,,,N/A,TRUE,TRUE,N/A,TRUE,TRUE,N/A,TRUE,TRUE,TRUE,TRUE,TRUE,TRUE,1,1,TRUE,1,1
EQCTravelStaytion,1036794,134312314,TravelStaytionAMER,Waterview Heights Estate   Cayuga Lake   Indoor Pool,USA,OnboardingSucceeded,,,True,True,N/A,TRUE,6,132,N/A,,,,N/A,TRUE,TRUE,N/A,TRUE,TRUE,N/A,TRUE,TRUE,TRUE,TRUE,TRUE,TRUE,1,1,TRUE,1,1
EQCTravelStaytion,1036663,134311853,TravelStaytionAMER,Paradise Lane   Pool - Hot Tub - Sports Court,USA,OnboardingSucceeded,,,True,True,TRUE,TRUE,6,92,N/A,,,,N/A,TRUE,TRUE,N/A,TRUE,TRUE,N/A,TRUE,TRUE,TRUE,TRUE,TRUE,TRUE,1,1,TRUE,1,1
EQCTravelStaytion,1036709,134312185,TravelStaytionAMER,EPA - Winnebago 7217,USA,OnboardingSucceeded,,,True,True,N/A,TRUE,6,63,N/A,,,,N/A,TRUE,TRUE,N/A,TRUE,TRUE,N/A,TRUE,TRUE,TRUE,TRUE,TRUE,TRUE,1,1,TRUE,1,1
EQCTravelStaytion,1036758,134312043,TravelStaytionAMER,Mountain Getaway  Outdoor Games     Sauna     Hot tub,USA,OnboardingSucceeded,,,True,True,N/A,TRUE,6,84,N/A,,,,N/A,TRUE,TRUE,N/A,TRUE,TRUE,N/A,TRUE,TRUE,TRUE,TRUE,TRUE,TRUE,1,1,TRUE,1,1
EQCTravelStaytion,1036711,134312211,TravelStaytionAMER,Sonoran Grove  Epic Yard with Two Pickleball Courts,USA,OnboardingSucceeded,,,True,True,TRUE,TRUE,6,86,N/A,,,,N/A,TRUE,TRUE,N/A,TRUE,TRUE,N/A,TRUE,TRUE,TRUE,TRUE,TRUE,TRUE,1,1,TRUE,1,1
EQCTravelStaytion,1036681,134311852,TravelStaytionAMER,Beachfront Bliss - Outdoor Pool - Sleeps 6,USA,OnboardingSucceeded,,,True,True,N/A,TRUE,6,43,N/A,,,,N/A,TRUE,TRUE,N/A,TRUE,TRUE,N/A,TRUE,TRUE,TRUE,TRUE,TRUE,TRUE,1,1,TRUE,1,1
EQCTravelStaytion,1036739,134312039,TravelStaytionAMER,Suncrest   Pool  Pickleball   Theater,USA,OnboardingSucceeded,,,True,True,TRUE,TRUE,6,106,N/A,,,,N/A,TRUE,TRUE,N/A,TRUE,TRUE,N/A,TRUE,TRUE,TRUE,TRUE,TRUE,TRUE,1,1,TRUE,1,1
EQCTravelStaytion,1036706,134312219,TravelStaytionAMER,Palm Shell Villa - Pool - Pickleball - Hot Tub,USA,OnboardingSucceeded,,,True,True,N/A,TRUE,6,71,N/A,,,,N/A,TRUE,TRUE,N/A,TRUE,TRUE,N/A,TRUE,TRUE,TRUE,TRUE,TRUE,TRUE,1,1,TRUE,1,1
EQCTravelStaytion,1036642,134312311,TravelStaytionAMER,Savannah Oasis   Hot Tub   Pickleball   Putt Putt,USA,OnboardingSucceeded,,,True,True,N/A,TRUE,6,44,N/A,,,,N/A,TRUE,TRUE,N/A,TRUE,TRUE,N/A,TRUE,TRUE,TRUE,TRUE,TRUE,TRUE,1,1,TRUE,1,175
EQCTravelStaytion,1036692,134312158,TravelStaytionAMER,Private Indoor Pickleball Court   Red Rock Views,USA,OnboardingSucceeded,,,True,True,TRUE,TRUE,6,62,N/A,,,,N/A,TRUE,TRUE,N/A,TRUE,TRUE,N/A,TRUE,TRUE,TRUE,TRUE,TRUE,TRUE,1,1,TRUE,1,1
EQCTravelStaytion,1036676,134312322,TravelStaytionAMER,Waterfront Heated Pool Home Gym Fire Pit,USA,OnboardingSucceeded,,,True,True,N/A,TRUE,6,25,N/A,,,,N/A,TRUE,TRUE,N/A,TRUE,TRUE,N/A,TRUE,TRUE,TRUE,TRUE,TRUE,TRUE,1,1,TRUE,1,1
EQCTravelStaytion,1036612,134311841,TravelStaytionAMER,Ultimate Family Retreat - Pool - Games - Hot Tub,USA,OnboardingSucceeded,,,True,True,N/A,TRUE,6,59,N/A,,,,N/A,TRUE,TRUE,N/A,TRUE,TRUE,N/A,TRUE,TRUE,TRUE,TRUE,TRUE,TRUE,1,1,TRUE,1,1
EQCTravelStaytion,1036638,134312025,TravelStaytionAMER,Disney Min Away - Pool  Patio   Playground,USA,OnboardingSucceeded,,,True,True,N/A,TRUE,6,49,N/A,,,,N/A,TRUE,TRUE,N/A,TRUE,TRUE,N/A,TRUE,TRUE,TRUE,TRUE,TRUE,TRUE,1,1,TRUE,1,1
EQCTravelStaytion,1036614,134311907,TravelStaytionAMER,Heated Pool     Mtn Views     Sleeps 20     Game Room,USA,OnboardingSucceeded,,,True,True,N/A,TRUE,6,76,N/A,,,,N/A,TRUE,TRUE,N/A,TRUE,TRUE,N/A,TRUE,TRUE,TRUE,TRUE,TRUE,TRUE,1,1,TRUE,1,1
EQCTravelStaytion,1036648,134311961,TravelStaytionAMER,Basketball Court   Game Room   Pool   Hot Tub,USA,OnboardingSucceeded,,,True,True,N/A,TRUE,6,62,N/A,,,,N/A,TRUE,TRUE,N/A,TRUE,TRUE,N/A,TRUE,TRUE,TRUE,TRUE,TRUE,TRUE,1,1,TRUE,1,1
EQCTravelStaytion,1036669,134311804,TravelStaytionAMER,Walk to Beach Private Hot Tub Pool Dog Friendly,USA,OnboardingSucceeded,,,True,True,N/A,TRUE,6,44,N/A,,,,N/A,TRUE,TRUE,N/A,TRUE,TRUE,N/A,TRUE,TRUE,TRUE,TRUE,TRUE,TRUE,1,1,TRUE,1,1
EQCTravelStaytion,1036682,134312168,TravelStaytionAMER,Private Estate  Pool  Views   Events Welcome,USA,OnboardingSucceeded,,,True,True,N/A,TRUE,6,84,N/A,,,,N/A,TRUE,TRUE,N/A,TRUE,TRUE,N/A,TRUE,TRUE,TRUE,TRUE,TRUE,TRUE,1,1,TRUE,1,1
EQCTravelStaytion,1036602,134311924,TravelStaytionAMER,Breezy Livin  - Speakeasy - Pool - Spa - Game Room,USA,OnboardingSucceeded,,,True,True,N/A,TRUE,6,78,N/A,,,,N/A,TRUE,TRUE,N/A,TRUE,TRUE,N/A,TRUE,TRUE,TRUE,TRUE,TRUE,TRUE,1,1,TRUE,1,1
EQCTravelStaytion,1036572,134312091,TravelStaytionAMER,Mountain Views w  Slide   Hot Tub   Game Room,USA,OnboardingSucceeded,,,True,True,N/A,TRUE,6,71,N/A,,,,N/A,TRUE,TRUE,N/A,TRUE,TRUE,N/A,TRUE,TRUE,TRUE,TRUE,TRUE,TRUE,1,1,TRUE,1,1
EQCTravelStaytion,1036644,134311906,TravelStaytionAMER,The Pines of Valle Grande     Hot Tub     Fireplace,USA,OnboardingSucceeded,,,True,True,N/A,TRUE,6,35,N/A,,,,N/A,TRUE,TRUE,N/A,TRUE,TRUE,N/A,TRUE,TRUE,TRUE,TRUE,TRUE,TRUE,1,1,TRUE,1,150
EQCTravelStaytion,1036623,134312019,TravelStaytionAMER,Glory Daze     Private Pool     Ice Maker     EV Charger,USA,OnboardingSucceeded,,,True,True,N/A,TRUE,6,51,N/A,,,,N/A,TRUE,TRUE,N/A,TRUE,TRUE,N/A,TRUE,TRUE,TRUE,TRUE,TRUE,TRUE,1,1,TRUE,1,1
EQCTravelStaytion,1036579,134311833,TravelStaytionAMER,3 Br Sleep 8     Hot Tub     Fire Pit     Stunning Views,USA,OnboardingSucceeded,,,True,True,N/A,TRUE,6,42,N/A,,,,N/A,TRUE,TRUE,N/A,TRUE,TRUE,N/A,TRUE,TRUE,TRUE,TRUE,TRUE,TRUE,1,1,TRUE,1,1
EQCTravelStaytion,1036568,134311913,TravelStaytionAMER,Cabin Sweet Cabin   Hot Tub   Game Room   Dog Friendly,USA,OnboardingSucceeded,,,True,True,N/A,TRUE,6,46,N/A,,,,N/A,TRUE,TRUE,N/A,TRUE,TRUE,N/A,TRUE,TRUE,TRUE,TRUE,TRUE,TRUE,1,1,TRUE,1,1
EQCTravelStaytion,1036625,134312068,TravelStaytionAMER,Stunning Mtn Views     Hot Tub     Firepit     Sleeps 10,USA,OnboardingSucceeded,,,True,True,TRUE,TRUE,6,49,N/A,,,,N/A,TRUE,TRUE,N/A,TRUE,TRUE,N/A,TRUE,TRUE,TRUE,TRUE,TRUE,TRUE,1,1,TRUE,1,1
EQCTravelStaytion,1036611,134312003,TravelStaytionAMER,Suncourt Retreat   Sports Court   Pool   Hot Tub,USA,OnboardingSucceeded,,,True,True,N/A,TRUE,6,60,N/A,,,,N/A,TRUE,TRUE,N/A,TRUE,TRUE,N/A,TRUE,TRUE,TRUE,TRUE,TRUE,TRUE,1,1,TRUE,1,1
EQCTravelStaytion,1036619,134311898,TravelStaytionAMER,2 Homes     Sleeps 22     Sauna     Hot Tub     Fire Pit,USA,OnboardingSucceeded,,,True,True,N/A,TRUE,6,102,N/A,,,,N/A,TRUE,TRUE,N/A,TRUE,TRUE,N/A,TRUE,TRUE,TRUE,TRUE,TRUE,TRUE,1,1,TRUE,1,1
EQCTravelStaytion,1036566,134311955,TravelStaytionAMER,Sleeps 20  Hot Tub Outdoor Theater Fire Pit Games,USA,OnboardingSucceeded,,,True,True,TRUE,TRUE,6,84,N/A,,,,N/A,TRUE,TRUE,N/A,TRUE,TRUE,N/A,TRUE,TRUE,TRUE,TRUE,TRUE,TRUE,1,1,TRUE,1,1
EQCTravelStaytion,1036546,134311826,TravelStaytionAMER,Lakefront Villa   Hot Tub   Game Room   Boat Lift,USA,OnboardingSucceeded,,,True,True,TRUE,TRUE,6,62,N/A,,,,N/A,TRUE,TRUE,N/A,TRUE,TRUE,N/A,TRUE,TRUE,TRUE,TRUE,TRUE,TRUE,1,1,TRUE,1,1
EQCTravelStaytion,1036550,134311785,TravelStaytionAMER,Sleeps 8     Private Pool     Dog Friendly     Balcony,USA,OnboardingSucceeded,,,True,True,N/A,TRUE,6,43,N/A,,,,N/A,TRUE,TRUE,N/A,TRUE,TRUE,N/A,TRUE,TRUE,TRUE,TRUE,TRUE,TRUE,1,1,TRUE,1,1
EQCTravelStaytion,1036535,134312295,TravelStaytionAMER,HTD Pool Fire Pit Games Dog Friendly Ping Pong,USA,OnboardingSucceeded,,,True,True,TRUE,TRUE,6,66,N/A,,,,N/A,TRUE,TRUE,N/A,TRUE,TRUE,N/A,TRUE,TRUE,TRUE,TRUE,TRUE,TRUE,1,1,TRUE,1,1
EQCTravelStaytion,1036586,134312201,TravelStaytionAMER,Shared Poolside Fun Hot Tub Gym   More,USA,OnboardingSucceeded,,,True,True,TRUE,TRUE,6,43,N/A,,,,N/A,TRUE,TRUE,N/A,TRUE,TRUE,N/A,TRUE,TRUE,TRUE,TRUE,TRUE,TRUE,1,1,TRUE,1,1
EQCTravelStaytion,1036551,134311857,TravelStaytionAMER,The Retro  Pool   Hot Tub   Basketball   Games,USA,OnboardingSucceeded,,,True,True,TRUE,TRUE,6,49,N/A,,,,N/A,TRUE,TRUE,N/A,TRUE,TRUE,N/A,TRUE,TRUE,TRUE,TRUE,TRUE,TRUE,1,1,TRUE,1,1
EQCTravelStaytion,1036564,134311834,TravelStaytionAMER,Downtown Raleigh Rooftop Retreat - Skyline Views,USA,OnboardingSucceeded,,,True,True,TRUE,TRUE,6,52,N/A,,,,N/A,TRUE,TRUE,N/A,TRUE,TRUE,N/A,TRUE,TRUE,TRUE,TRUE,TRUE,TRUE,1,1,TRUE,1,161
EQCTravelStaytion,1036534,134311982,TravelStaytionAMER,Mesa Oasis     Private Pool     Fire Pit     Sleeps 6,USA,OnboardingSucceeded,,,True,True,TRUE,TRUE,6,38,N/A,,,,N/A,TRUE,TRUE,N/A,TRUE,TRUE,N/A,TRUE,TRUE,TRUE,TRUE,TRUE,TRUE,1,1,TRUE,1,1
EQCTravelStaytion,1036587,134312221,TravelStaytionAMER,Sleeps 10   Pool  Slide  Pickleball   Fire Pit,USA,OnboardingSucceeded,,,True,True,N/A,TRUE,6,67,N/A,,,,N/A,TRUE,TRUE,N/A,TRUE,TRUE,N/A,TRUE,TRUE,TRUE,TRUE,TRUE,TRUE,1,1,TRUE,1,1
EQCTravelStaytion,1036541,134311784,TravelStaytionAMER,Golden Ridge Lodge - Hot Tub - Games - Mtn Views,USA,OnboardingSucceeded,,,True,True,N/A,TRUE,6,79,N/A,,,,N/A,TRUE,TRUE,N/A,TRUE,TRUE,N/A,TRUE,TRUE,TRUE,TRUE,TRUE,TRUE,1,1,TRUE,1,1
EQCTravelStaytion,1036544,134311818,TravelStaytionAMER,Pineapple Paradise  2     13 min to Beach     Fire Pit,USA,OnboardingSucceeded,,,True,True,N/A,TRUE,6,34,N/A,,,,N/A,TRUE,TRUE,N/A,TRUE,TRUE,N/A,TRUE,TRUE,TRUE,TRUE,TRUE,TRUE,1,1,TRUE,1,1
EQCTravelStaytion,1036522,134311958,TravelStaytionAMER,Tampa Oasis   Private Pool   Sauna   Sleeps 14,USA,OnboardingSucceeded,,,True,True,N/A,TRUE,6,62,N/A,,,,N/A,TRUE,TRUE,N/A,TRUE,TRUE,N/A,TRUE,TRUE,TRUE,TRUE,TRUE,TRUE,1,1,TRUE,1,1
EQCTravelStaytion,1036601,134311794,TravelStaytionAMER,Sleeps 10     Sauna     Hot Tub     Arcade   Firepit,USA,OnboardingSucceeded,,,True,True,N/A,TRUE,6,69,N/A,,,,N/A,TRUE,TRUE,N/A,TRUE,TRUE,N/A,TRUE,TRUE,TRUE,TRUE,TRUE,TRUE,1,1,TRUE,1,1
EQCTravelStaytion,1036553,134312072,TravelStaytionAMER,Modern Peaks     Hot Tub     Sauna     Theatre Room,USA,OnboardingSucceeded,,,True,True,N/A,TRUE,6,78,N/A,,,,N/A,TRUE,TRUE,N/A,TRUE,TRUE,N/A,TRUE,TRUE,TRUE,TRUE,TRUE,TRUE,1,1,TRUE,1,1
EQCTravelStaytion,1036575,134311940,TravelStaytionAMER,AZ Game House   Sport Court - Golf - Pool - Games,USA,OnboardingSucceeded,,,True,True,TRUE,TRUE,6,76,N/A,,,,N/A,TRUE,TRUE,N/A,TRUE,TRUE,N/A,TRUE,TRUE,TRUE,TRUE,TRUE,TRUE,1,1,TRUE,1,1
EQCTravelStaytion,1036520,134312317,TravelStaytionAMER,Sleeps 10 Stunning Views Private Sauna Fireplace,USA,OnboardingSucceeded,,,True,True,TRUE,TRUE,6,66,N/A,,,,N/A,TRUE,TRUE,N/A,TRUE,TRUE,N/A,TRUE,TRUE,TRUE,TRUE,TRUE,TRUE,1,1,TRUE,1,1
EQCTravelStaytion,1036598,134311927,TravelStaytionAMER,Sleeps 6     Private Pool     Fire Pit     Game House,USA,OnboardingSucceeded,,,True,True,N/A,TRUE,6,50,N/A,,,,N/A,TRUE,TRUE,N/A,TRUE,TRUE,N/A,TRUE,TRUE,TRUE,TRUE,TRUE,TRUE,1,1,TRUE,1,179
EQCTravelStaytion,1036554,134311830,TravelStaytionAMER,Scoop Deck   Dock  Pool   Balcony Views,USA,OnboardingSucceeded,,,True,False,N/A,TRUE,6,34,N/A,,,,N/A,TRUE,TRUE,N/A,TRUE,TRUE,N/A,TRUE,TRUE,TRUE,TRUE,TRUE,TRUE,1,1,FALSE,1,0
EQCTravelStaytion,1036562,134312187,TravelStaytionAMER,Spacious TownHouse   Walk to Beach   Resort Pool,USA,OnboardingSucceeded,,,True,True,N/A,TRUE,6,41,N/A,,,,N/A,TRUE,TRUE,N/A,TRUE,TRUE,N/A,TRUE,TRUE,TRUE,TRUE,TRUE,TRUE,1,1,TRUE,1,1
EQCTravelStaytion,1036536,134311968,TravelStaytionAMER,Playcation Putt Putt Pool Tiki Bar Game Room,USA,OnboardingSucceeded,,,True,True,N/A,TRUE,6,68,N/A,,,,N/A,TRUE,TRUE,N/A,TRUE,TRUE,N/A,TRUE,TRUE,TRUE,TRUE,TRUE,TRUE,1,1,TRUE,1,1
EQCTravelStaytion,1036531,134312160,TravelStaytionAMER,Ocean Views     Private Pool     Walk to Beach,USA,OnboardingSucceeded,,,True,True,N/A,TRUE,6,75,N/A,,,,N/A,TRUE,TRUE,N/A,TRUE,TRUE,N/A,TRUE,TRUE,TRUE,TRUE,TRUE,TRUE,1,1,TRUE,1,1
EQCTravelStaytion,1036530,134311888,TravelStaytionAMER,Luxury Lakefront   Private Dock   Pool   In-ground Spa,USA,OnboardingSucceeded,,,True,True,N/A,TRUE,6,72,N/A,,,,N/A,TRUE,TRUE,N/A,TRUE,TRUE,N/A,TRUE,TRUE,TRUE,TRUE,TRUE,TRUE,1,1,TRUE,1,1
EQCTravelStaytion,1036481,134311800,TravelStaytionAMER,Amazing Beach Views Boardwalk to Beach Shared Pool,USA,OnboardingSucceeded,,,True,True,N/A,TRUE,6,45,N/A,,,,N/A,TRUE,TRUE,N/A,TRUE,TRUE,N/A,TRUE,TRUE,TRUE,TRUE,TRUE,TRUE,1,1,TRUE,1,1
EQCTravelStaytion,1036467,134311787,TravelStaytionAMER,Waterfront Condo 1 Block to Beach Pool Access,USA,OnboardingSucceeded,,,True,True,N/A,TRUE,6,27,N/A,,,,N/A,TRUE,TRUE,N/A,TRUE,TRUE,N/A,TRUE,TRUE,TRUE,TRUE,TRUE,TRUE,1,1,TRUE,1,1
EQCTravelStaytion,1036442,134311802,TravelStaytionAMER,30A     Walk to Beach     6 Seater Golf Cart,USA,OnboardingSucceeded,,,True,True,N/A,TRUE,6,53,N/A,,,,N/A,TRUE,TRUE,N/A,TRUE,TRUE,N/A,TRUE,TRUE,TRUE,TRUE,TRUE,TRUE,1,1,TRUE,1,1
EQCTravelStaytion,1036414,134312157,TravelStaytionAMER,Epic Family Getaway   Speakeasy  Pool  Basketball,USA,OnboardingSucceeded,,,True,True,TRUE,TRUE,6,77,N/A,,,,N/A,TRUE,TRUE,N/A,TRUE,TRUE,N/A,TRUE,TRUE,TRUE,TRUE,TRUE,TRUE,1,1,TRUE,1,1
EQCTravelStaytion,1036462,134311795,TravelStaytionAMER,Cozy Retreat - Sauna Hot Tub Pool Pass Game Room,USA,OnboardingSucceeded,,,True,True,N/A,TRUE,6,77,N/A,,,,N/A,TRUE,TRUE,N/A,TRUE,TRUE,N/A,TRUE,TRUE,TRUE,TRUE,TRUE,TRUE,1,1,TRUE,1,1
EQCTravelStaytion,1036431,134311822,TravelStaytionAMER,Latitude Adjustment Boat Slip Walk to Beach  Pool,USA,OnboardingSucceeded,,,True,True,N/A,TRUE,6,40,N/A,,,,N/A,TRUE,TRUE,N/A,TRUE,TRUE,N/A,TRUE,TRUE,TRUE,TRUE,TRUE,TRUE,1,1,TRUE,1,1
EQCTravelStaytion,1036347,134311884,TravelStaytionAMER,Lorna Beach Cottage- Prime Location Pet Friendly,USA,OnboardingSucceeded,,,True,True,N/A,TRUE,6,14,N/A,,,,N/A,TRUE,TRUE,N/A,TRUE,TRUE,N/A,TRUE,TRUE,TRUE,TRUE,TRUE,TRUE,1,1,TRUE,1,1
EQCTravelStaytion,1036350,134311786,TravelStaytionAMER,Waterfront Retreat w  Heated Pool  Fire,USA,OnboardingSucceeded,,,True,True,N/A,TRUE,6,61,N/A,,,,N/A,TRUE,TRUE,N/A,TRUE,TRUE,N/A,TRUE,TRUE,TRUE,TRUE,TRUE,TRUE,1,1,TRUE,1,1
EQCTravelStaytion,1036351,134311713,TravelStaytionAMER,1 Mile to Beach     Private Pool Oasis    Volleyball,USA,OnboardingSucceeded,,,True,True,N/A,TRUE,6,37,N/A,,,,N/A,TRUE,TRUE,N/A,TRUE,TRUE,N/A,TRUE,TRUE,TRUE,TRUE,TRUE,TRUE,1,1,TRUE,1,1
EQCTravelStaytion,1036372,134311696,TravelStaytionAMER,The Palm   Putt  Heated Pool   Golden Tee   Bocce,USA,OnboardingSucceeded,,,True,True,TRUE,TRUE,6,73,N/A,,,,N/A,TRUE,TRUE,N/A,TRUE,TRUE,N/A,TRUE,TRUE,TRUE,TRUE,TRUE,TRUE,1,1,TRUE,1,1
EQCTravelStaytion,1036379,134311868,TravelStaytionAMER,Massive Asheville Compound A Memorable Experience,USA,OnboardingSucceeded,,,True,True,TRUE,TRUE,6,81,N/A,,,,N/A,TRUE,TRUE,N/A,TRUE,TRUE,N/A,TRUE,TRUE,TRUE,TRUE,TRUE,TRUE,1,1,TRUE,1,1
EQCTravelStaytion,1036342,134311874,TravelStaytionAMER,La Playa Paradise- Beach Access   Large Island home   Pool Table,USA,OnboardingSucceeded,,,True,True,N/A,TRUE,6,40,N/A,,,,N/A,TRUE,TRUE,N/A,TRUE,TRUE,N/A,TRUE,TRUE,TRUE,TRUE,TRUE,TRUE,1,1,TRUE,1,1
EQCTravelStaytion,1036348,134311744,TravelStaytionAMER,Brito Beach- View of Pond   Propane Grill,USA,OnboardingSucceeded,,,True,True,N/A,TRUE,6,30,N/A,,,,N/A,TRUE,TRUE,N/A,TRUE,TRUE,N/A,TRUE,TRUE,TRUE,TRUE,TRUE,TRUE,1,1,TRUE,1,1
EQCTravelStaytion,1036328,134311653,TravelStaytionAMER,Incredible Ocean Views  Direct Beach Access  Pool,USA,OnboardingSucceeded,,,True,True,N/A,TRUE,6,39,N/A,,,,N/A,TRUE,TRUE,N/A,TRUE,TRUE,N/A,TRUE,TRUE,TRUE,TRUE,TRUE,TRUE,1,1,TRUE,1,1
EQCTravelStaytion,1036336,134311724,TravelStaytionAMER,Driftwood Isle Family Friendly Ground Floor,USA,OnboardingSucceeded,,,True,True,N/A,TRUE,6,27,N/A,,,,N/A,TRUE,TRUE,N/A,TRUE,TRUE,N/A,TRUE,TRUE,TRUE,TRUE,TRUE,TRUE,1,1,TRUE,1,1
EQCTravelStaytion,1036323,134311726,TravelStaytionAMER,Island Oasis- Beach Access   Pools    Volleyball,USA,OnboardingSucceeded,,,True,True,N/A,TRUE,6,28,N/A,,,,N/A,TRUE,TRUE,N/A,TRUE,TRUE,N/A,TRUE,TRUE,TRUE,TRUE,TRUE,TRUE,1,1,TRUE,1,1
EQCTravelStaytion,1036337,134311661,TravelStaytionAMER,Poco Cabana- Cute Bungalow   2 Community Pools,USA,OnboardingSucceeded,,,True,True,N/A,TRUE,6,39,N/A,,,,N/A,TRUE,TRUE,N/A,TRUE,TRUE,N/A,TRUE,TRUE,TRUE,TRUE,TRUE,TRUE,1,1,TRUE,1,1
EQCTravelStaytion,1036334,134311655,TravelStaytionAMER,Paradise Vibes- Pond Views   2 Balconies,USA,OnboardingSucceeded,,,True,True,N/A,TRUE,6,46,N/A,,,,N/A,TRUE,TRUE,N/A,TRUE,TRUE,N/A,TRUE,TRUE,TRUE,TRUE,TRUE,TRUE,1,1,TRUE,1,118
EQCTravelStaytion,1036299,134311748,TravelStaytionAMER,Gone Coastal Private Breezeway Family Friendly,USA,OnboardingSucceeded,,,True,True,N/A,TRUE,6,31,N/A,,,,N/A,TRUE,TRUE,N/A,TRUE,TRUE,N/A,TRUE,TRUE,TRUE,TRUE,TRUE,TRUE,1,1,TRUE,1,1
EQCTravelStaytion,1036296,134311771,TravelStaytionAMER,Sea Gypsy Fire Pit Community Pool Corn hole,USA,OnboardingSucceeded,,,True,True,N/A,TRUE,6,47,N/A,,,,N/A,TRUE,TRUE,N/A,TRUE,TRUE,N/A,TRUE,TRUE,TRUE,TRUE,TRUE,TRUE,1,1,TRUE,1,1
EQCTravelStaytion,1036297,134311737,TravelStaytionAMER,Cozy Private Cottage Pet Friendly Prime Location,USA,OnboardingSucceeded,,,True,True,N/A,TRUE,6,32,N/A,,,,N/A,TRUE,TRUE,N/A,TRUE,TRUE,N/A,TRUE,TRUE,TRUE,TRUE,TRUE,TRUE,1,1,TRUE,1,1
EQCTravelStaytion,1036283,134311643,TravelStaytionAMER,Valley Retreat  Sleeps 10   Hot Tub   Fire Pit,USA,OnboardingSucceeded,,,True,True,N/A,TRUE,6,36,N/A,,,,N/A,TRUE,TRUE,N/A,TRUE,TRUE,N/A,TRUE,TRUE,TRUE,TRUE,TRUE,TRUE,1,1,TRUE,1,1
EQCTravelStaytion,1036034,134311636,TravelStaytionAMER,The Skybox - Voted  1 Cabin in Asheville,USA,OnboardingSucceeded,,,True,True,TRUE,TRUE,6,67,N/A,,,,N/A,TRUE,TRUE,N/A,TRUE,TRUE,N/A,TRUE,TRUE,TRUE,TRUE,TRUE,TRUE,1,1,TRUE,1,1
EQCTravelStaytion,1036275,134311638,TravelStaytionAMER,Monthly Rental  Comfy Beds  Great for Remote Work,USA,OnboardingSucceeded,,,True,True,N/A,TRUE,6,25,N/A,,,,N/A,TRUE,TRUE,N/A,TRUE,TRUE,N/A,TRUE,TRUE,TRUE,TRUE,TRUE,TRUE,1,1,TRUE,1,1
EQCTravelStaytion,1036284,134311730,TravelStaytionAMER,Peoria Paradise  Basketball   Heated Pool   Games,USA,OnboardingSucceeded,,,True,True,TRUE,TRUE,6,52,N/A,,,,N/A,TRUE,TRUE,N/A,TRUE,TRUE,N/A,TRUE,TRUE,TRUE,TRUE,TRUE,TRUE,1,1,TRUE,1,1
EQCTravelStaytion,1036279,134311733,TravelStaytionAMER,Ski In Out   Hatley Pointe  Views HotTub  Fire Pit,USA,OnboardingSucceeded,,,True,True,TRUE,TRUE,6,173,N/A,,,,N/A,TRUE,TRUE,N/A,TRUE,TRUE,N/A,TRUE,TRUE,TRUE,TRUE,TRUE,TRUE,1,1,TRUE,1,1
EQCTravelStaytion,1036270,134311694,TravelStaytionAMER,Endless Views   Hot Tub   Movie Theater   Firepit,USA,OnboardingSucceeded,,,True,True,N/A,TRUE,6,51,N/A,,,,N/A,TRUE,TRUE,N/A,TRUE,TRUE,N/A,TRUE,TRUE,TRUE,TRUE,TRUE,TRUE,1,1,TRUE,1,1
EQCTravelStaytion,1052222,134277902,TravelStaytionAMER,Apto com Ar e Garagem a 8 min da Praia dos Recifes,BRA,OnboardingSucceeded,,,True,True,TRUE,TRUE,6,25,N/A,,,,N/A,TRUE,TRUE,N/A,TRUE,TRUE,N/A,TRUE,TRUE,TRUE,TRUE,TRUE,TRUE,1,1,TRUE,1,1
EQCTravelStaytion,1030155,134301361,EQCTravelStaytion,Specious 2BR Family Home   Parking   Sleeps 6,GBR,OnboardingSucceeded,,,False,False,FALSE,TRUE,6,34,N/A,,,,N/A,TRUE,TRUE,N/A,TRUE,TRUE,N/A,TRUE,TRUE,TRUE,TRUE,TRUE,TRUE,1,1,TRUE,1,1
EQCTravelStaytion,1052153,134277896,EQCTravelStaytion,Host   Stay   Hallmark Lodge,GBR,OnboardingSucceeded,,,False,False,TRUE,TRUE,6,26,N/A,,,,N/A,TRUE,TRUE,N/A,TRUE,TRUE,N/A,TRUE,TRUE,FALSE,TRUE,TRUE,TRUE,1,1,TRUE,1,1
EQCTravelStaytion,1052172,134263135,EQCTravelStaytion,2BHK with Pool nr Candolim Beach   Palms By Umiya,IND,OnboardingSucceeded,,,False,False,FALSE,TRUE,6,42,N/A,,,,N/A,TRUE,TRUE,N/A,TRUE,TRUE,N/A,TRUE,TRUE,TRUE,TRUE,TRUE,TRUE,1,1,TRUE,1,1
EQCTravelStaytion,1052155,134277899,TravelStaytionGRC,Santo Caves  Santorini Suite with Private Hot Tub,GRC,OnboardingSucceeded,,,True,True,TRUE,TRUE,6,29,N/A,,,,N/A,TRUE,TRUE,N/A,TRUE,TRUE,N/A,TRUE,TRUE,TRUE,TRUE,TRUE,TRUE,1,1,TRUE,1,1
EQCTravelStaytion,1051628,134225228,EQCTravelStaytion,Free housekeeping visits during your stay - StayShort - Chic 1-Bed for 4 in Prime Dubai Hills Location,ARE,OnboardingSucceeded,,,False,False,FALSE,TRUE,6,35,N/A,,,,N/A,TRUE,TRUE,N/A,TRUE,TRUE,N/A,TRUE,TRUE,TRUE,TRUE,TRUE,TRUE,1,1,TRUE,1,1
EQCTravelStaytion,1052150,134260469,EQCTravelStaytion,Host   Stay - Hidden Winds Cottage,GBR,OnboardingSucceeded,,,True,True,TRUE,TRUE,6,19,N/A,,,,N/A,TRUE,TRUE,N/A,TRUE,TRUE,N/A,TRUE,TRUE,TRUE,TRUE,TRUE,TRUE,1,1,TRUE,1,1
EQCTravelStaytion,1051626,134225235,EQCTravelStaytion,Free housekeeping visits during your stay - StayShort - Contemporary 1 Bedroom Sleeps 4 in JVC,ARE,OnboardingSucceeded,,,False,False,FALSE,TRUE,6,58,N/A,,,,N/A,TRUE,TRUE,N/A,TRUE,TRUE,N/A,TRUE,TRUE,TRUE,TRUE,TRUE,TRUE,1,1,TRUE,1,1
EQCTravelStaytion,1051773,134246633,TravelStaytionAMER,Villa Ceiba - Selva Punta Mita,MEX,OnboardingSucceeded,,,True,False,N/A,TRUE,6,109,N/A,,,,N/A,TRUE,TRUE,N/A,TRUE,TRUE,N/A,TRUE,TRUE,TRUE,TRUE,TRUE,TRUE,1,1,FALSE,1,0
EQCTravelStaytion,1051730,134216779,EQCTravelStaytion,TROIA ATLANTIC VILLA by Homing,PRT,OnboardingSucceeded,,,True,True,TRUE,TRUE,6,40,N/A,,,,N/A,TRUE,TRUE,N/A,TRUE,TRUE,N/A,TRUE,TRUE,TRUE,TRUE,TRUE,TRUE,1,1,TRUE,1,1
EQCTravelStaytion,1052152,134260468,EQCTravelStaytion,Host   Stay   The Coach House,GBR,OnboardingSucceeded,,,True,True,TRUE,TRUE,6,19,N/A,,,,N/A,TRUE,TRUE,N/A,TRUE,TRUE,N/A,TRUE,TRUE,TRUE,TRUE,TRUE,TRUE,1,1,TRUE,1,1
EQCTravelStaytion,1051753,134226166,TravelStaytionAMER,Apto com Piscina e Sauna perto do Thermas do Vale,BRA,OnboardingSucceeded,,,True,True,TRUE,TRUE,6,42,N/A,,,,N/A,TRUE,TRUE,N/A,TRUE,TRUE,N/A,TRUE,TRUE,TRUE,TRUE,TRUE,TRUE,1,1,TRUE,1,1
EQCTravelStaytion,1051627,134215336,EQCTravelStaytion,StayShort   Stylish 1BR Apartment   Near Burj Al Arab   Family-Friendly   Sleeps 4,ARE,OnboardingSucceeded,,,False,False,FALSE,TRUE,6,50,N/A,,,,N/A,TRUE,TRUE,N/A,TRUE,TRUE,N/A,TRUE,TRUE,TRUE,TRUE,TRUE,TRUE,1,1,TRUE,1,1
EQCTravelStaytion,1051501,134215319,TravelStaytionAMER,Chic Bay Harbor 3BR     Rooftop Pool     Free Parking,USA,OnboardingSucceeded,,,True,True,N/A,TRUE,6,38,N/A,,,,N/A,TRUE,TRUE,N/A,TRUE,TRUE,N/A,TRUE,TRUE,TRUE,TRUE,TRUE,TRUE,1,1,TRUE,1,1
EQCTravelStaytion,1050614,134215334,TravelStaytionGRC,The Aer Element Of Gaea,GRC,OnboardingSucceeded,,,True,True,TRUE,TRUE,6,44,N/A,,,,N/A,TRUE,TRUE,N/A,TRUE,TRUE,N/A,TRUE,TRUE,TRUE,TRUE,TRUE,TRUE,1,1,TRUE,1,1
EQCTravelStaytion,1051504,134215326,EQCTravelStaytion,In het hart van Schiedam  Rotterdam om de hoek,NLD,OnboardingSucceeded,,,True,True,N/A,TRUE,6,63,N/A,,,,N/A,TRUE,TRUE,N/A,TRUE,TRUE,N/A,TRUE,TRUE,TRUE,TRUE,TRUE,TRUE,1,1,TRUE,1,1
EQCTravelStaytion,1051477,134215314,TravelStaytionGRC,City Center Apartment  Ermou Street,CYP,OnboardingSucceeded,,,True,True,N/A,TRUE,6,7,N/A,,,,N/A,TRUE,TRUE,N/A,TRUE,TRUE,N/A,TRUE,TRUE,TRUE,TRUE,TRUE,TRUE,1,1,TRUE,1,1
EQCTravelStaytion,1051463,134215307,TravelStaytionGRC,Socrates Suites  Elevated City Stay in Kalamata,GRC,OnboardingSucceeded,,,True,True,TRUE,TRUE,6,24,N/A,,,,N/A,TRUE,TRUE,N/A,TRUE,TRUE,N/A,TRUE,TRUE,TRUE,TRUE,TRUE,TRUE,1,1,TRUE,1,1
EQCTravelStaytion,1051352,134215301,EQCTravelStaytion,San Francesco Ripa 1 - Meo Patacca Vibrant Nest,ITA,OnboardingSucceeded,,,True,True,TRUE,TRUE,6,25,N/A,,,,N/A,TRUE,TRUE,N/A,TRUE,TRUE,N/A,TRUE,TRUE,TRUE,TRUE,TRUE,TRUE,1,1,TRUE,1,349
EQCTravelStaytion,1051284,134215294,TravelStaytionAMER,Bright 2BR Suite   Walk to Commercial Drive,CAN,OnboardingSucceeded,,,False,False,FALSE,TRUE,6,10,N/A,,,,N/A,TRUE,TRUE,N/A,TRUE,FALSE,N/A,TRUE,TRUE,TRUE,TRUE,TRUE,TRUE,1,1,TRUE,1,1
EQCTravelStaytion,1051285,134215296,TravelStaytionAMER,Waterfront Home on Marine Dr   Steps to the Beach,CAN,OnboardingSucceeded,,,False,False,FALSE,TRUE,6,32,N/A,,,,N/A,TRUE,TRUE,N/A,TRUE,TRUE,N/A,TRUE,TRUE,TRUE,TRUE,TRUE,TRUE,1,1,TRUE,1,335
EQCTravelStaytion,1051239,134215295,TravelStaytionGRC,Elegant Spacious Apartment in Rhodes with Balcony,GRC,OnboardingSucceeded,,,True,True,TRUE,TRUE,6,35,N/A,,,,N/A,TRUE,TRUE,N/A,TRUE,TRUE,N/A,TRUE,TRUE,TRUE,TRUE,TRUE,TRUE,1,1,TRUE,1,1
EQCTravelStaytion,1051336,134215298,EQCTravelStaytion,Royal Mayfair   AC  Lift   Luxury,GBR,OnboardingSucceeded,,,False,False,FALSE,TRUE,6,39,N/A,,,,N/A,TRUE,TRUE,N/A,TRUE,TRUE,N/A,TRUE,TRUE,TRUE,TRUE,TRUE,TRUE,1,1,TRUE,1,1
EQCTravelStaytion,1050969,134215292,EQCTravelStaytion,Historic Quarter Stay   1BR Apartment,ALB,OnboardingSucceeded,,,True,True,N/A,TRUE,6,30,N/A,,,,N/A,TRUE,TRUE,N/A,TRUE,TRUE,N/A,TRUE,TRUE,TRUE,TRUE,TRUE,TRUE,1,1,TRUE,1,1
EQCTravelStaytion,1051248,134215288,EQCTravelStaytion,South Ken Rooftop Loft  Treetop Views  Hyde Park,GBR,OnboardingSucceeded,,,False,False,FALSE,TRUE,6,37,N/A,,,,N/A,TRUE,TRUE,N/A,TRUE,TRUE,N/A,TRUE,TRUE,TRUE,TRUE,TRUE,TRUE,1,1,TRUE,1,1
EQCTravelStaytion,1053499,134457165,EQCTravelStaytion,Valley Cabin   Bog   Nature Retreat,ALB,OnboardingSucceeded,,,False,False,N/A,FALSE,6,0,N/A,,,,N/A,TRUE,TRUE,TRUE,TRUE,TRUE,N/A,TRUE,TRUE,TRUE,TRUE,TRUE,FALSE,1,0,TRUE,1,1
EQCTravelStaytion,1052836,134413689,EQCTravelStaytion,LDN-HEND in London with 3 bedrooms and 1 bathrooms,GBR,OnboardingSucceeded,,,False,False,FALSE,TRUE,6,10,N/A,,,,N/A,TRUE,TRUE,N/A,TRUE,TRUE,N/A,TRUE,TRUE,TRUE,TRUE,TRUE,TRUE,1,1,TRUE,1,1
EQCTravelStaytion,1053285,134428035,TravelStaytionAMER,Private Dock     Pool     Hot Tub     Puttputt     Games,USA,OnboardingSucceeded,,,True,True,N/A,TRUE,6,73,N/A,,,,N/A,TRUE,TRUE,N/A,TRUE,TRUE,N/A,TRUE,TRUE,TRUE,TRUE,TRUE,TRUE,1,1,TRUE,1,1
EQCTravelStaytion,1053476,134449513,TravelStaytionAMER,Augusta Luxe Retreat  Minutes to Masters  Private Backyard,USA,OnboardingSucceeded,,,False,False,N/A,FALSE,6,0,N/A,,,,N/A,TRUE,TRUE,TRUE,TRUE,TRUE,N/A,TRUE,TRUE,TRUE,TRUE,TRUE,FALSE,1,0,TRUE,1,1
EQCTravelStaytion,1053287,134428034,TravelStaytionAMER,Golf Simulator     Pool     Sports Court   Sleeps 24,USA,OnboardingSucceeded,,,True,True,TRUE,TRUE,6,87,N/A,,,,N/A,TRUE,TRUE,N/A,TRUE,TRUE,N/A,TRUE,TRUE,TRUE,TRUE,TRUE,TRUE,1,1,TRUE,1,1
EQCTravelStaytion,1021369,134447226,EQCTravelStaytion,Stylish East Croydon Apartment w  Balcony   Fast WiFi,GBR,OnboardingSucceeded,,,False,False,FALSE,FALSE,6,0,N/A,,,,N/A,TRUE,TRUE,TRUE,TRUE,TRUE,N/A,TRUE,TRUE,TRUE,TRUE,TRUE,FALSE,1,0,TRUE,1,1
EQCTravelStaytion,1053447,134440305,EQCTravelStaytion,Modern 2 Bedroom Apartment in Rotterdam City Center with Free Parking,NLD,OnboardingSucceeded,,,False,False,FALSE,FALSE,6,0,N/A,,,,N/A,TRUE,TRUE,TRUE,TRUE,TRUE,N/A,TRUE,TRUE,TRUE,TRUE,TRUE,FALSE,1,0,TRUE,1,1
EQCTravelStaytion,1053258,134427925,TravelStaytionAMER,w    Luxury 1BR in Prime Polanco,MEX,OnboardingSucceeded,,,True,True,N/A,TRUE,6,9,N/A,,,,N/A,TRUE,TRUE,N/A,TRUE,TRUE,N/A,TRUE,TRUE,TRUE,TRUE,TRUE,TRUE,1,1,TRUE,1,1
EQCTravelStaytion,1052493,134332718,EQCTravelStaytion,Dajti s Forest Stay   1BR Apartment,ALB,OnboardingSucceeded,,,True,True,N/A,TRUE,6,30,N/A,,,,N/A,TRUE,TRUE,N/A,TRUE,TRUE,N/A,TRUE,TRUE,TRUE,TRUE,TRUE,TRUE,1,1,TRUE,1,1
EQCTravelStaytion,1052881,134381692,TravelStaytionAMER,Beachfront Luxury at Narval - Pool   Concierge,MEX,OnboardingSucceeded,,,True,True,N/A,TRUE,6,40,N/A,,,,N/A,TRUE,TRUE,N/A,TRUE,TRUE,N/A,TRUE,TRUE,TRUE,TRUE,TRUE,TRUE,1,1,TRUE,1,185
EQCTravelStaytion,1053036,134403919,EQCTravelStaytion,Host   Stay   Casa Formentera,GBR,OnboardingSucceeded,,,True,True,TRUE,TRUE,6,31,N/A,,,,N/A,TRUE,TRUE,N/A,TRUE,TRUE,N/A,TRUE,TRUE,TRUE,TRUE,TRUE,TRUE,1,1,TRUE,1,1
EQCTravelStaytion,1051066,134440024,TravelStaytionGRC,The ROOF in Aegina Town,GRC,OnboardingSucceeded,,,False,False,FALSE,FALSE,6,0,N/A,,,,N/A,TRUE,TRUE,N/A,TRUE,TRUE,N/A,TRUE,TRUE,TRUE,TRUE,TRUE,TRUE,1,1,TRUE,1,1
EQCTravelStaytion,1053257,134427922,TravelStaytionAMER,w    Enchanting 1BR in Prime Polanco,MEX,OnboardingSucceeded,,,True,True,N/A,TRUE,6,11,N/A,,,,N/A,TRUE,TRUE,N/A,TRUE,TRUE,N/A,TRUE,TRUE,TRUE,TRUE,TRUE,TRUE,1,1,TRUE,1,1
EQCTravelStaytion,1053279,134428032,TravelStaytionAMER,Dalraida 3br Near Gunter Annex and Downtown,USA,OnboardingSucceeded,,,True,True,N/A,TRUE,6,42,N/A,,,,N/A,TRUE,TRUE,N/A,TRUE,TRUE,N/A,TRUE,TRUE,TRUE,TRUE,TRUE,TRUE,1,1,TRUE,1,1
EQCTravelStaytion,1047684,134398506,TravelStaytionAMER,Magical Retreat - Near Disney Heated Pool   Spa,USA,OnboardingSucceeded,,,True,True,N/A,TRUE,6,56,N/A,,,,N/A,TRUE,TRUE,N/A,TRUE,TRUE,N/A,TRUE,TRUE,TRUE,TRUE,TRUE,TRUE,1,1,TRUE,1,1
EQCTravelStaytion,1036740,134312167,TravelStaytionAMER,Lakeside Montana   Hot Tub   Game Room,USA,OnboardingSucceeded,,,True,True,N/A,TRUE,6,91,N/A,,,,N/A,TRUE,TRUE,N/A,TRUE,TRUE,N/A,TRUE,TRUE,TRUE,TRUE,TRUE,TRUE,1,1,TRUE,1,1
EQCTravelStaytion,1036735,134312318,TravelStaytionAMER,Naples Pool Home Paradise  Minutes from the Beach,USA,OnboardingSucceeded,,,True,True,TRUE,TRUE,6,49,N/A,,,,N/A,TRUE,TRUE,N/A,TRUE,TRUE,N/A,TRUE,TRUE,TRUE,TRUE,TRUE,TRUE,1,1,TRUE,1,1
EQCTravelStaytion,1036840,134312299,TravelStaytionAMER,4BR Nashville Hideaway - Rooftop Views - Fire Pit,USA,OnboardingSucceeded,,,True,True,N/A,TRUE,6,36,N/A,,,,N/A,TRUE,TRUE,N/A,TRUE,TRUE,N/A,TRUE,TRUE,TRUE,TRUE,TRUE,TRUE,1,1,TRUE,1,1
EQCTravelStaytion,1036767,134312048,TravelStaytionAMER,The Good Life Oasis   Luxury 5BR Home   Sleeps 16,USA,OnboardingSucceeded,,,True,True,TRUE,TRUE,6,78,N/A,,,,N/A,TRUE,TRUE,N/A,TRUE,TRUE,N/A,TRUE,TRUE,TRUE,TRUE,TRUE,TRUE,1,1,TRUE,1,1
EQCTravelStaytion,1036787,134312171,TravelStaytionAMER,Mtn Views Sleeps 8 Hot Tub Game Room Fireplace,USA,OnboardingSucceeded,,,True,True,N/A,TRUE,6,50,N/A,,,,N/A,TRUE,TRUE,N/A,TRUE,TRUE,N/A,TRUE,TRUE,TRUE,TRUE,TRUE,TRUE,1,1,TRUE,1,1
EQCTravelStaytion,1036718,134312042,TravelStaytionAMER,Near USC   Downtown     Fire Pit     Dog Friendly,USA,OnboardingSucceeded,,,True,True,N/A,TRUE,6,47,N/A,,,,N/A,TRUE,TRUE,N/A,TRUE,TRUE,N/A,TRUE,TRUE,TRUE,TRUE,TRUE,TRUE,1,1,TRUE,1,1
EQCTravelStaytion,1036784,134312234,TravelStaytionAMER,Suncrest Retreat - Pool  Pickleball  Theater,USA,OnboardingSucceeded,,,True,True,TRUE,TRUE,6,100,N/A,,,,N/A,TRUE,TRUE,N/A,TRUE,TRUE,N/A,TRUE,TRUE,TRUE,TRUE,TRUE,TRUE,1,1,TRUE,1,1
EQCTravelStaytion,1036852,134312296,TravelStaytionAMER,The Denizen   Forest Retreat  Sauna   Hot Tub,USA,OnboardingSucceeded,,,True,True,N/A,TRUE,6,45,N/A,,,,N/A,TRUE,TRUE,N/A,TRUE,TRUE,N/A,TRUE,TRUE,TRUE,TRUE,TRUE,TRUE,1,1,TRUE,1,1
EQCTravelStaytion,1036798,134312005,TravelStaytionAMER,Ultimate Backyard     Pool     Game Room     Kid s Room,USA,OnboardingSucceeded,,,True,True,TRUE,TRUE,6,97,N/A,,,,N/A,TRUE,TRUE,N/A,TRUE,TRUE,N/A,TRUE,TRUE,TRUE,TRUE,TRUE,TRUE,1,1,TRUE,1,1
EQCTravelStaytion,1036881,134312023,TravelStaytionAMER,Bryson City Cabin   Sauna   Hot Tub,USA,OnboardingSucceeded,,,True,True,TRUE,TRUE,6,60,N/A,,,,N/A,TRUE,TRUE,N/A,TRUE,TRUE,N/A,TRUE,TRUE,TRUE,TRUE,TRUE,TRUE,1,1,TRUE,1,1
EQCTravelStaytion,1036849,134312315,TravelStaytionAMER,Nashville Hideaway - Rooftop - Fire Pit Nights,USA,OnboardingSucceeded,,,True,True,N/A,TRUE,6,39,N/A,,,,N/A,TRUE,TRUE,N/A,TRUE,TRUE,N/A,TRUE,TRUE,TRUE,TRUE,TRUE,TRUE,1,1,TRUE,1,1
EQCTravelStaytion,1036747,134312197,TravelStaytionAMER,Glass Cabin Retreat w  Hot Tub  Sauna   Epic Views,USA,OnboardingSucceeded,,,True,True,N/A,TRUE,6,108,N/A,,,,N/A,TRUE,TRUE,N/A,TRUE,TRUE,N/A,TRUE,TRUE,TRUE,TRUE,TRUE,TRUE,1,1,TRUE,1,1
EQCTravelStaytion,1036721,134311985,TravelStaytionAMER,Family-Friendly Getaway     Hot Tub     View     EV Chrg,USA,OnboardingSucceeded,,,True,True,TRUE,TRUE,6,75,N/A,,,,N/A,TRUE,TRUE,N/A,TRUE,TRUE,N/A,TRUE,TRUE,TRUE,TRUE,TRUE,TRUE,1,1,TRUE,1,1
EQCTravelStaytion,1036753,134311870,TravelStaytionAMER,Flathead Lake   Sauna  Hot Tub   Skiing,USA,OnboardingSucceeded,,,True,True,N/A,TRUE,6,86,N/A,,,,N/A,TRUE,TRUE,N/A,TRUE,TRUE,N/A,TRUE,TRUE,TRUE,TRUE,TRUE,TRUE,1,1,TRUE,1,165
EQCTravelStaytion,1036687,134311903,TravelStaytionAMER,Mountain Retreat     Sauna     Outdoor Dining     Nature,USA,OnboardingSucceeded,,,False,False,TRUE,TRUE,6,50,N/A,,,,N/A,TRUE,TRUE,N/A,TRUE,TRUE,N/A,TRUE,TRUE,TRUE,TRUE,TRUE,TRUE,1,1,FALSE,1,0
EQCTravelStaytion,1036734,134312145,TravelStaytionAMER,Harbor Villa   Waterfront Pool   Spa   Firepit,USA,OnboardingSucceeded,,,True,True,N/A,TRUE,6,54,N/A,,,,N/A,TRUE,TRUE,N/A,TRUE,TRUE,N/A,TRUE,TRUE,TRUE,TRUE,TRUE,TRUE,1,1,TRUE,1,1
EQCTravelStaytion,1036670,134312285,TravelStaytionAMER,Family-Friendly Cabin  Hot Tub  Games   Views,USA,OnboardingSucceeded,,,True,True,N/A,TRUE,6,66,N/A,,,,N/A,TRUE,TRUE,N/A,TRUE,TRUE,N/A,TRUE,TRUE,TRUE,TRUE,TRUE,TRUE,1,1,TRUE,1,1
EQCTravelStaytion,1036726,134312192,TravelStaytionAMER,Mountain View     Hot Tub     Sauna     Fire Pit,USA,OnboardingSucceeded,,,True,True,N/A,TRUE,6,55,N/A,,,,N/A,TRUE,TRUE,N/A,TRUE,TRUE,N/A,TRUE,TRUE,TRUE,TRUE,TRUE,TRUE,1,1,TRUE,1,1
EQCTravelStaytion,1036705,134312037,TravelStaytionAMER,WAZ-4901 E Sunnyside Dr,USA,OnboardingSucceeded,,,False,False,TRUE,FALSE,6,3,N/A,,,,N/A,TRUE,TRUE,N/A,TRUE,TRUE,N/A,TRUE,TRUE,TRUE,TRUE,TRUE,TRUE,1,1,TRUE,1,1
EQCTravelStaytion,1036667,134311976,TravelStaytionAMER,Luminosity Escape     Pool     Hot Tub     Dog-friendly,USA,OnboardingSucceeded,,,True,True,TRUE,TRUE,6,54,N/A,,,,N/A,TRUE,TRUE,N/A,TRUE,TRUE,N/A,TRUE,TRUE,TRUE,TRUE,TRUE,TRUE,1,1,TRUE,1,1
EQCTravelStaytion,1036704,134312212,TravelStaytionAMER,Holmes Beach - Pool - Minutes to Beach - Sleeps 8,USA,OnboardingSucceeded,,,True,True,N/A,TRUE,6,40,N/A,,,,N/A,TRUE,TRUE,N/A,TRUE,TRUE,N/A,TRUE,TRUE,TRUE,TRUE,TRUE,TRUE,1,1,TRUE,1,1
EQCTravelStaytion,1036695,134312206,TravelStaytionAMER,Stunning Views  Sleeps 10 - Hot Tub - 2 Fireplaces,USA,OnboardingSucceeded,,,True,True,N/A,TRUE,6,49,N/A,,,,N/A,TRUE,TRUE,N/A,TRUE,TRUE,N/A,TRUE,TRUE,TRUE,TRUE,TRUE,TRUE,1,1,TRUE,1,1
EQCTravelStaytion,1036645,134311901,TravelStaytionAMER,Poconos Pines Escape     Sauna     Hot Tub    Playground,USA,OnboardingSucceeded,,,True,True,N/A,TRUE,6,56,N/A,,,,N/A,TRUE,TRUE,N/A,TRUE,TRUE,N/A,TRUE,TRUE,TRUE,TRUE,TRUE,TRUE,1,1,TRUE,1,1
EQCTravelStaytion,1036650,134312204,TravelStaytionAMER,Heated Pool   Game Room   Outdoor Fun   Sleeps 6,USA,OnboardingSucceeded,,,True,True,N/A,TRUE,6,51,N/A,,,,N/A,TRUE,TRUE,N/A,TRUE,TRUE,N/A,TRUE,TRUE,TRUE,TRUE,TRUE,TRUE,1,1,TRUE,1,1
EQCTravelStaytion,1036662,134311845,TravelStaytionAMER,Epic Poconos Pad  Pool  Hot Tub  Gym  Golf Sim,USA,OnboardingSucceeded,,,True,True,N/A,TRUE,6,89,N/A,,,,N/A,TRUE,TRUE,N/A,TRUE,TRUE,N/A,TRUE,TRUE,TRUE,TRUE,TRUE,TRUE,1,1,TRUE,1,1
EQCTravelStaytion,1036684,134311993,TravelStaytionAMER,Mins from Beach     Sleeps 17     Outdoor Seating,USA,OnboardingSucceeded,,,True,True,N/A,TRUE,6,60,N/A,,,,N/A,TRUE,TRUE,N/A,TRUE,TRUE,N/A,TRUE,TRUE,TRUE,TRUE,TRUE,TRUE,1,1,TRUE,1,1
EQCTravelStaytion,1036671,134312308,TravelStaytionAMER,Bluewood Escape  Sauna  Hot Tub  Game Room,USA,OnboardingSucceeded,,,True,True,N/A,TRUE,6,76,N/A,,,,N/A,TRUE,TRUE,N/A,TRUE,TRUE,N/A,TRUE,TRUE,TRUE,TRUE,TRUE,TRUE,1,1,TRUE,1,1
EQCTravelStaytion,1036698,134311871,TravelStaytionAMER,Good Times Getaway - Pool - Hot Tub - Theater Room,USA,OnboardingSucceeded,,,True,True,N/A,TRUE,6,72,N/A,,,,N/A,TRUE,TRUE,N/A,TRUE,TRUE,N/A,TRUE,TRUE,TRUE,TRUE,TRUE,TRUE,1,1,TRUE,1,1
EQCTravelStaytion,1036679,134311919,TravelStaytionAMER,Bradenton Bliss   Heated Pool   Hot Tub   Games,USA,OnboardingSucceeded,,,True,True,N/A,TRUE,6,47,N/A,,,,N/A,TRUE,TRUE,N/A,TRUE,TRUE,N/A,TRUE,TRUE,TRUE,TRUE,TRUE,TRUE,1,1,TRUE,1,164
EQCTravelStaytion,1036696,134311896,TravelStaytionAMER,Cozy Private Retreat     Hot Tub     BBQ Grill     Yard,USA,OnboardingSucceeded,,,True,True,N/A,TRUE,6,37,N/A,,,,N/A,TRUE,TRUE,N/A,TRUE,TRUE,N/A,TRUE,TRUE,TRUE,TRUE,TRUE,TRUE,1,1,TRUE,1,1
EQCTravelStaytion,1036697,134311883,TravelStaytionAMER,Steps to the Beach Pool  Courts  Family Fun,USA,OnboardingSucceeded,,,True,True,N/A,TRUE,6,69,N/A,,,,N/A,TRUE,TRUE,N/A,TRUE,TRUE,N/A,TRUE,TRUE,TRUE,TRUE,TRUE,TRUE,1,1,TRUE,1,1
EQCTravelStaytion,1036613,134312207,TravelStaytionAMER,Mountain Retreat - Sauna - Hot Tub - Fire Pit,USA,OnboardingSucceeded,,,True,True,TRUE,TRUE,6,83,N/A,,,,N/A,TRUE,TRUE,N/A,TRUE,TRUE,N/A,TRUE,TRUE,TRUE,TRUE,TRUE,TRUE,1,1,TRUE,1,1
EQCTravelStaytion,1036651,134312139,TravelStaytionAMER,Backyard Paradise     Sleeps 14     Arcade Games     Spa,USA,OnboardingSucceeded,,,True,True,N/A,TRUE,6,72,N/A,,,,N/A,TRUE,TRUE,N/A,TRUE,TRUE,N/A,TRUE,TRUE,TRUE,TRUE,TRUE,TRUE,1,1,TRUE,1,1
EQCTravelStaytion,1036630,134311930,TravelStaytionAMER,Mountain Views   Private Sauna   Wet Bar   Hot Tub,USA,OnboardingSucceeded,,,True,True,TRUE,TRUE,6,55,N/A,,,,N/A,TRUE,TRUE,N/A,TRUE,TRUE,N/A,TRUE,TRUE,TRUE,TRUE,TRUE,TRUE,1,1,TRUE,1,1
EQCTravelStaytion,1036661,134311886,TravelStaytionAMER,Poconos Summit  Indoor Hot Tub  Sauna  Games,USA,OnboardingSucceeded,,,True,True,N/A,TRUE,6,70,N/A,,,,N/A,TRUE,TRUE,N/A,TRUE,TRUE,N/A,TRUE,TRUE,TRUE,TRUE,TRUE,TRUE,1,1,TRUE,1,1
EQCTravelStaytion,1036617,134311890,TravelStaytionAMER,Briarwood Cottage     Hot Tub     Putt Putt     Games,USA,OnboardingSucceeded,,,True,True,N/A,TRUE,6,95,N/A,,,,N/A,TRUE,TRUE,N/A,TRUE,TRUE,N/A,TRUE,TRUE,TRUE,TRUE,TRUE,TRUE,1,1,TRUE,1,1
EQCTravelStaytion,1036637,134312202,TravelStaytionAMER,Stylish Stoneham Getaway  Playground  Game Room,USA,OnboardingSucceeded,,,False,False,FALSE,TRUE,6,37,N/A,,,,N/A,TRUE,TRUE,N/A,TRUE,TRUE,N/A,TRUE,TRUE,TRUE,TRUE,TRUE,TRUE,1,1,TRUE,1,1
EQCTravelStaytion,1036647,134311980,TravelStaytionAMER,Indoor Pool   Spa - Gym - Sauna - Pickleball Court,USA,OnboardingSucceeded,,,False,False,FALSE,TRUE,6,91,N/A,,,,N/A,TRUE,TRUE,N/A,TRUE,TRUE,N/A,TRUE,TRUE,TRUE,TRUE,TRUE,TRUE,1,1,TRUE,1,1
EQCTravelStaytion,1036691,134312325,TravelStaytionAMER,Downtown Flat     Walk to Dining   Shops     Sleeps 4,USA,OnboardingSucceeded,,,True,True,N/A,TRUE,6,34,N/A,,,,N/A,TRUE,TRUE,N/A,TRUE,TRUE,N/A,TRUE,TRUE,TRUE,TRUE,TRUE,TRUE,1,1,TRUE,1,153
EQCTravelStaytion,1036693,134312215,TravelStaytionAMER,Manatee Haven Pool Games Hot Tub Firepit,USA,OnboardingSucceeded,,,True,True,N/A,TRUE,6,67,N/A,,,,N/A,TRUE,TRUE,N/A,TRUE,TRUE,N/A,TRUE,TRUE,TRUE,TRUE,TRUE,TRUE,1,1,TRUE,1,1
EQCTravelStaytion,1036674,134311849,TravelStaytionAMER,Luxe Mtn Cabin - Sleeps 9 - Sauna - Hot Tub - Games,USA,OnboardingSucceeded,,,True,True,TRUE,TRUE,6,62,N/A,,,,N/A,TRUE,TRUE,N/A,TRUE,TRUE,N/A,TRUE,TRUE,TRUE,TRUE,TRUE,TRUE,1,1,TRUE,1,1
EQCTravelStaytion,1036668,134311867,TravelStaytionAMER,Private Ranch Escape     Hot Tub     Game Room     Grill,USA,OnboardingSucceeded,,,True,True,TRUE,TRUE,6,46,N/A,,,,N/A,TRUE,TRUE,N/A,TRUE,TRUE,N/A,TRUE,TRUE,TRUE,TRUE,TRUE,TRUE,1,1,TRUE,1,138
EQCTravelStaytion,1036632,134311911,TravelStaytionAMER,Mountain Retreat   Canoe   Fireplace   Views,USA,OnboardingSucceeded,,,True,True,TRUE,TRUE,6,54,N/A,,,,N/A,TRUE,TRUE,N/A,TRUE,TRUE,N/A,TRUE,TRUE,TRUE,TRUE,TRUE,TRUE,1,1,TRUE,1,1
EQCTravelStaytion,1036659,134312286,TravelStaytionAMER,Charming Savannah Getaway   Hot Tub   Sleeps 8,USA,OnboardingSucceeded,,,True,True,N/A,TRUE,6,30,N/A,,,,N/A,TRUE,TRUE,N/A,TRUE,TRUE,N/A,TRUE,TRUE,TRUE,TRUE,TRUE,TRUE,1,1,TRUE,1,1
EQCTravelStaytion,1036677,134312214,TravelStaytionAMER,Sleeps 16     Golf Simulator     Pickleball     Pool Spa,USA,OnboardingSucceeded,,,True,True,N/A,TRUE,6,63,N/A,,,,N/A,TRUE,TRUE,N/A,TRUE,TRUE,N/A,TRUE,TRUE,TRUE,TRUE,TRUE,TRUE,1,1,TRUE,1,1
EQCTravelStaytion,1036574,134311792,TravelStaytionAMER,Min to Hatley Pointe  Slps 14  Hot Tub  Game Room,USA,OnboardingSucceeded,,,True,True,TRUE,TRUE,6,63,N/A,,,,N/A,TRUE,TRUE,N/A,TRUE,TRUE,N/A,TRUE,TRUE,TRUE,TRUE,TRUE,TRUE,1,1,TRUE,1,1
EQCTravelStaytion,1036655,134311992,TravelStaytionAMER,360   Mtn Views     Fireplace     Patio     Bird Watching,USA,OnboardingSucceeded,,,True,True,TRUE,TRUE,6,44,N/A,,,,N/A,TRUE,TRUE,N/A,TRUE,TRUE,N/A,TRUE,TRUE,TRUE,TRUE,TRUE,TRUE,1,1,TRUE,1,1
EQCTravelStaytion,1036652,134311798,TravelStaytionAMER,Bloomin  Dunes - Pool  Pickleball   Tiki Bar,USA,OnboardingSucceeded,,,True,True,TRUE,TRUE,6,60,N/A,,,,N/A,TRUE,TRUE,N/A,TRUE,TRUE,N/A,TRUE,TRUE,TRUE,TRUE,TRUE,TRUE,1,1,TRUE,1,1
EQCTravelStaytion,1036636,134312071,TravelStaytionAMER,Waterfront     Walk to Beach     Pool     Kayaks     Bikes,USA,OnboardingSucceeded,,,True,True,N/A,TRUE,6,70,N/A,,,,N/A,TRUE,TRUE,N/A,TRUE,TRUE,N/A,TRUE,TRUE,TRUE,TRUE,TRUE,TRUE,1,1,TRUE,1,1
EQCTravelStaytion,1036628,134312036,TravelStaytionAMER,NEW Black Butte Ranch Sauna Hot Tub Kids Playroom,USA,OnboardingSucceeded,,,True,True,N/A,TRUE,6,69,N/A,,,,N/A,TRUE,TRUE,N/A,TRUE,TRUE,N/A,TRUE,TRUE,TRUE,TRUE,TRUE,TRUE,1,1,TRUE,1,1
EQCTravelStaytion,1036639,134312248,TravelStaytionAMER,Pah s Haus   Hot Tub   Scenic View   Dog-Friendly,USA,OnboardingSucceeded,,,True,True,N/A,TRUE,6,52,N/A,,,,N/A,TRUE,TRUE,N/A,TRUE,TRUE,N/A,TRUE,TRUE,TRUE,TRUE,TRUE,TRUE,1,1,TRUE,1,1
EQCTravelStaytion,1036633,134311902,TravelStaytionAMER,12 min to Disney     Movie Theater     Pool     In-ground spa,USA,OnboardingSucceeded,,,True,True,N/A,TRUE,6,88,N/A,,,,N/A,TRUE,TRUE,N/A,TRUE,TRUE,N/A,TRUE,TRUE,TRUE,TRUE,TRUE,TRUE,1,1,TRUE,1,1
EQCTravelStaytion,1036629,134312159,TravelStaytionAMER,Pool   Spa     Outdoor Fireplace     BBQ     Pool Table,USA,OnboardingSucceeded,,,True,True,TRUE,TRUE,6,64,N/A,,,,N/A,TRUE,TRUE,N/A,TRUE,TRUE,N/A,TRUE,TRUE,TRUE,TRUE,TRUE,TRUE,1,1,TRUE,1,1
EQCTravelStaytion,1036600,134311836,TravelStaytionAMER,Poolside Retreat     Sleeps 8     Putt Putt     Hot Tub,USA,OnboardingSucceeded,,,True,True,N/A,TRUE,6,62,N/A,,,,N/A,TRUE,TRUE,N/A,TRUE,TRUE,N/A,TRUE,TRUE,TRUE,TRUE,TRUE,TRUE,1,1,TRUE,1,1
EQCTravelStaytion,1036578,134311835,TravelStaytionAMER,Luxury 6BR Retreat - Pool  BBQ  Theater and Games,USA,OnboardingSucceeded,,,True,True,TRUE,TRUE,6,64,N/A,,,,N/A,TRUE,TRUE,N/A,TRUE,TRUE,N/A,TRUE,TRUE,TRUE,TRUE,TRUE,TRUE,1,1,TRUE,1,1
EQCTravelStaytion,1036588,134311995,TravelStaytionAMER,Epic Backyard - Private Pool - Firepit - Putt Putt,USA,OnboardingSucceeded,,,True,True,N/A,TRUE,6,60,N/A,,,,N/A,TRUE,TRUE,N/A,TRUE,TRUE,N/A,TRUE,TRUE,TRUE,TRUE,TRUE,TRUE,1,1,TRUE,1,1
EQCTravelStaytion,1036549,134311908,TravelStaytionAMER,Cozy Family Getaway w  Games  Hot Tub   Fire Pit,USA,OnboardingSucceeded,,,True,True,TRUE,TRUE,6,54,N/A,,,,N/A,TRUE,TRUE,N/A,TRUE,TRUE,N/A,TRUE,TRUE,TRUE,TRUE,TRUE,TRUE,1,1,TRUE,1,1
EQCTravelStaytion,1036558,134312033,TravelStaytionAMER,Vacation Paradise - Private Pool  Fire Pit   BBQ,USA,OnboardingSucceeded,,,True,True,N/A,TRUE,6,62,N/A,,,,N/A,TRUE,TRUE,N/A,TRUE,TRUE,N/A,TRUE,TRUE,TRUE,TRUE,TRUE,TRUE,1,1,TRUE,1,1
EQCTravelStaytion,1036576,134311979,TravelStaytionAMER,Poconos Lodge - Hot Tub   Sauna   Game Room   Fire Pit,USA,OnboardingSucceeded,,,True,True,N/A,TRUE,6,72,N/A,,,,N/A,TRUE,TRUE,N/A,TRUE,TRUE,N/A,TRUE,TRUE,TRUE,TRUE,TRUE,TRUE,1,1,TRUE,1,1
EQCTravelStaytion,1036523,134311828,TravelStaytionAMER,5 Br Sleeps 14  Hot Tub-Sauna-Movie Theatre-Arcade,USA,OnboardingSucceeded,,,True,True,N/A,TRUE,6,54,N/A,,,,N/A,TRUE,TRUE,N/A,TRUE,TRUE,N/A,TRUE,TRUE,TRUE,TRUE,TRUE,TRUE,1,1,TRUE,1,1
EQCTravelStaytion,1036594,134312181,TravelStaytionAMER,Desert Oasis   Pool  Spa  Pickleball   Theater,USA,OnboardingSucceeded,,,True,True,TRUE,TRUE,6,71,N/A,,,,N/A,TRUE,TRUE,N/A,TRUE,TRUE,N/A,TRUE,TRUE,TRUE,TRUE,TRUE,TRUE,1,1,TRUE,1,1
EQCTravelStaytion,1036603,134312269,TravelStaytionAMER,Sleeps 10     Heated Pool     Game Room     Hot Tub,USA,OnboardingSucceeded,,,True,True,N/A,TRUE,6,65,N/A,,,,N/A,TRUE,TRUE,N/A,TRUE,TRUE,N/A,TRUE,TRUE,TRUE,TRUE,TRUE,TRUE,1,1,TRUE,1,1
EQCTravelStaytion,1036577,134311789,TravelStaytionAMER,Luxe Lakefront w  Pool  Pickleball    Private Dock,USA,OnboardingSucceeded,,,True,True,N/A,TRUE,6,63,N/A,,,,N/A,TRUE,TRUE,N/A,TRUE,TRUE,N/A,TRUE,TRUE,TRUE,TRUE,TRUE,TRUE,1,1,TRUE,1,1
EQCTravelStaytion,1036526,134312064,TravelStaytionAMER,High Tide - 3 Br Sleeps 6 - Private Pool - Games,USA,OnboardingSucceeded,,,True,True,TRUE,TRUE,6,36,N/A,,,,N/A,TRUE,TRUE,N/A,TRUE,TRUE,N/A,TRUE,TRUE,TRUE,TRUE,TRUE,TRUE,1,1,TRUE,1,1
EQCTravelStaytion,1036545,134312203,TravelStaytionAMER,Sleeps 16     Hot Tub   Sauna   Dogs Welcome   Ping Pong,USA,OnboardingSucceeded,,,True,True,TRUE,TRUE,6,65,N/A,,,,N/A,TRUE,TRUE,N/A,TRUE,TRUE,N/A,TRUE,TRUE,TRUE,TRUE,TRUE,TRUE,1,1,TRUE,1,1
EQCTravelStaytion,1036559,134311776,TravelStaytionAMER,Mountain Views-Hot Tub-Games-Pool   Foosball,USA,OnboardingSucceeded,,,True,True,N/A,TRUE,6,40,N/A,,,,N/A,TRUE,TRUE,N/A,TRUE,TRUE,N/A,TRUE,TRUE,TRUE,TRUE,TRUE,TRUE,1,1,TRUE,1,1
EQCTravelStaytion,1036521,134311900,TravelStaytionAMER,Sleeps 24   Hot Tub   Game Room   Dog Friendly,USA,OnboardingSucceeded,,,True,True,TRUE,TRUE,6,43,N/A,,,,N/A,TRUE,TRUE,N/A,TRUE,TRUE,N/A,TRUE,TRUE,TRUE,TRUE,TRUE,TRUE,1,1,TRUE,1,1
EQCTravelStaytion,1036561,134312058,TravelStaytionAMER,Resort Style Backyard Tiki Bar  RENOVATED Pool,USA,OnboardingSucceeded,,,True,True,N/A,TRUE,6,54,N/A,,,,N/A,TRUE,TRUE,N/A,TRUE,TRUE,N/A,TRUE,TRUE,TRUE,TRUE,TRUE,TRUE,1,1,TRUE,1,1
EQCTravelStaytion,1036543,134311865,TravelStaytionAMER,Pineapple Paradise  1     13 min to Beach     Fire Pit,USA,OnboardingSucceeded,,,True,True,N/A,TRUE,6,34,N/A,,,,N/A,TRUE,TRUE,N/A,TRUE,TRUE,N/A,TRUE,TRUE,TRUE,TRUE,TRUE,TRUE,1,1,TRUE,1,1
EQCTravelStaytion,1036552,134312067,TravelStaytionAMER,Sleeps 10   Pool   Hot Tub   Sport Court   Pool Table,USA,OnboardingSucceeded,,,True,True,N/A,TRUE,6,66,N/A,,,,N/A,TRUE,TRUE,N/A,TRUE,TRUE,N/A,TRUE,TRUE,TRUE,TRUE,TRUE,TRUE,1,1,TRUE,1,1
EQCTravelStaytion,1036476,134312307,TravelStaytionAMER,Paradise  Htd Pool  Tiki Bar  Hot Tub    Games,USA,OnboardingSucceeded,,,True,True,N/A,TRUE,6,88,N/A,,,,N/A,TRUE,TRUE,N/A,TRUE,TRUE,N/A,TRUE,TRUE,TRUE,TRUE,TRUE,TRUE,1,1,TRUE,1,1
EQCTravelStaytion,1036524,134311773,TravelStaytionAMER,Our Last Sand Dollar Private Pool EV Boardwalk,USA,OnboardingSucceeded,,,True,True,N/A,TRUE,6,55,N/A,,,,N/A,TRUE,TRUE,N/A,TRUE,TRUE,N/A,TRUE,TRUE,TRUE,TRUE,TRUE,TRUE,1,1,TRUE,1,1
EQCTravelStaytion,1036509,134311805,TravelStaytionAMER,Hilton Head 6BR  Sleeps 18  Pool  Hot Tub  FirePit,USA,OnboardingSucceeded,,,True,True,N/A,TRUE,6,100,N/A,,,,N/A,TRUE,TRUE,N/A,TRUE,TRUE,N/A,TRUE,TRUE,TRUE,TRUE,TRUE,TRUE,1,1,TRUE,1,1
EQCTravelStaytion,1036484,134311879,TravelStaytionAMER,Sparkle Fish Private Breezeway Resort Pool,USA,OnboardingSucceeded,,,True,True,N/A,TRUE,6,36,N/A,,,,N/A,TRUE,TRUE,N/A,TRUE,TRUE,N/A,TRUE,TRUE,TRUE,TRUE,TRUE,TRUE,1,1,TRUE,1,183
EQCTravelStaytion,1036510,134311821,TravelStaytionAMER,Close to Blue Ridge   Games   Hot Tub   Fire Pit,USA,OnboardingSucceeded,,,True,True,N/A,TRUE,6,51,N/A,,,,N/A,TRUE,TRUE,N/A,TRUE,TRUE,N/A,TRUE,TRUE,TRUE,TRUE,TRUE,TRUE,1,1,TRUE,1,145
EQCTravelStaytion,1036537,134311777,TravelStaytionAMER,Lakefront Dock Hot tub Firepit Dog Friendly,USA,OnboardingSucceeded,,,True,True,TRUE,TRUE,6,45,N/A,,,,N/A,TRUE,TRUE,N/A,TRUE,TRUE,N/A,TRUE,TRUE,TRUE,TRUE,TRUE,TRUE,1,1,TRUE,1,1
EQCTravelStaytion,1036499,134312284,TravelStaytionAMER,The Desert Daydream  Heated Pool   Water Slide,USA,OnboardingSucceeded,,,True,True,TRUE,TRUE,6,77,N/A,,,,N/A,TRUE,TRUE,N/A,TRUE,TRUE,N/A,TRUE,TRUE,TRUE,TRUE,TRUE,TRUE,1,1,TRUE,1,1
EQCTravelStaytion,1036511,134311954,TravelStaytionAMER,Sleeps 20 Basketball Court Pool Movie Room,USA,OnboardingSucceeded,,,True,True,N/A,TRUE,6,77,N/A,,,,N/A,TRUE,TRUE,N/A,TRUE,TRUE,N/A,TRUE,TRUE,TRUE,TRUE,TRUE,TRUE,1,1,TRUE,1,1
EQCTravelStaytion,1036451,134312303,TravelStaytionAMER,4 Br Bradenton Home Private Pool  Outdoor Bar  W D,USA,OnboardingSucceeded,,,True,True,N/A,TRUE,6,52,N/A,,,,N/A,TRUE,TRUE,N/A,TRUE,TRUE,N/A,TRUE,TRUE,TRUE,TRUE,TRUE,TRUE,1,1,TRUE,1,1
EQCTravelStaytion,1036469,134311809,TravelStaytionAMER,Luxury 5BR - Pool  Game Room  Mini Golf  Fire Pit,USA,OnboardingSucceeded,,,True,True,TRUE,TRUE,6,84,N/A,,,,N/A,TRUE,TRUE,N/A,TRUE,TRUE,N/A,TRUE,TRUE,TRUE,TRUE,TRUE,TRUE,1,1,TRUE,1,1
EQCTravelStaytion,1036525,134311891,TravelStaytionAMER,MTN Views Hot Tub Fire Pit Pool Table Games,USA,OnboardingSucceeded,,,True,True,N/A,TRUE,6,61,N/A,,,,N/A,TRUE,TRUE,N/A,TRUE,TRUE,N/A,TRUE,TRUE,TRUE,TRUE,TRUE,TRUE,1,1,TRUE,1,1
EQCTravelStaytion,1036504,134312162,TravelStaytionAMER,Lakeside Cabin - 2 Fireplaces-Hot Tub Sauna Games,USA,OnboardingSucceeded,,,True,True,TRUE,TRUE,6,63,N/A,,,,N/A,TRUE,TRUE,N/A,TRUE,TRUE,N/A,TRUE,TRUE,TRUE,TRUE,TRUE,TRUE,1,1,TRUE,1,153
EQCTravelStaytion,1036474,134311988,TravelStaytionAMER,Padre Getaway- Fishing Dock   Pool 2 Min to Beach,USA,OnboardingSucceeded,,,True,True,N/A,TRUE,6,28,N/A,,,,N/A,TRUE,TRUE,N/A,TRUE,TRUE,N/A,TRUE,TRUE,TRUE,TRUE,TRUE,TRUE,1,1,TRUE,1,1
EQCTravelStaytion,1036516,134312075,TravelStaytionAMER,The Most Epic AZ Backyard Experience   Sleeps 20,USA,OnboardingSucceeded,,,True,True,TRUE,TRUE,6,87,N/A,,,,N/A,TRUE,TRUE,N/A,TRUE,TRUE,N/A,TRUE,TRUE,TRUE,TRUE,TRUE,TRUE,1,1,TRUE,1,1
EQCTravelStaytion,1036460,134311806,TravelStaytionAMER,Lakefront  Mtn Views  Hot Tub  Game Room    More,USA,OnboardingSucceeded,,,True,True,N/A,TRUE,6,46,N/A,,,,N/A,TRUE,TRUE,N/A,TRUE,TRUE,N/A,TRUE,TRUE,TRUE,TRUE,TRUE,TRUE,1,1,TRUE,1,1
EQCTravelStaytion,1036438,134311747,TravelStaytionAMER,7 Min to Beach   Pool  BBQ   Games Getaway,USA,OnboardingSucceeded,,,True,True,N/A,TRUE,6,47,N/A,,,,N/A,TRUE,TRUE,N/A,TRUE,TRUE,N/A,TRUE,TRUE,TRUE,TRUE,TRUE,TRUE,1,1,TRUE,1,1
EQCTravelStaytion,1036439,134311709,TravelStaytionAMER,The Brightside   Heated Pool     BBall Court     Bocce,USA,OnboardingSucceeded,,,True,True,TRUE,TRUE,6,66,N/A,,,,N/A,TRUE,TRUE,N/A,TRUE,TRUE,N/A,TRUE,TRUE,TRUE,TRUE,TRUE,TRUE,1,1,TRUE,1,1
EQCTravelStaytion,1036464,134311703,TravelStaytionAMER,4 Br Oasis Pool Tiki Hut Hot Tub Ping Pong Arcade,USA,OnboardingSucceeded,,,True,True,N/A,TRUE,6,65,N/A,,,,N/A,TRUE,TRUE,N/A,TRUE,TRUE,N/A,TRUE,TRUE,TRUE,TRUE,TRUE,TRUE,1,1,TRUE,1,1
EQCTravelStaytion,1036456,134311893,TravelStaytionAMER,Breezy Blue-Pool  Hot Tub  Minutes to Beach  Games,USA,OnboardingSucceeded,,,True,True,N/A,TRUE,6,55,N/A,,,,N/A,TRUE,TRUE,N/A,TRUE,TRUE,N/A,TRUE,TRUE,TRUE,TRUE,TRUE,TRUE,1,1,TRUE,1,1
EQCTravelStaytion,1036479,134312031,TravelStaytionAMER,Min to Hatley  Mountain Views-Hot Tub-Game Room,USA,OnboardingSucceeded,,,True,True,TRUE,TRUE,6,58,N/A,,,,N/A,TRUE,TRUE,N/A,TRUE,TRUE,N/A,TRUE,TRUE,TRUE,TRUE,TRUE,TRUE,1,1,TRUE,1,1
EQCTravelStaytion,1036448,134311783,TravelStaytionAMER,Brand-New Construction  Premier Tampa Bay Location,USA,OnboardingSucceeded,,,True,True,N/A,TRUE,6,30,N/A,,,,N/A,TRUE,TRUE,N/A,TRUE,TRUE,N/A,TRUE,TRUE,TRUE,TRUE,TRUE,TRUE,1,1,TRUE,1,1
EQCTravelStaytion,1036477,134311926,TravelStaytionAMER,The Cactus Rose  Heated Pool  Putterball   Bocce,USA,OnboardingSucceeded,,,True,True,TRUE,TRUE,6,68,N/A,,,,N/A,TRUE,TRUE,N/A,TRUE,TRUE,N/A,TRUE,TRUE,TRUE,TRUE,TRUE,TRUE,1,1,TRUE,1,1
EQCTravelStaytion,1036459,134312057,TravelStaytionAMER,Poolside Patio   Close to Westgate   Dog Friendly,USA,OnboardingSucceeded,,,True,True,TRUE,TRUE,6,50,N/A,,,,N/A,TRUE,TRUE,N/A,TRUE,TRUE,N/A,TRUE,TRUE,TRUE,TRUE,TRUE,TRUE,1,1,TRUE,1,1
EQCTravelStaytion,1036472,134311774,TravelStaytionAMER,Save The Ales Boardwalk Private Pool Sleeps 10,USA,OnboardingSucceeded,,,True,True,N/A,TRUE,6,55,N/A,,,,N/A,TRUE,TRUE,N/A,TRUE,TRUE,N/A,TRUE,TRUE,TRUE,TRUE,TRUE,TRUE,1,1,TRUE,1,1
EQCTravelStaytion,1036483,134311781,TravelStaytionAMER,Lakefront Getaway Dock Fire Pit Kayak   Games,USA,OnboardingSucceeded,,,True,True,N/A,TRUE,6,58,N/A,,,,N/A,TRUE,TRUE,N/A,TRUE,TRUE,N/A,TRUE,TRUE,TRUE,TRUE,TRUE,TRUE,1,1,TRUE,1,1
EQCTravelStaytion,1036506,134311969,TravelStaytionAMER,The Ridge  Family   Pickleball   Pool   Hot Tub,USA,OnboardingSucceeded,,,True,True,TRUE,TRUE,6,61,N/A,,,,N/A,TRUE,TRUE,N/A,TRUE,TRUE,N/A,TRUE,TRUE,TRUE,TRUE,TRUE,TRUE,1,1,TRUE,1,1
EQCTravelStaytion,1036465,134311934,TravelStaytionAMER,Copano Ridge Private Pool Priv  Dock Pet Friendly,USA,OnboardingSucceeded,,,True,True,N/A,TRUE,6,47,N/A,,,,N/A,TRUE,TRUE,N/A,TRUE,TRUE,N/A,TRUE,TRUE,TRUE,TRUE,TRUE,TRUE,1,1,TRUE,1,1
EQCTravelStaytion,1036468,134312040,TravelStaytionAMER,Walk to Downtown with Pool  Hot Tub   more access,USA,OnboardingSucceeded,,,True,True,N/A,TRUE,6,64,N/A,,,,N/A,TRUE,TRUE,N/A,TRUE,TRUE,N/A,TRUE,TRUE,TRUE,TRUE,TRUE,TRUE,1,1,TRUE,1,1
EQCTravelStaytion,1036434,134311740,TravelStaytionAMER,Epic Desert Stay   Pool  Hot Tub   Sports Court,USA,OnboardingSucceeded,,,True,True,TRUE,TRUE,6,78,N/A,,,,N/A,TRUE,TRUE,N/A,TRUE,TRUE,N/A,TRUE,TRUE,TRUE,TRUE,TRUE,TRUE,1,1,TRUE,1,1
EQCTravelStaytion,1036489,134311824,TravelStaytionAMER,4 Br Cabin   Walk to Beach   Pool Table   Arcade,USA,OnboardingSucceeded,,,True,True,N/A,TRUE,6,56,N/A,,,,N/A,TRUE,TRUE,N/A,TRUE,TRUE,N/A,TRUE,TRUE,TRUE,TRUE,TRUE,TRUE,1,1,TRUE,1,1
EQCTravelStaytion,1036447,134311832,TravelStaytionAMER,The Rusty Cactus - Heated Pool  Spa    More,USA,OnboardingSucceeded,,,True,True,TRUE,TRUE,6,76,N/A,,,,N/A,TRUE,TRUE,N/A,TRUE,TRUE,N/A,TRUE,TRUE,TRUE,TRUE,TRUE,TRUE,1,1,TRUE,1,1
EQCTravelStaytion,1036430,134311687,TravelStaytionAMER,7BR Pickleball Retreat  Heated Pool  Spa    More,USA,OnboardingSucceeded,,,True,True,TRUE,TRUE,6,107,N/A,,,,N/A,TRUE,TRUE,N/A,TRUE,TRUE,N/A,TRUE,TRUE,TRUE,TRUE,TRUE,TRUE,1,1,TRUE,1,1
EQCTravelStaytion,1036402,134311692,TravelStaytionAMER,The Sedona Sanctuary  Hot Tub   Unbeatable Views,USA,OnboardingSucceeded,,,True,True,TRUE,TRUE,6,79,N/A,,,,N/A,TRUE,TRUE,N/A,TRUE,TRUE,N/A,TRUE,TRUE,TRUE,TRUE,TRUE,TRUE,1,1,TRUE,1,1
EQCTravelStaytion,1036424,134311767,TravelStaytionAMER,Beachfront Villa  Heated Pool  Spa   Pool Table,USA,OnboardingSucceeded,,,True,True,N/A,TRUE,6,68,N/A,,,,N/A,TRUE,TRUE,N/A,TRUE,TRUE,N/A,TRUE,TRUE,TRUE,TRUE,TRUE,TRUE,1,1,TRUE,1,1
EQCTravelStaytion,1036413,134311678,TravelStaytionAMER,Views for Miles  Outdoor Fireplace  Hot Tub,USA,OnboardingSucceeded,,,True,True,N/A,TRUE,6,64,N/A,,,,N/A,TRUE,TRUE,N/A,TRUE,TRUE,N/A,TRUE,TRUE,TRUE,TRUE,TRUE,TRUE,1,1,TRUE,1,1
EQCTravelStaytion,1036429,134311782,TravelStaytionAMER,Sport Court Pool Hot Tub Pool Table Fire Pit Games,USA,OnboardingSucceeded,,,True,True,TRUE,TRUE,6,81,N/A,,,,N/A,TRUE,TRUE,N/A,TRUE,TRUE,N/A,TRUE,TRUE,TRUE,TRUE,TRUE,TRUE,1,1,TRUE,1,174
EQCTravelStaytion,1036386,134311775,TravelStaytionAMER,The Codfather- Family Friendly   2 Minute to Beach,USA,OnboardingSucceeded,,,True,True,N/A,TRUE,6,23,N/A,,,,N/A,TRUE,TRUE,N/A,TRUE,TRUE,N/A,TRUE,TRUE,TRUE,TRUE,TRUE,TRUE,1,1,TRUE,1,1
EQCTravelStaytion,1036408,134312041,TravelStaytionAMER,The Scottsdale Social  Basketball  Pool  Sleeps 18,USA,OnboardingSucceeded,,,True,True,TRUE,TRUE,6,78,N/A,,,,N/A,TRUE,TRUE,N/A,TRUE,TRUE,N/A,TRUE,TRUE,TRUE,TRUE,TRUE,TRUE,1,1,TRUE,1,1
EQCTravelStaytion,1036410,134311699,TravelStaytionAMER,The Pickle   Palm  Pool  Spa  Pickleball  Playset,USA,OnboardingSucceeded,,,True,True,TRUE,TRUE,6,86,N/A,,,,N/A,TRUE,TRUE,N/A,TRUE,TRUE,N/A,TRUE,TRUE,TRUE,TRUE,TRUE,TRUE,1,1,TRUE,1,1
EQCTravelStaytion,1036384,134311693,TravelStaytionAMER,Backyard Pickleball   HotTub   Pool   Gameroom,USA,OnboardingSucceeded,,,True,True,TRUE,TRUE,6,63,N/A,,,,N/A,TRUE,TRUE,N/A,TRUE,TRUE,N/A,TRUE,TRUE,TRUE,TRUE,TRUE,TRUE,1,1,TRUE,1,174
EQCTravelStaytion,1036370,134311745,TravelStaytionAMER,10min to Hatley Pointe Views  HotTub  FirePit,USA,OnboardingSucceeded,,,True,True,TRUE,TRUE,6,63,N/A,,,,N/A,TRUE,TRUE,N/A,TRUE,TRUE,N/A,TRUE,TRUE,TRUE,TRUE,TRUE,TRUE,1,1,TRUE,1,1
EQCTravelStaytion,1036396,134311768,TravelStaytionAMER,Mountain Views   Games   Hot Tub   Fire Pit   BBQ,USA,OnboardingSucceeded,,,True,True,N/A,TRUE,6,53,N/A,,,,N/A,TRUE,TRUE,N/A,TRUE,TRUE,N/A,TRUE,TRUE,TRUE,TRUE,TRUE,TRUE,1,1,TRUE,1,160
EQCTravelStaytion,1036397,134311753,TravelStaytionAMER,Casa Citrus  6BR  Heated Pool  Spa  Modern Design,USA,OnboardingSucceeded,,,True,True,TRUE,TRUE,6,50,N/A,,,,N/A,TRUE,TRUE,N/A,TRUE,TRUE,N/A,TRUE,TRUE,TRUE,TRUE,TRUE,TRUE,1,1,TRUE,1,1
EQCTravelStaytion,1036395,134311700,TravelStaytionAMER,Pickleball Paradise  Sleeps 16   Pool   Hot Tub,USA,OnboardingSucceeded,,,True,True,TRUE,TRUE,6,72,N/A,,,,N/A,TRUE,TRUE,N/A,TRUE,TRUE,N/A,TRUE,TRUE,TRUE,TRUE,TRUE,TRUE,1,1,TRUE,1,1
EQCTravelStaytion,1036392,134311897,TravelStaytionAMER,Rock Climbing Wall Pool  Mini Golf Game Room Mural,USA,OnboardingSucceeded,,,True,True,TRUE,TRUE,6,52,N/A,,,,N/A,TRUE,TRUE,N/A,TRUE,TRUE,N/A,TRUE,TRUE,TRUE,TRUE,TRUE,TRUE,1,1,TRUE,1,1
EQCTravelStaytion,1036373,134311790,TravelStaytionAMER,Epic Yard  Movie Theater  Pool  Arcade Games,USA,OnboardingSucceeded,,,True,True,N/A,TRUE,6,46,N/A,,,,N/A,TRUE,TRUE,N/A,TRUE,TRUE,N/A,TRUE,TRUE,TRUE,TRUE,TRUE,TRUE,1,1,TRUE,1,1
EQCTravelStaytion,1036390,134311763,TravelStaytionAMER,A Desert Dream   Perfect Getaway in Old Town,USA,OnboardingSucceeded,,,True,True,TRUE,TRUE,6,81,N/A,,,,N/A,TRUE,TRUE,N/A,TRUE,TRUE,N/A,TRUE,TRUE,TRUE,TRUE,TRUE,TRUE,1,1,TRUE,1,1
EQCTravelStaytion,1036358,134311735,TravelStaytionAMER,Tiki Bar Pool Putt Putt 1 Mile from BEACH,USA,OnboardingSucceeded,,,True,True,N/A,TRUE,6,54,N/A,,,,N/A,TRUE,TRUE,N/A,TRUE,TRUE,N/A,TRUE,TRUE,TRUE,TRUE,TRUE,TRUE,1,1,TRUE,1,1
EQCTravelStaytion,1036385,134311756,TravelStaytionAMER,3 miles to Honeymoon Island  Firepit   Pool,USA,OnboardingSucceeded,,,True,True,N/A,TRUE,6,25,N/A,,,,N/A,TRUE,TRUE,N/A,TRUE,TRUE,N/A,TRUE,TRUE,TRUE,TRUE,TRUE,TRUE,1,1,TRUE,1,1
EQCTravelStaytion,1036356,134311885,TravelStaytionAMER,The Summit in Mars Hill,USA,OnboardingSucceeded,,,True,True,TRUE,TRUE,6,50,N/A,,,,N/A,TRUE,TRUE,N/A,TRUE,TRUE,N/A,TRUE,TRUE,TRUE,TRUE,TRUE,TRUE,1,1,TRUE,1,1
EQCTravelStaytion,1036360,134311668,TravelStaytionAMER,Casa de Oro  360   Desert Views  Pool   Spa,USA,OnboardingSucceeded,,,True,True,TRUE,TRUE,6,85,N/A,,,,N/A,TRUE,TRUE,N/A,TRUE,TRUE,N/A,TRUE,TRUE,TRUE,TRUE,TRUE,TRUE,1,1,TRUE,1,1
EQCTravelStaytion,1036352,134312063,TravelStaytionAMER,1 Mile to Honeymoon Island  Pool  Putt Putt,USA,OnboardingSucceeded,,,True,True,N/A,TRUE,6,58,N/A,,,,N/A,TRUE,TRUE,N/A,TRUE,TRUE,N/A,TRUE,TRUE,TRUE,TRUE,TRUE,TRUE,1,1,TRUE,1,1
EQCTravelStaytion,1036341,134312045,TravelStaytionAMER,Coastal Casa-Ocean Views   Family Friendly   5BR,USA,OnboardingSucceeded,,,True,True,N/A,TRUE,6,66,N/A,,,,N/A,TRUE,TRUE,N/A,TRUE,TRUE,N/A,TRUE,TRUE,TRUE,TRUE,TRUE,TRUE,1,1,TRUE,1,1
EQCTravelStaytion,1036339,134311686,TravelStaytionAMER,Paradise Ahoy  New Private Pool  Decks with Views,USA,OnboardingSucceeded,,,True,True,N/A,TRUE,6,49,N/A,,,,N/A,TRUE,TRUE,N/A,TRUE,TRUE,N/A,TRUE,TRUE,TRUE,TRUE,TRUE,TRUE,1,1,TRUE,1,1
EQCTravelStaytion,1036330,134311656,TravelStaytionAMER,Sweet Home La Cabana Patio   BBQ  Community Pool,USA,OnboardingSucceeded,,,True,True,N/A,TRUE,6,35,N/A,,,,N/A,TRUE,TRUE,N/A,TRUE,TRUE,N/A,TRUE,TRUE,TRUE,TRUE,TRUE,TRUE,1,1,TRUE,1,1
EQCTravelStaytion,1036314,134311705,TravelStaytionAMER,Sea Escape-Boardwalk Access Large Community Pool,USA,OnboardingSucceeded,,,True,True,N/A,TRUE,6,27,N/A,,,,N/A,TRUE,TRUE,N/A,TRUE,TRUE,N/A,TRUE,TRUE,TRUE,TRUE,TRUE,TRUE,1,1,TRUE,1,1
EQCTravelStaytion,1036327,134311754,TravelStaytionAMER,Piggy s Perch- 2 Balconies   Direct Pool Access,USA,OnboardingSucceeded,,,True,True,N/A,TRUE,6,50,N/A,,,,N/A,TRUE,TRUE,N/A,TRUE,TRUE,N/A,TRUE,TRUE,TRUE,TRUE,TRUE,TRUE,1,1,TRUE,1,1
EQCTravelStaytion,1036333,134311749,TravelStaytionAMER,Casa Bella- Community Pool View   0 3 mi to Beach,USA,OnboardingSucceeded,,,True,True,N/A,TRUE,6,34,N/A,,,,N/A,TRUE,TRUE,N/A,TRUE,TRUE,N/A,TRUE,TRUE,TRUE,TRUE,TRUE,TRUE,1,1,TRUE,1,1
EQCTravelStaytion,1036306,134311720,TravelStaytionAMER,Happy Harbor 2 Resort Style Pools  Playground,USA,OnboardingSucceeded,,,True,True,N/A,TRUE,6,40,N/A,,,,N/A,TRUE,TRUE,N/A,TRUE,TRUE,N/A,TRUE,TRUE,TRUE,TRUE,TRUE,TRUE,1,1,TRUE,1,1
EQCTravelStaytion,1036320,134311820,TravelStaytionAMER,Highway 9 Private Pool BBQ,USA,OnboardingSucceeded,,,True,True,N/A,TRUE,6,46,N/A,,,,N/A,TRUE,TRUE,N/A,TRUE,TRUE,N/A,TRUE,TRUE,TRUE,TRUE,TRUE,TRUE,1,1,TRUE,1,1
EQCTravelStaytion,1036289,134311670,TravelStaytionAMER,Old Oak Lodge  Mtn Getaway  Views  Hot Tub,USA,OnboardingSucceeded,,,True,True,TRUE,TRUE,6,41,N/A,,,,N/A,TRUE,TRUE,N/A,TRUE,TRUE,N/A,TRUE,TRUE,TRUE,TRUE,TRUE,TRUE,1,1,TRUE,1,1
EQCTravelStaytion,1036319,134311648,TravelStaytionAMER,Toucan Tango- Golf Cart Friendly   3BD Home,USA,OnboardingSucceeded,,,True,True,N/A,TRUE,6,34,N/A,,,,N/A,TRUE,TRUE,N/A,TRUE,TRUE,N/A,TRUE,TRUE,TRUE,TRUE,TRUE,TRUE,1,1,TRUE,1,1
EQCTravelStaytion,1036301,134311673,TravelStaytionAMER,Reel Paradise Community Pool Sleeps 10,USA,OnboardingSucceeded,,,True,True,N/A,TRUE,6,28,N/A,,,,N/A,TRUE,TRUE,N/A,TRUE,TRUE,N/A,TRUE,TRUE,TRUE,TRUE,TRUE,TRUE,1,1,TRUE,1,1
EQCTravelStaytion,1036292,134311707,TravelStaytionAMER,2 Miles to Beach  Fire pit   Heated Pool   PuttPutt,USA,OnboardingSucceeded,,,False,False,N/A,TRUE,6,41,N/A,,,,N/A,TRUE,TRUE,N/A,TRUE,TRUE,N/A,TRUE,TRUE,TRUE,TRUE,TRUE,TRUE,1,1,FALSE,1,0
EQCTravelStaytion,1036331,134311651,TravelStaytionAMER,Beach Shak- Pool View   Private Apartment,USA,OnboardingSucceeded,,,True,True,N/A,TRUE,6,21,N/A,,,,N/A,TRUE,TRUE,N/A,TRUE,TRUE,N/A,TRUE,TRUE,TRUE,TRUE,TRUE,TRUE,1,1,TRUE,1,1
EQCTravelStaytion,1036291,134311645,TravelStaytionAMER,Mountain Views   Hot Tub   Fire Pit   BBQ,USA,OnboardingSucceeded,,,True,True,N/A,TRUE,6,30,N/A,,,,N/A,TRUE,TRUE,N/A,TRUE,TRUE,N/A,TRUE,TRUE,TRUE,TRUE,TRUE,TRUE,1,1,TRUE,1,1
EQCTravelStaytion,1036308,134311815,TravelStaytionAMER,Isle Getaway Boardwalk to Beach Community Pool,USA,OnboardingSucceeded,,,True,True,N/A,TRUE,6,24,N/A,,,,N/A,TRUE,TRUE,N/A,TRUE,TRUE,N/A,TRUE,TRUE,TRUE,TRUE,TRUE,TRUE,1,1,TRUE,1,1
EQCTravelStaytion,1036294,134311947,TravelStaytionAMER,A Salty Day Getaway  Beach Boardwalk   Large Pool,USA,OnboardingSucceeded,,,True,True,N/A,TRUE,6,24,N/A,,,,N/A,TRUE,TRUE,N/A,TRUE,TRUE,N/A,TRUE,TRUE,TRUE,TRUE,TRUE,TRUE,1,1,TRUE,1,1
EQCTravelStaytion,1036277,134311646,TravelStaytionAMER,Near Asheville  Hot Tub Fire Pit BBQ,USA,OnboardingSucceeded,,,True,True,TRUE,TRUE,6,86,N/A,,,,N/A,TRUE,TRUE,N/A,TRUE,TRUE,N/A,TRUE,TRUE,TRUE,TRUE,TRUE,TRUE,1,1,TRUE,1,1
EQCTravelStaytion,1036032,134311721,TravelStaytionAMER,18 Hole Golf - Views For Miles - Hot Tub - Theater,USA,OnboardingSucceeded,,,True,True,TRUE,TRUE,6,64,N/A,,,,N/A,TRUE,TRUE,N/A,TRUE,TRUE,N/A,TRUE,TRUE,TRUE,TRUE,TRUE,TRUE,1,1,TRUE,1,1
EQCTravelStaytion,1036280,134311685,TravelStaytionAMER,10 Mins to Beach-Heated Pool Ping Pong Pool Table,USA,OnboardingSucceeded,,,True,True,N/A,TRUE,6,55,N/A,,,,N/A,TRUE,TRUE,N/A,TRUE,TRUE,N/A,TRUE,TRUE,TRUE,TRUE,TRUE,TRUE,1,1,TRUE,1,1
EQCTravelStaytion,1036273,134311722,TravelStaytionAMER,Heated Pool - Luxury Kitchen - 1 Mile to Beach,USA,OnboardingSucceeded,,,True,True,N/A,TRUE,6,62,N/A,,,,N/A,TRUE,TRUE,N/A,TRUE,TRUE,N/A,TRUE,TRUE,TRUE,TRUE,TRUE,TRUE,1,1,TRUE,1,1
EQCTravelStaytion,1036037,134311635,TravelStaytionAMER,Scottsdale Oasis   Pickleball  Pool  Spa   Hoops,USA,OnboardingSucceeded,,,True,True,TRUE,TRUE,6,66,N/A,,,,N/A,TRUE,TRUE,N/A,TRUE,TRUE,N/A,TRUE,TRUE,TRUE,TRUE,TRUE,TRUE,1,1,TRUE,1,1
EQCTravelStaytion,1052460,134306923,EQCTravelStaytion,Hartley Hill Gem - Modern Apartment Near Leeds Centre,GBR,OnboardingSucceeded,,,True,True,TRUE,TRUE,6,16,N/A,,,,N/A,TRUE,TRUE,N/A,TRUE,TRUE,N/A,TRUE,TRUE,TRUE,TRUE,TRUE,TRUE,1,1,TRUE,1,1
EQCTravelStaytion,1052299,134301473,TravelStaytionGRC,17 LCA  106  - STAY Finikoudes Nest 3,CYP,OnboardingSucceeded,,,True,True,N/A,TRUE,6,25,N/A,,,,N/A,TRUE,TRUE,N/A,TRUE,TRUE,N/A,TRUE,TRUE,TRUE,TRUE,TRUE,TRUE,1,1,TRUE,1,1
EQCTravelStaytion,1030153,134301360,EQCTravelStaytion,Comfy 3BR House   Near Tottenham Stadium   Parking,GBR,OnboardingSucceeded,,,False,False,FALSE,TRUE,6,44,N/A,,,,N/A,TRUE,TRUE,N/A,TRUE,TRUE,N/A,TRUE,TRUE,TRUE,TRUE,TRUE,TRUE,1,1,TRUE,1,1
EQCTravelStaytion,1052459,134306921,EQCTravelStaytion,Stylish 2BR Apartment  Jewellery Quarter  2 Ensuites  Fast WiFi  8 Min to New St Station,GBR,OnboardingSucceeded,,,True,True,TRUE,TRUE,6,42,N/A,,,,N/A,TRUE,TRUE,N/A,TRUE,TRUE,N/A,TRUE,TRUE,TRUE,TRUE,TRUE,TRUE,1,1,TRUE,1,1
EQCTravelStaytion,1052457,134306920,EQCTravelStaytion,Free housekeeping visits during your stay - StayShort - Vibrant 1-Bedroom Apartment at 1 Residences West in Za abeel,ARE,OnboardingSucceeded,,,False,False,FALSE,TRUE,6,38,N/A,,,,N/A,TRUE,TRUE,N/A,TRUE,TRUE,N/A,TRUE,TRUE,TRUE,TRUE,TRUE,TRUE,1,1,TRUE,1,1
EQCTravelStaytion,1030154,134301357,EQCTravelStaytion,Cosy 4BR Home   Parking   Piccadilly   Sleeps 9,GBR,OnboardingSucceeded,,,False,False,FALSE,TRUE,6,49,N/A,,,,N/A,TRUE,TRUE,N/A,TRUE,TRUE,N/A,TRUE,TRUE,TRUE,TRUE,TRUE,TRUE,1,1,TRUE,1,1
EQCTravelStaytion,1051238,134215291,EQCTravelStaytion,MetaWise BnB Bright 1Bed Loft Near The Star   CBD,AUS,OnboardingSucceeded,,,True,True,TRUE,TRUE,6,17,N/A,,,,N/A,TRUE,TRUE,N/A,TRUE,TRUE,N/A,TRUE,TRUE,TRUE,TRUE,TRUE,TRUE,1,1,TRUE,1,1
EQCTravelStaytion,1051275,134215290,TravelStaytionAMER,Casa com Piscina em Condom  nio no Recreio,BRA,OnboardingSucceeded,,,True,True,TRUE,TRUE,6,39,N/A,,,,N/A,TRUE,TRUE,N/A,TRUE,TRUE,N/A,TRUE,TRUE,TRUE,TRUE,TRUE,TRUE,1,1,TRUE,1,1
EQCTravelStaytion,1051240,134215289,TravelStaytionAMER,NOK Caribbean 1BR Retreat By Vistacana,DOM,OnboardingSucceeded,,,True,True,N/A,TRUE,6,29,N/A,,,,N/A,TRUE,TRUE,N/A,TRUE,TRUE,N/A,TRUE,TRUE,TRUE,TRUE,TRUE,TRUE,1,1,TRUE,1,1
